// 'configScreen_bottom', 240x65px
// Icon width and height
const uint16_t configScreenBottomWidth = 240;
const uint16_t configScreenBottomHeight = 65;

const uint16_t poolStatsBottomWidth = 240;
const uint16_t poolStatsBottomHeight = 65;

// 'configScreenBottom', 240x65px
const uint16_t configScreenBottom [0x3CF0] PROGMEM = {
	0xde80, 0xe6c0, 0xb560, 0x0840, 0x0840, 0x1080, 0x0020, 0x62e0, 0xde80, 0xe6c0, 0xbda0, 0x0860, 0x0000, 0xa4c0, 0xe6c0, 0xdea0, 
	0xb560, 0x18e0, 0x0000, 0x0840, 0x0020, 0x9ca0, 0xef00, 0x6300, 0x0000, 0x0840, 0x0000, 0x4220, 0xce00, 0x0020, 0x7360, 0xf740, 
	0xad20, 0x0000, 0x7bc0, 0xf740, 0xad00, 0x0000, 0x9cc0, 0xef00, 0x7b80, 0x0840, 0x0840, 0x0000, 0x2940, 0xbd80, 0xeee0, 0xb560, 
	0x0840, 0x0840, 0x1080, 0x0000, 0x4a60, 0xde80, 0xce20, 0x1080, 0x0020, 0x0860, 0x0020, 0x2920, 0xa4e1, 0xde61, 0xce21, 0xde61, 
	0xd641, 0xce02, 0xce02, 0xce02, 0xce02, 0xce02, 0xcde2, 0xcde3, 0xc5e3, 0xc5c3, 0xc5c3, 0xc5c3, 0xc5c3, 0xc5a4, 0xc5a4, 0xbda4, 
	0xbda4, 0xbd84, 0xbd84, 0xbd85, 0xbd65, 0xbd65, 0xbd65, 0xb565, 0xb545, 0xb546, 0xb546, 0xb546, 0xb526, 0xb526, 0xb526, 0xad26, 
	0xad07, 0xad07, 0xad07, 0xace7, 0xace8, 0x9ca9, 0x8c29, 0x7368, 0x5266, 0x18c1, 0x9c8e, 0xffff, 0xa514, 0x0000, 0x0000, 0x0000, 
	0x0000, 0x0000, 0x0000, 0xad55, 0xffff, 0xffff, 0xffff, 0xffff, 0xffff, 0xffff, 0xffff, 0xffff, 0xffff, 0xffff, 0xffff, 0xffff, 
	0xffff, 0xffff, 0xffff, 0xffff, 0xffff, 0xffff, 0xffff, 0xffff, 0xffff, 0xffff, 0xffff, 0xffff, 0xffff, 0xffff, 0xffff, 0xffff, 
	0xffff, 0xffff, 0xbdd7, 0x0000, 0x0000, 0x0000, 0x0000, 0x0000, 0x0000, 0x0000, 0x0020, 0x0000, 0x39c7, 0xffdf, 0xffff, 0xffff, 
	0x31a6, 0x0000, 0x0000, 0x0000, 0x0000, 0x0000, 0x0000, 0x0000, 0x0000, 0x0000, 0x0000, 0x0020, 0x0000, 0x632c, 0xffff, 0xffff, 
	0xffff, 0xffff, 0xffff, 0xffff, 0x4a69, 0x0000, 0x0020, 0x0000, 0x0000, 0x0000, 0x0000, 0x0000, 0x0000, 0x0000, 0xa534, 0xffff, 
	0xffff, 0xa534, 0x0000, 0x0000, 0x0000, 0x0000, 0x0000, 0x0000, 0x0000, 0x0000, 0x0000, 0x528a, 0xffff, 0xffff, 0xffff, 0xffff, 
	0xffff, 0xffff, 0xffff, 0xffff, 0xffff, 0xbdf7, 0x0000, 0x0000, 0x0000, 0x0000, 0x0000, 0x0000, 0x0000, 0x0000, 0x0000, 0x0000, 
	0x0000, 0x0000, 0x0000, 0xc638, 0xffff, 0xffdf, 0xffff, 0xffff, 0xffff, 0xf7be, 0x10a2, 0x0000, 0x0000, 0x0000, 0x0000, 0x0000, 
	0xde80, 0xe6c0, 0xb580, 0x0000, 0x6b40, 0xce20, 0x6b20, 0x0000, 0x9cc0, 0xf740, 0x7380, 0x0020, 0x0840, 0x5280, 0xe6e0, 0xe6c0, 
	0x4a40, 0x0860, 0xbda0, 0xbda0, 0x62e0, 0xb560, 0xbda0, 0x0000, 0x6b40, 0xd640, 0x8c20, 0x7360, 0xe6c0, 0x2100, 0x39e0, 0xf740, 
	0x7ba0, 0x0000, 0x4a20, 0xf740, 0x7ba0, 0x0000, 0xd660, 0xa4c0, 0x0000, 0x5ac0, 0xbda0, 0xa4e0, 0x10a0, 0x2940, 0xe6c0, 0xb580, 
	0x0000, 0x7360, 0xd640, 0x7360, 0x0000, 0xa4e0, 0xde80, 0x0000, 0x5260, 0xbd80, 0x9440, 0x20e0, 0x1060, 0xbda1, 0xd641, 0x9ca1, 
	0xbd81, 0xd622, 0xce02, 0xce02, 0xce02, 0xce02, 0xcde2, 0xcde3, 0xc5e3, 0xc5c3, 0xc5c3, 0xc5c3, 0xc5c3, 0xc5a4, 0xc5a4, 0xbda4, 
	0xbda4, 0xbd84, 0xbd84, 0xbd85, 0xbd65, 0xbd65, 0xbd65, 0xb565, 0xb545, 0xb546, 0xb546, 0xb546, 0xb526, 0xb526, 0xb526, 0xad26, 
	0xad07, 0xad07, 0xad07, 0xace7, 0xace8, 0x9ca9, 0x8c29, 0x7368, 0x5266, 0x18c1, 0x9c8e, 0xffff, 0xa514, 0x0000, 0x0000, 0x0000, 
	0x0000, 0x0000, 0x0000, 0xad55, 0xffff, 0xffff, 0xffff, 0xffff, 0xffff, 0xffff, 0xffff, 0xffff, 0xffff, 0xffff, 0xffff, 0xffff, 
	0xffff, 0xffff, 0xffff, 0xffff, 0xffff, 0xffff, 0xffff, 0xffff, 0xffff, 0xffff, 0xffff, 0xffff, 0xffff, 0xffff, 0xffff, 0xffff, 
	0xffdf, 0xffff, 0xbdd7, 0x0020, 0x0000, 0x0000, 0x0000, 0x0000, 0x0000, 0x0000, 0x0000, 0x0000, 0x3186, 0xef7d, 0xffff, 0xffdf, 
	0x31a6, 0x0000, 0x0000, 0x0000, 0x0000, 0x0000, 0x0000, 0x0000, 0x0000, 0x0000, 0x0000, 0x0020, 0x0000, 0x630c, 0xffff, 0xffdf, 
	0xffff, 0xffff, 0xffff, 0xffff, 0x4a49, 0x0000, 0x0000, 0x0000, 0x0000, 0x0000, 0x0000, 0x0000, 0x0000, 0x0000, 0xad75, 0xffff, 
	0xffff, 0xad55, 0x0000, 0x0000, 0x0000, 0x0000, 0x0000, 0x0000, 0x0000, 0x0000, 0x0000, 0x528a, 0xffff, 0xffdf, 0xffff, 0xffff, 
	0xffff, 0xffff, 0xffff, 0xffdf, 0xffff, 0xb5b6, 0x0000, 0x0000, 0x0000, 0x0000, 0x0000, 0x0000, 0x0000, 0x0000, 0x0000, 0x0000, 
	0x0000, 0x0000, 0x0020, 0xce79, 0xffff, 0xffff, 0xffff, 0xffff, 0xffff, 0xf7be, 0x10a2, 0x0000, 0x0000, 0x0000, 0x0000, 0x0000, 
	0xde80, 0xe6c0, 0xb580, 0x0000, 0x9460, 0xffe0, 0xb560, 0x0000, 0x8c00, 0xef20, 0x2100, 0x5260, 0x6b20, 0x0020, 0xd620, 0xef00, 
	0x5260, 0x0020, 0x9c80, 0xce20, 0xeee0, 0xef00, 0xbd80, 0x0000, 0x5260, 0xbda0, 0xde80, 0xef00, 0xef00, 0x5aa0, 0x0860, 0xe6c0, 
	0x4a40, 0x0000, 0x18c0, 0xdea0, 0x4a60, 0x2100, 0xef00, 0x4a60, 0x0860, 0xde80, 0xe6c0, 0xf740, 0x83e0, 0x0000, 0xbd80, 0xbdc0, 
	0x0000, 0x83e0, 0xf760, 0x9460, 0x0000, 0xad20, 0xde80, 0x0000, 0x6b40, 0xef20, 0xe6c1, 0xad00, 0x0000, 0x83e0, 0xc5c1, 0x0000, 
	0x5aa0, 0xde82, 0xce02, 0xce02, 0xce02, 0xce02, 0xcde2, 0xcde3, 0xc5e3, 0xc5c3, 0xc5c3, 0xc5c3, 0xc5c3, 0xc5a4, 0xc5a4, 0xbda4, 
	0xbda4, 0xbd84, 0xbd84, 0xbd85, 0xbd65, 0xbd65, 0xbd65, 0xb565, 0xb545, 0xb546, 0xb546, 0xb546, 0xb526, 0xb526, 0xb526, 0xad26, 
	0xad07, 0xad07, 0xad07, 0xace7, 0xace8, 0x9ca9, 0x8c29, 0x7368, 0x5266, 0x18c1, 0x9c8e, 0xffff, 0xa514, 0x0000, 0x0000, 0x0000, 
	0x0000, 0x0000, 0x0000, 0xad55, 0xffff, 0xffdf, 0xffff, 0xf7be, 0x8c71, 0x7bef, 0x8410, 0x8410, 0x8410, 0x8410, 0x8410, 0x8410, 
	0x8410, 0x8410, 0x8410, 0x8410, 0x8410, 0x8410, 0x8410, 0x8410, 0x8410, 0x8410, 0x8410, 0x8410, 0x8410, 0x8410, 0x7bcf, 0xc618, 
	0xffff, 0xffff, 0xbdd7, 0x0000, 0x0000, 0x0020, 0x6b4d, 0x8410, 0x7bcf, 0x7bef, 0x7bef, 0x73ae, 0x94b2, 0xf7be, 0xffff, 0xffdf, 
	0x31a6, 0x0000, 0x0000, 0x39c7, 0x8430, 0x7bcf, 0x7bef, 0x7bef, 0x7bef, 0x7bef, 0x7bef, 0x7bef, 0x73ae, 0xad75, 0xffff, 0xffff, 
	0xef5d, 0x8c51, 0x7bef, 0x8410, 0x7bef, 0x7bef, 0x7bef, 0x7bef, 0x7bef, 0x7bef, 0x7bef, 0x7bef, 0x7bef, 0x7bcf, 0x7bef, 0x8410, 
	0x8c51, 0x5acb, 0x0000, 0x0000, 0x0000, 0x0000, 0x0000, 0x0000, 0x0000, 0x0000, 0x0000, 0x528a, 0xffff, 0xffff, 0xf7be, 0x9492, 
	0x7bef, 0x7bef, 0xc638, 0xffff, 0xffff, 0xb5b6, 0x0000, 0x0000, 0x0000, 0x0000, 0x0000, 0x0000, 0x4208, 0x8410, 0x8410, 0x630c, 
	0x0020, 0x0000, 0x0000, 0x6b4d, 0x8c51, 0x7bcf, 0xc638, 0xffff, 0xffff, 0xf7be, 0x10a2, 0x0000, 0x0000, 0x0000, 0x0000, 0x0000, 
	0xde80, 0xe6c0, 0xb560, 0x0000, 0x3180, 0x62e0, 0x18c0, 0x0860, 0xce00, 0xbda0, 0x0000, 0xad00, 0xce00, 0x0000, 0x9460, 0xef20, 
	0xbd80, 0x2120, 0x0000, 0x0000, 0x3180, 0xb580, 0xe6e0, 0x6b40, 0x0000, 0x0000, 0x0840, 0x7360, 0xef00, 0x8c20, 0x0000, 0xb560, 
	0x20e0, 0x6b20, 0x1080, 0xa500, 0x2100, 0x5280, 0xef20, 0x3160, 0x2940, 0xdea0, 0xde60, 0xe6c0, 0xa4c0, 0x0000, 0x9ca0, 0xc5c0, 
	0x0000, 0x1080, 0x20e0, 0x0020, 0x7ba0, 0xe6c0, 0xce20, 0x0000, 0x6b20, 0xe6e0, 0xd641, 0xcde1, 0x0000, 0x6300, 0xde81, 0x7ba1, 
	0xad01, 0xd642, 0xce02, 0xce02, 0xce02, 0xce02, 0xcde2, 0xcde3, 0xc5e3, 0xc5c3, 0xc5c3, 0xc5c3, 0xc5c3, 0xc5a4, 0xc5a4, 0xbda4, 
	0xbda4, 0xbd84, 0xbd84, 0xbd85, 0xbd65, 0xbd65, 0xbd65, 0xb565, 0xb545, 0xb546, 0xb546, 0xb546, 0xb526, 0xb526, 0xb526, 0xad26, 
	0xad07, 0xad07, 0xad07, 0xace7, 0xace8, 0x9ca9, 0x8c29, 0x7368, 0x5266, 0x18c1, 0x9c8e, 0xffff, 0xa514, 0x0000, 0x0000, 0x0000, 
	0x0000, 0x0000, 0x0000, 0xad55, 0xffff, 0xffdf, 0xffff, 0xef7d, 0x18c3, 0x0000, 0x0000, 0x0000, 0x0000, 0x0000, 0x0000, 0x0000, 
	0x0000, 0x0000, 0x0000, 0x0000, 0x0000, 0x0000, 0x0000, 0x0000, 0x0000, 0x0000, 0x0000, 0x0000, 0x0000, 0x0000, 0x0000, 0x8410, 
	0xffff, 0xffff, 0xbdd7, 0x0020, 0x0000, 0x0841, 0xdedb, 0xffff, 0xffff, 0xffff, 0xffff, 0xffff, 0xffff, 0xffff, 0xffff, 0xffdf, 
	0x31a6, 0x0000, 0x0000, 0x73ae, 0xffff, 0xffff, 0xffff, 0xffff, 0xffff, 0xffff, 0xffff, 0xffff, 0xffff, 0xffff, 0xffff, 0xffff, 
	0xd6ba, 0x1082, 0x0000, 0x0000, 0xb5b6, 0xffff, 0xffff, 0xffff, 0xffff, 0xffff, 0xffff, 0xffff, 0xffff, 0xffff, 0x528a, 0x0000, 
	0x0000, 0x0000, 0x0000, 0x0000, 0x0000, 0x0000, 0x0000, 0x0000, 0x0000, 0x0000, 0x0000, 0x528a, 0xffff, 0xffff, 0xf79e, 0x2124, 
	0x0000, 0x0000, 0x8c71, 0xffff, 0xffff, 0xb5b6, 0x0000, 0x0000, 0x0000, 0x0000, 0x0000, 0x0000, 0x8430, 0xffff, 0xffff, 0xc638, 
	0x0020, 0x0000, 0x0000, 0x0000, 0x0020, 0x0000, 0x8c71, 0xffff, 0xffff, 0xf7be, 0x10a2, 0x0000, 0x0000, 0x0000, 0x0000, 0x0000, 
	0xde80, 0xe6c0, 0xb560, 0x0000, 0x2120, 0x41e0, 0x5280, 0xad20, 0xf720, 0x7360, 0x0000, 0x5280, 0x5ae0, 0x0000, 0x5260, 0xe6e0, 
	0xe6e0, 0xe6a0, 0xad20, 0x7b80, 0x0020, 0x41e0, 0xe6e0, 0xef00, 0xce00, 0x9c80, 0x41e0, 0x0000, 0xad20, 0xc5e0, 0x0020, 0x5280, 
	0x18c0, 0xc5e0, 0x2100, 0x5280, 0x1060, 0x8400, 0xf720, 0x39c0, 0x20e0, 0xe6a0, 0xde60, 0xef00, 0x9c80, 0x0000, 0xad00, 0xc5c0, 
	0x0000, 0x5280, 0x83e0, 0x0020, 0x6b20, 0xeee0, 0xce20, 0x0000, 0x6b20, 0xe6e0, 0xde81, 0xbda1, 0x0000, 0x6b20, 0xe6c1, 0xdea1, 
	0xd662, 0xce02, 0xce02, 0xce02, 0xce02, 0xce02, 0xcde2, 0xcde3, 0xc5e3, 0xc5c3, 0xc5c3, 0xc5c3, 0xc5c3, 0xc5a4, 0xc5a4, 0xbda4, 
	0xbda4, 0xbd84, 0xbd84, 0xbd85, 0xbd65, 0xbd65, 0xbd65, 0xb565, 0xb545, 0xb546, 0xb546, 0xb546, 0xb526, 0xb526, 0xb526, 0xad26, 
	0xad07, 0xad07, 0xad07, 0xace7, 0xace8, 0x9ca9, 0x8c29, 0x7368, 0x5266, 0x18c1, 0x9c8e, 0xffff, 0xa514, 0x0000, 0x0000, 0x0000, 
	0x0000, 0x0000, 0x0000, 0xad55, 0xffff, 0xffdf, 0xffff, 0xef7d, 0x18e3, 0x0000, 0x0000, 0x0000, 0x0000, 0x0000, 0x0000, 0x0000, 
	0x0000, 0x0000, 0x0000, 0x0000, 0x0000, 0x0000, 0x0000, 0x0000, 0x0000, 0x0000, 0x0000, 0x0000, 0x0000, 0x0020, 0x0000, 0x8430, 
	0xffff, 0xffff, 0xbdd7, 0x0000, 0x0000, 0x0020, 0xd6ba, 0xffff, 0xffff, 0xffff, 0xffff, 0xffff, 0xffff, 0xffff, 0xffff, 0xffff, 
	0x31a6, 0x0000, 0x0000, 0x6b4d, 0xffff, 0xffdf, 0xffff, 0xffff, 0xffff, 0xffff, 0xffff, 0xffff, 0xffff, 0xffff, 0xffff, 0xffff, 
	0xdefb, 0x18c3, 0x0000, 0x0000, 0xb5b6, 0xffff, 0xffff, 0xffff, 0xffff, 0xffff, 0xffff, 0xffff, 0xffff, 0xffff, 0x52aa, 0x0000, 
	0x0020, 0x0000, 0x0000, 0x0000, 0x0000, 0x0000, 0x0000, 0x0000, 0x0000, 0x0000, 0x0000, 0x528a, 0xffff, 0xffff, 0xf79e, 0x2124, 
	0x0000, 0x0000, 0x8c71, 0xffff, 0xffff, 0xb5b6, 0x0000, 0x0000, 0x0000, 0x0000, 0x0000, 0x0000, 0x7bef, 0xffff, 0xffff, 0xbdd7, 
	0x0000, 0x0000, 0x0000, 0x0000, 0x0020, 0x0000, 0x9492, 0xffff, 0xffff, 0xf7be, 0x10a2, 0x0000, 0x0000, 0x0000, 0x0000, 0x0000, 
	0xde80, 0xe6c0, 0xbd80, 0x0000, 0x8c40, 0xf740, 0xe6e0, 0xe6c0, 0xdea0, 0x2940, 0x1080, 0x31a0, 0x3180, 0x18c0, 0x1080, 0xd660, 
	0x83c0, 0x8c00, 0xef00, 0xf720, 0x31a0, 0x2100, 0xbda0, 0x62e0, 0xce00, 0xff80, 0xad00, 0x0000, 0x8c20, 0xe6c0, 0x2100, 0x0000, 
	0x39a0, 0xef00, 0x5ac0, 0x0000, 0x0860, 0xb580, 0xf720, 0x7380, 0x0000, 0xa4e0, 0xeee0, 0xe6c0, 0x4200, 0x0020, 0xd660, 0xbda0, 
	0x0000, 0x8c20, 0xffe0, 0x5ac0, 0x0000, 0xd640, 0xd640, 0x0000, 0x6b40, 0xef00, 0xd641, 0x5ac0, 0x0000, 0xa4c1, 0xde81, 0xad21, 
	0xc5c1, 0xd622, 0xce02, 0xce02, 0xce02, 0xce02, 0xcde2, 0xcde3, 0xc5e3, 0xc5c3, 0xc5c3, 0xc5c3, 0xc5c3, 0xc5a4, 0xc5a4, 0xbda4, 
	0xbda4, 0xbd84, 0xbd84, 0xbd85, 0xbd65, 0xbd65, 0xbd65, 0xb565, 0xb545, 0xb546, 0xb546, 0xb546, 0xb526, 0xb526, 0xb526, 0xad26, 
	0xad07, 0xad07, 0xad07, 0xace7, 0xace8, 0x9ca9, 0x8c29, 0x7368, 0x5266, 0x18c1, 0x9cae, 0xffff, 0xa514, 0x0000, 0x0000, 0x0000, 
	0x0000, 0x0000, 0x0000, 0xad55, 0xffff, 0xffdf, 0xffff, 0xef7d, 0x18e3, 0x0000, 0x0000, 0x18e3, 0x2965, 0x2945, 0x2965, 0x2965, 
	0x2965, 0x2965, 0x2965, 0x2965, 0x2965, 0x2965, 0x2965, 0x2965, 0x2965, 0x2965, 0x2965, 0x2945, 0x0020, 0x0000, 0x0000, 0x8430, 
	0xffff, 0xffff, 0xc638, 0x2965, 0x2945, 0x2965, 0xb5b6, 0xd6ba, 0xd69a, 0xd69a, 0xd69a, 0xd69a, 0xd69a, 0xd69a, 0xd69a, 0xd69a, 
	0x4a69, 0x2945, 0x2104, 0x8430, 0xffff, 0xffff, 0xffff, 0xffff, 0xffff, 0xffff, 0xffff, 0xffff, 0xffff, 0xef5d, 0xce79, 0xdedb, 
	0xbdd7, 0x10a2, 0x0000, 0x0000, 0x94b2, 0xdefb, 0xce79, 0xe71c, 0xffff, 0xffff, 0xffdf, 0xd6ba, 0xd69a, 0xd6ba, 0x4228, 0x0000, 
	0x0000, 0x1082, 0x2965, 0x2965, 0x2965, 0x2965, 0x2965, 0x2965, 0x1082, 0x0000, 0x0000, 0x528a, 0xffff, 0xffff, 0xf79e, 0x4a49, 
	0x2124, 0x2124, 0xa514, 0xffff, 0xffff, 0xb5b6, 0x0000, 0x0000, 0x0000, 0x2124, 0x3186, 0x2104, 0x94b2, 0xffff, 0xffff, 0xce59, 
	0x2965, 0x2965, 0x2965, 0x0841, 0x0000, 0x0000, 0x9492, 0xffff, 0xffff, 0xf7be, 0x10a2, 0x0000, 0x0000, 0x0000, 0x0000, 0x0000, 
	0xde80, 0xe6c0, 0xb560, 0x0000, 0x83c0, 0xef00, 0xd640, 0xe6c0, 0xad00, 0x0000, 0x8c00, 0xef00, 0xe6e0, 0xa4e0, 0x0000, 0x8c20, 
	0x5ac0, 0x0000, 0x2920, 0x2940, 0x0000, 0x7380, 0xb560, 0x0000, 0x0840, 0x31a0, 0x0840, 0x10a0, 0xc5c0, 0xeee0, 0x5280, 0x0000, 
	0x6b20, 0xf760, 0x9440, 0x0000, 0x2100, 0xd660, 0xdea0, 0xd640, 0x3180, 0x0000, 0x3180, 0x18e0, 0x0000, 0x83e0, 0xef00, 0xb560, 
	0x0000, 0x7ba0, 0xf740, 0xa500, 0x0000, 0x8400, 0xde80, 0x0020, 0x1080, 0x2940, 0x10a0, 0x0000, 0x62e0, 0xdea1, 0xb541, 0x0000, 
	0x5ac0, 0xde82, 0xce02, 0xce02, 0xce02, 0xcde2, 0xcde2, 0xc5e3, 0xc5e3, 0xc5c3, 0xc5c3, 0xc5c3, 0xc5c3, 0xc5a4, 0xc5a4, 0xbda4, 
	0xbd84, 0xbd84, 0xbd84, 0xbd85, 0xbd65, 0xbd65, 0xbd65, 0xb565, 0xb545, 0xb546, 0xb546, 0xb546, 0xb526, 0xb526, 0xb526, 0xad06, 
	0xad07, 0xad07, 0xad07, 0xace7, 0xace8, 0x9ca9, 0x8c29, 0x7368, 0x5266, 0x18c1, 0x9cae, 0xffff, 0xa514, 0x0000, 0x0000, 0x0000, 
	0x0000, 0x0000, 0x0000, 0xad55, 0xffff, 0xffdf, 0xffff, 0xef7d, 0x18e3, 0x0000, 0x0000, 0x9cf3, 0xffff, 0xf79e, 0xf7be, 0xf7be, 
	0xf7be, 0xf7be, 0xf7be, 0xf7be, 0xf7be, 0xf7be, 0xf7be, 0xf7be, 0xf7be, 0xf7be, 0xf7be, 0xef7d, 0x2124, 0x0000, 0x0000, 0x8430, 
	0xffff, 0xffff, 0xffff, 0xf7be, 0xf7be, 0xef7d, 0x2965, 0x0000, 0x0841, 0x0841, 0x0841, 0x0841, 0x0841, 0x0841, 0x0020, 0x0841, 
	0xc638, 0xffff, 0xf79e, 0xffdf, 0xffff, 0xffff, 0xffff, 0xffff, 0xffff, 0xffff, 0xffff, 0xffff, 0xffff, 0x9cd3, 0x0000, 0x0841, 
	0x0841, 0x0000, 0x0000, 0x0000, 0x0020, 0x0861, 0x0000, 0x630c, 0xffff, 0xffff, 0xe71c, 0x2104, 0x0020, 0x0841, 0x0000, 0x0000, 
	0x0000, 0x52aa, 0xffff, 0xf79e, 0xf7be, 0xf7be, 0xf7be, 0xffff, 0x630c, 0x0000, 0x0000, 0x528a, 0xffff, 0xffff, 0xffff, 0xf7be, 
	0xf7be, 0xf7be, 0xffdf, 0xffff, 0xffff, 0xb5b6, 0x0000, 0x0000, 0x0020, 0xce59, 0xffff, 0xf79e, 0xffdf, 0xffff, 0xffff, 0xffdf, 
	0xf7be, 0xf7be, 0xf7be, 0x31a6, 0x0000, 0x0000, 0x9492, 0xffff, 0xffff, 0xf7be, 0x10a2, 0x0000, 0x0000, 0x0000, 0x0000, 0x0000, 
	0xde80, 0xdea0, 0xce00, 0x6b20, 0xb540, 0xe6c0, 0xde60, 0xe6c0, 0xad20, 0x6b20, 0xce00, 0xdea0, 0xde80, 0xd660, 0x6b40, 0x9ca0, 
	0xe6c0, 0x9440, 0x5280, 0x5260, 0x8c20, 0xde80, 0xe6c0, 0xbda0, 0x6b40, 0x4a40, 0x6300, 0xbd80, 0xe6a0, 0xe6c0, 0xa500, 0x62e0, 
	0xbd80, 0xe6e0, 0xce00, 0x6b20, 0x9440, 0xdea0, 0xde80, 0xe6a0, 0xd640, 0x7bc0, 0x5260, 0x5ac0, 0xad00, 0xe6c0, 0xdea0, 0xce00, 
	0x6b20, 0xb540, 0xe6c0, 0xd660, 0x6b40, 0x9ca0, 0xde80, 0x7360, 0x6300, 0x62e0, 0x6b40, 0xa4e0, 0xde61, 0xd641, 0xcde1, 0x6b20, 
	0x9ca1, 0xd642, 0xce02, 0xce02, 0xce02, 0xce02, 0xcde2, 0xcde3, 0xc5e3, 0xc5c3, 0xc5c3, 0xc5c3, 0xc5c3, 0xc5a4, 0xc5a4, 0xbda4, 
	0xbda4, 0xbd84, 0xbd84, 0xbd85, 0xbd65, 0xbd65, 0xbd65, 0xb565, 0xb545, 0xb546, 0xb546, 0xb546, 0xb526, 0xb526, 0xb526, 0xad26, 
	0xad07, 0xad07, 0xad07, 0xace7, 0xace8, 0x9ca9, 0x8c29, 0x7368, 0x5266, 0x18c1, 0x9cae, 0xffff, 0xa514, 0x0000, 0x0000, 0x0000, 
	0x0000, 0x0000, 0x0000, 0xad55, 0xffff, 0xffdf, 0xffff, 0xef7d, 0x18e3, 0x0000, 0x0000, 0x9cf3, 0xffff, 0xffff, 0xffff, 0xffff, 
	0xffff, 0xffff, 0xffff, 0xffff, 0xffff, 0xffff, 0xffff, 0xffff, 0xffff, 0xffff, 0xffff, 0xf7be, 0x2124, 0x0000, 0x0000, 0x8430, 
	0xffff, 0xffff, 0xffff, 0xffff, 0xffff, 0xffdf, 0x2945, 0x0000, 0x0000, 0x0000, 0x0000, 0x0000, 0x0000, 0x0000, 0x0000, 0x0000, 
	0xce59, 0xffff, 0xffff, 0xffff, 0xffff, 0xffff, 0xffff, 0xffff, 0xffff, 0xffff, 0xffff, 0xffff, 0xffff, 0x9cd3, 0x0000, 0x0000, 
	0x0000, 0x0000, 0x0000, 0x0000, 0x0000, 0x0020, 0x0000, 0x5aeb, 0xffff, 0xffff, 0xe71c, 0x18c3, 0x0000, 0x0000, 0x0000, 0x0000, 
	0x0000, 0x52aa, 0xffff, 0xffff, 0xffff, 0xffff, 0xffff, 0xffff, 0x632c, 0x0000, 0x0000, 0x528a, 0xffff, 0xffff, 0xffff, 0xffff, 
	0xffff, 0xffff, 0xffff, 0xffff, 0xffff, 0xb5b6, 0x0000, 0x0000, 0x0020, 0xce79, 0xffff, 0xffff, 0xffff, 0xffff, 0xffff, 0xffff, 
	0xffff, 0xffff, 0xffdf, 0x31a6, 0x0000, 0x0000, 0x9492, 0xffff, 0xffff, 0xf7be, 0x10a2, 0x0000, 0x0000, 0x0000, 0x0000, 0x0000, 
	0xde80, 0xde80, 0xdea0, 0xef00, 0xe6a0, 0xde80, 0xde80, 0xde80, 0xe6c0, 0xef00, 0xde80, 0xde80, 0xde80, 0xdea0, 0xef20, 0xe6c0, 
	0xde80, 0xeee0, 0xef00, 0xef00, 0xeee0, 0xde80, 0xde80, 0xe6c0, 0xef00, 0xeee0, 0xef00, 0xe6c0, 0xde80, 0xde80, 0xe6c0, 0xef20, 
	0xe6a0, 0xd660, 0xdea0, 0xef00, 0xe6e0, 0xde80, 0xde80, 0xde80, 0xdea0, 0xef00, 0xef00, 0xef00, 0xe6c0, 0xde80, 0xde80, 0xdea0, 
	0xef00, 0xe6c0, 0xde80, 0xde80, 0xef00, 0xe6c0, 0xd660, 0xe6e0, 0xe6c0, 0xe6e1, 0xe6c1, 0xde81, 0xd641, 0xd621, 0xd621, 0xde82, 
	0xd642, 0xce02, 0xce22, 0xce02, 0xcde2, 0xcde2, 0xc5e3, 0xc5e3, 0xc5c3, 0xc5c3, 0xc5c3, 0xc5c3, 0xc5a4, 0xc5a4, 0xbda4, 0xbda4, 
	0xbd84, 0xbd84, 0xbd84, 0xbd65, 0xbd65, 0xbd65, 0xb565, 0xb565, 0xb545, 0xb546, 0xb546, 0xb526, 0xb526, 0xb526, 0xad26, 0xad07, 
	0xad07, 0xad07, 0xad07, 0xace7, 0xace8, 0x9ca9, 0x8c29, 0x7368, 0x5266, 0x18c1, 0x9cae, 0xffff, 0xa514, 0x0000, 0x0000, 0x0000, 
	0x0000, 0x0000, 0x0000, 0xad55, 0xffff, 0xffdf, 0xffff, 0xef7d, 0x18e3, 0x0000, 0x0000, 0x9cf3, 0xffff, 0xffff, 0xffff, 0xffdf, 
	0xffff, 0xffff, 0xffff, 0xffff, 0xffff, 0xffff, 0xffff, 0xffff, 0xffff, 0xffff, 0xffff, 0xf7be, 0x2124, 0x0000, 0x0000, 0x8430, 
	0xffff, 0xffff, 0xffff, 0xffdf, 0xffff, 0xf7be, 0x2945, 0x0000, 0x0000, 0x0000, 0x0000, 0x0000, 0x0000, 0x0000, 0x0000, 0x0000, 
	0xce59, 0xffff, 0xffff, 0xffff, 0xffff, 0xffff, 0xffff, 0xffdf, 0xffdf, 0xffdf, 0xffff, 0xffdf, 0xffff, 0x9cd3, 0x0000, 0x0020, 
	0x0000, 0x0000, 0x0000, 0x0000, 0x0000, 0x0000, 0x0000, 0x630c, 0xffff, 0xffff, 0xe71c, 0x18e3, 0x0000, 0x0000, 0x0000, 0x0020, 
	0x0000, 0x52aa, 0xffff, 0xffff, 0xffff, 0xffff, 0xffff, 0xffff, 0x632c, 0x0000, 0x0000, 0x528a, 0xffff, 0xffdf, 0xffdf, 0xffdf, 
	0xffff, 0xffff, 0xffdf, 0xffdf, 0xffff, 0xbdd7, 0x0000, 0x0000, 0x0020, 0xce59, 0xffff, 0xffff, 0xffff, 0xffff, 0xffff, 0xffff, 
	0xffff, 0xffff, 0xffdf, 0x31a6, 0x0000, 0x0000, 0x9492, 0xffff, 0xffff, 0xf7be, 0x10a2, 0x0000, 0x0000, 0x0000, 0x0000, 0x0000, 
	0xde80, 0xde80, 0xde80, 0xde80, 0xe6c0, 0xe6a0, 0xde80, 0xde80, 0xde80, 0xde80, 0xe6e0, 0xdea0, 0xde80, 0xd620, 0xd620, 0xde80, 
	0xde80, 0xde80, 0xde60, 0xde80, 0xde80, 0xde80, 0xde80, 0xde80, 0xde60, 0xde80, 0xde60, 0xde80, 0xe6a0, 0xe6a0, 0xde80, 0xd660, 
	0xde80, 0xe6e0, 0xde80, 0xde60, 0xde80, 0xde80, 0xde80, 0xde80, 0xde80, 0xde80, 0xde60, 0xde80, 0xde80, 0xde80, 0xde80, 0xde80, 
	0xde60, 0xde80, 0xde80, 0xde80, 0xd640, 0xde80, 0xe6c0, 0xd640, 0xde81, 0xde61, 0xce21, 0xd621, 0xd621, 0xd621, 0xce22, 0xce02, 
	0xce02, 0xce02, 0xc5a2, 0xc5c2, 0xce02, 0xc5e3, 0xc5e3, 0xc5e3, 0xc5c3, 0xc5c3, 0xc5c3, 0xc5a4, 0xc5a4, 0xc5a4, 0xbda4, 0xbd84, 
	0xbd84, 0xbd84, 0xbd85, 0xbd65, 0xbd65, 0xbd65, 0xb565, 0xb545, 0xb546, 0xb546, 0xb546, 0xb526, 0xb526, 0xb526, 0xad26, 0xad07, 
	0xad07, 0xad07, 0xace7, 0xace7, 0xace8, 0x9ca9, 0x8c29, 0x7368, 0x5266, 0x18c1, 0x9cae, 0xffff, 0xa514, 0x0000, 0x0000, 0x0000, 
	0x0000, 0x0000, 0x0000, 0xad55, 0xffff, 0xffdf, 0xffff, 0xef7d, 0x18e3, 0x0000, 0x0000, 0x9cf3, 0xffff, 0xffff, 0xbdf7, 0x4208, 
	0x4a49, 0x4a49, 0x4a49, 0x4a49, 0x4a49, 0x4a49, 0x4a49, 0x39e7, 0x7bef, 0xffff, 0xffff, 0xf7be, 0x2124, 0x0000, 0x0000, 0x8430, 
	0xffff, 0xffff, 0xce59, 0x4a49, 0x4a49, 0x4a49, 0x0861, 0x0000, 0x0000, 0x0000, 0x0000, 0x0000, 0x2945, 0xb596, 0xb5b6, 0xb596, 
	0xef7d, 0xffff, 0xffff, 0xffff, 0xffff, 0xffff, 0xdedb, 0x528a, 0x4228, 0x4a49, 0xd69a, 0xffff, 0xffff, 0xe71c, 0xb596, 0xb5b6, 
	0xb5b6, 0xb5b6, 0xb5b6, 0xbdd7, 0x31a6, 0x0000, 0x0000, 0x18e3, 0x4a69, 0x4a49, 0x4208, 0x0841, 0x0000, 0x0000, 0x7bef, 0xbdf7, 
	0xad75, 0xce59, 0xffff, 0xffff, 0xffff, 0xffff, 0xffff, 0xffff, 0x632c, 0x0000, 0x0000, 0x18c3, 0x4a69, 0x4228, 0x4a49, 0x4a49, 
	0x4a49, 0x4a49, 0x4a49, 0x4228, 0x4a69, 0x31a6, 0x0000, 0x0000, 0x0020, 0xce59, 0xffff, 0xffff, 0xffff, 0xffff, 0xffff, 0xffff, 
	0xffff, 0xffff, 0xffdf, 0x31a6, 0x0000, 0x0000, 0x9492, 0xffff, 0xffff, 0xf7be, 0x10a2, 0x0000, 0x0000, 0x0000, 0x0000, 0x0000, 
	0xde80, 0xde80, 0xdea0, 0xd640, 0x5aa0, 0xad00, 0xe6c0, 0xde60, 0xe6c0, 0xc5c0, 0x5260, 0xad40, 0xef20, 0x5280, 0x7ba0, 0xef00, 
	0xd660, 0xde80, 0xde80, 0xde80, 0xde80, 0xde80, 0xde80, 0xde80, 0xdea0, 0xde80, 0xde60, 0xe6e0, 0x8c20, 0xa4e0, 0xe6e0, 0xde80, 
	0xdea0, 0x6b40, 0xb560, 0xe6a0, 0xde80, 0xde80, 0xde80, 0xde80, 0xde80, 0xde80, 0xde80, 0xde80, 0xde80, 0xde80, 0xde80, 0xde80, 
	0xde80, 0xde80, 0xde80, 0xde60, 0xe6c0, 0xb560, 0x62e0, 0x4a60, 0x4a40, 0xa4e0, 0xde81, 0xce21, 0xce21, 0xd621, 0xce22, 0xce02, 
	0xce02, 0xd662, 0x4a60, 0x7341, 0xde63, 0xc5c3, 0xc5c3, 0xc5e3, 0xc5c3, 0xc5c3, 0xc5c3, 0xc5a3, 0xc5a4, 0xc5a4, 0xbd84, 0xbd84, 
	0xbd84, 0xbd84, 0xbd85, 0xbd85, 0xbd65, 0xbd65, 0xb565, 0xb545, 0xb545, 0xb546, 0xb546, 0xb526, 0xb526, 0xb526, 0xad26, 0xad07, 
	0xad07, 0xad07, 0xace7, 0xace7, 0xace8, 0x9ca9, 0x8c29, 0x7368, 0x5266, 0x18c1, 0x9cae, 0xffff, 0xa514, 0x0000, 0x0000, 0x0000, 
	0x0000, 0x0000, 0x0000, 0xad55, 0xffff, 0xffdf, 0xffff, 0xef7d, 0x18e3, 0x0000, 0x0000, 0x9cf3, 0xffff, 0xffff, 0xa514, 0x0000, 
	0x0000, 0x0000, 0x0000, 0x0000, 0x0000, 0x0000, 0x0000, 0x0000, 0x4228, 0xffff, 0xffff, 0xf7be, 0x2124, 0x0000, 0x0000, 0x8430, 
	0xffff, 0xffff, 0xb5b6, 0x0000, 0x0000, 0x0000, 0x0000, 0x0000, 0x0000, 0x0000, 0x0020, 0x0000, 0x39e7, 0xffdf, 0xffff, 0xffff, 
	0xffff, 0xffff, 0xffff, 0xffff, 0xffdf, 0xffff, 0xce59, 0x0841, 0x0000, 0x0000, 0xc618, 0xffff, 0xffff, 0xffff, 0xffff, 0xffff, 
	0xffff, 0xffff, 0xffff, 0xffff, 0x528a, 0x0000, 0x0020, 0x0000, 0x0000, 0x0000, 0x0000, 0x0000, 0x0000, 0x0000, 0xb596, 0xffff, 
	0xffff, 0xffff, 0xffff, 0xffff, 0xffff, 0xffff, 0xffff, 0xffff, 0x632c, 0x0000, 0x0020, 0x0000, 0x0000, 0x0000, 0x0000, 0x0000, 
	0x0000, 0x0000, 0x0000, 0x0000, 0x0000, 0x0000, 0x0000, 0x0000, 0x0020, 0xce59, 0xffff, 0xffdf, 0xffff, 0xffff, 0xffff, 0xffff, 
	0xffff, 0xffff, 0xffdf, 0x31a6, 0x0000, 0x0000, 0x9492, 0xffff, 0xffff, 0xf7be, 0x10a2, 0x0000, 0x0000, 0x0000, 0x0000, 0x0000, 
	0xde80, 0xde80, 0xe6c0, 0xad20, 0x0000, 0x7360, 0xef00, 0xd660, 0xe6e0, 0x5260, 0x0000, 0xb560, 0xe6e0, 0xc5c0, 0xce00, 0xdea0, 
	0xdea0, 0xe6c0, 0xd640, 0xe6c0, 0xdea0, 0xde80, 0xdea0, 0xe6e0, 0xd640, 0xdea0, 0xdea0, 0xef00, 0x83e0, 0x4a40, 0xe6c0, 0xef00, 
	0x6b20, 0x4200, 0xe6c0, 0xe6e0, 0xd640, 0xdea0, 0xe6c0, 0xde80, 0xdea0, 0xde80, 0xde80, 0xde80, 0xdea0, 0xde80, 0xde80, 0xde80, 
	0xe6c0, 0xdea0, 0xd660, 0xe6c0, 0xa4c0, 0x2960, 0x83e0, 0xad40, 0x7bc0, 0x2920, 0xc5c1, 0xde61, 0xde81, 0xc5e1, 0xce22, 0xd642, 
	0xce02, 0xce22, 0xb562, 0xbd82, 0xce02, 0xce03, 0xce03, 0xbda3, 0xce03, 0xc5e3, 0xc5c3, 0xce04, 0xbda4, 0xbd64, 0xc5e4, 0xbda4, 
	0xbd84, 0xbd84, 0xbd85, 0xbd85, 0xbd65, 0xbd65, 0xb565, 0xb545, 0xb546, 0xb546, 0xb546, 0xb526, 0xb526, 0xb526, 0xad26, 0xad07, 
	0xad07, 0xad07, 0xace7, 0xace7, 0xace8, 0x9ca9, 0x8c29, 0x7368, 0x5266, 0x18c1, 0x9cae, 0xffff, 0xa514, 0x0000, 0x0000, 0x0000, 
	0x0000, 0x0000, 0x0000, 0xad55, 0xffff, 0xffdf, 0xffff, 0xef7d, 0x18e3, 0x0000, 0x0000, 0x9cf3, 0xffff, 0xffff, 0xa534, 0x0000, 
	0x0020, 0x0000, 0x0000, 0x0000, 0x0000, 0x0000, 0x0020, 0x0000, 0x4a69, 0xffff, 0xffff, 0xf7be, 0x2124, 0x0000, 0x0000, 0x8430, 
	0xffff, 0xffff, 0xb5b6, 0x0000, 0x0000, 0x0000, 0x0000, 0x0000, 0x0000, 0x0000, 0x0000, 0x0000, 0x3186, 0xef7d, 0xffff, 0xffff, 
	0xffff, 0xffff, 0xffff, 0xffff, 0xffff, 0xffff, 0xd6ba, 0x1082, 0x0000, 0x0020, 0xc618, 0xffff, 0xffff, 0xffff, 0xffff, 0xffff, 
	0xffff, 0xffff, 0xffff, 0xffff, 0x4228, 0x0000, 0x0000, 0x0000, 0x0000, 0x0000, 0x0000, 0x0000, 0x0000, 0x0000, 0xa534, 0xffff, 
	0xffdf, 0xffff, 0xffff, 0xffff, 0xffff, 0xffff, 0xffff, 0xffff, 0x5aeb, 0x0000, 0x0000, 0x0000, 0x0000, 0x0000, 0x0000, 0x0000, 
	0x0000, 0x0000, 0x0000, 0x0000, 0x0000, 0x0000, 0x0000, 0x0000, 0x0000, 0xce79, 0xffff, 0xffff, 0xffff, 0xffff, 0xffff, 0xffff, 
	0xffff, 0xffff, 0xffdf, 0x31a6, 0x0000, 0x0000, 0x9492, 0xffff, 0xffff, 0xf7be, 0x10a2, 0x0000, 0x0000, 0x0000, 0x0000, 0x0000, 
	0xde80, 0xde60, 0xef00, 0x7bc0, 0x3160, 0x6b20, 0xe6a0, 0xe6e0, 0xa4c0, 0x39a0, 0x39c0, 0xd640, 0xd640, 0x6b00, 0xdea0, 0xc5c0, 
	0x6b20, 0x7380, 0x4200, 0x5aa0, 0xd640, 0xe6c0, 0xce00, 0x62e0, 0x4a40, 0x4a20, 0xb580, 0xe6c0, 0xce20, 0x2940, 0xd660, 0x9ca0, 
	0x2940, 0xdea0, 0xce00, 0x5aa0, 0x4220, 0x4200, 0xb540, 0xeee0, 0xc5c0, 0x6b20, 0xde60, 0xe6e0, 0x9ca0, 0x7bc0, 0xf740, 0x9440, 
	0x6b40, 0x5260, 0x6b40, 0xd640, 0x2940, 0xad00, 0xef00, 0xde80, 0xe6a1, 0xb561, 0xce21, 0xcde1, 0x5ac0, 0x4200, 0x39c0, 0x9461, 
	0xd662, 0xbda2, 0x62c1, 0xce02, 0xb522, 0x5ac1, 0x6b21, 0x39c0, 0x5261, 0xbd83, 0xcde4, 0x83e2, 0x4201, 0x39c1, 0x62e2, 0xc5a4, 
	0xbd84, 0xbd84, 0xbd85, 0xbd85, 0xbd65, 0xbd65, 0xb565, 0xb545, 0xb546, 0xb546, 0xb546, 0xb526, 0xb526, 0xb526, 0xad26, 0xad07, 
	0xad07, 0xad07, 0xace7, 0xace7, 0xace8, 0x9ca9, 0x8c29, 0x7368, 0x5266, 0x18c1, 0x9cae, 0xffff, 0xa514, 0x0000, 0x0000, 0x0000, 
	0x0000, 0x0000, 0x0000, 0xad55, 0xffff, 0xffdf, 0xffff, 0xef7d, 0x18e3, 0x0000, 0x0000, 0x9cf3, 0xffff, 0xffff, 0xa534, 0x0000, 
	0x0000, 0x0000, 0x0000, 0x0000, 0x0000, 0x0000, 0x0000, 0x0000, 0x4a49, 0xffff, 0xffff, 0xf7be, 0x2124, 0x0000, 0x0000, 0x8430, 
	0xffff, 0xffff, 0xdedb, 0x73ae, 0x7bcf, 0x73ae, 0x10a2, 0x0000, 0x0000, 0x39c7, 0x7bef, 0x738e, 0x9492, 0xf7be, 0xffff, 0xffff, 
	0xffff, 0xffff, 0xffff, 0xc638, 0x7bef, 0x8c71, 0x738e, 0x0841, 0x0000, 0x0000, 0xc618, 0xffff, 0xffff, 0xce79, 0x8410, 0x8430, 
	0x94b2, 0xf79e, 0xffff, 0xffff, 0x9cf3, 0x6b6d, 0x8410, 0x4a49, 0x0000, 0x0000, 0x0861, 0x6b6d, 0x7bcf, 0x738e, 0xce79, 0xffff, 
	0xffff, 0xd69a, 0x8410, 0x8430, 0x8c71, 0xef5d, 0xffff, 0xffff, 0xad55, 0x738e, 0x7bcf, 0x73ae, 0x73ae, 0x73ae, 0x73ae, 0x73ae, 
	0x73ae, 0x7bcf, 0x31a6, 0x0000, 0x0000, 0x2104, 0x7bcf, 0x73ae, 0x73ae, 0x8410, 0x8c51, 0x8430, 0x8430, 0x8c51, 0x8410, 0xa514, 
	0xffdf, 0xffff, 0xffdf, 0x31a6, 0x0000, 0x0000, 0x9492, 0xffff, 0xffff, 0xf7be, 0x10a2, 0x0000, 0x0000, 0x0000, 0x0000, 0x0000, 
	0xde80, 0xde80, 0xe6c0, 0x5ac0, 0x7ba0, 0x5260, 0xde80, 0xdea0, 0x4a20, 0x7ba0, 0x5260, 0xeee0, 0xa4e0, 0x4200, 0xef00, 0x9440, 
	0x20e0, 0xad40, 0xd640, 0x41e0, 0x9440, 0xef00, 0x4220, 0x8400, 0xef20, 0x7380, 0x5280, 0xeee0, 0xe6e0, 0x5ac0, 0x5aa0, 0x31a0, 
	0xb560, 0xe6a0, 0x39a0, 0x83c0, 0xde80, 0x83e0, 0x3180, 0xef00, 0x9460, 0x5280, 0xe6c0, 0xef00, 0x6300, 0x7340, 0xff60, 0x4220, 
	0x4200, 0xbda0, 0xd620, 0x83e0, 0x4a40, 0xe6e0, 0xd640, 0xd660, 0xd641, 0xde61, 0xde61, 0x4200, 0x6300, 0xce01, 0x8c41, 0x20e0, 
	0xce22, 0x9ca1, 0x39e0, 0xde62, 0x83e1, 0x18e0, 0x9ca2, 0xbda3, 0x39a1, 0x83e2, 0xbd63, 0x2100, 0xb543, 0xb544, 0x83c3, 0xbd84, 
	0xbd84, 0xbd84, 0xbd85, 0xbd85, 0xbd65, 0xbd65, 0xb565, 0xb545, 0xb546, 0xb546, 0xb546, 0xb526, 0xb526, 0xb526, 0xad26, 0xad07, 
	0xad07, 0xad07, 0xace7, 0xace7, 0xace8, 0x9ca9, 0x8c29, 0x7368, 0x5266, 0x18c1, 0x9cae, 0xffff, 0xa514, 0x0000, 0x0000, 0x0000, 
	0x0000, 0x0000, 0x0000, 0xad55, 0xffff, 0xffdf, 0xffff, 0xef7d, 0x18e3, 0x0000, 0x0000, 0x9cf3, 0xffff, 0xffff, 0xa534, 0x0000, 
	0x0000, 0x0000, 0x0000, 0x0000, 0x0000, 0x0000, 0x0000, 0x0000, 0x4a49, 0xffff, 0xffff, 0xf7be, 0x2124, 0x0000, 0x0000, 0x8430, 
	0xffff, 0xffff, 0xffff, 0xffff, 0xffff, 0xffdf, 0x2945, 0x0000, 0x0000, 0x7bef, 0xffff, 0xffff, 0xffff, 0xffff, 0xffff, 0xffff, 
	0xffff, 0xffdf, 0xffff, 0x8c51, 0x0000, 0x0000, 0x0000, 0x0000, 0x0000, 0x0000, 0xc618, 0xffff, 0xffff, 0x94b2, 0x0000, 0x0000, 
	0x18e3, 0xe73c, 0xffff, 0xffff, 0xffff, 0xffdf, 0xffff, 0xa514, 0x0000, 0x0000, 0x18e3, 0xe73c, 0xffff, 0xffff, 0xffff, 0xffff, 
	0xffff, 0xa534, 0x0000, 0x0000, 0x0841, 0xd6ba, 0xffff, 0xffff, 0xffff, 0xffff, 0xffff, 0xffff, 0xffff, 0xffff, 0xffff, 0xffff, 
	0xffff, 0xffff, 0x738e, 0x0000, 0x0000, 0x4a49, 0xffff, 0xffff, 0xffdf, 0x3186, 0x0000, 0x0000, 0x0000, 0x0000, 0x0000, 0x39c7, 
	0xf7be, 0xffff, 0xffdf, 0x31a6, 0x0000, 0x0000, 0x9492, 0xffff, 0xffff, 0xf7be, 0x10a2, 0x0000, 0x0000, 0x0000, 0x0000, 0x0000, 
	0xde80, 0xdea0, 0xd660, 0x39e0, 0xbd80, 0x41e0, 0xdea0, 0x83e0, 0x6b40, 0x8c00, 0x5ac0, 0xffa0, 0x7360, 0x6300, 0xffa0, 0x62e0, 
	0x7360, 0xf740, 0xe6e0, 0x5280, 0xa4e0, 0xad20, 0x2940, 0xb560, 0xad00, 0x41e0, 0x83e0, 0xe6e0, 0xe6c0, 0xad00, 0x0000, 0x9460, 
	0xff60, 0x83e0, 0x5260, 0xf740, 0xe6a0, 0xd640, 0x2920, 0xe6c0, 0x6b40, 0x7360, 0xef00, 0xdea0, 0x4a40, 0xad00, 0xe6a0, 0x2960, 
	0xc5c0, 0xe6e0, 0xef00, 0x5280, 0x7380, 0xeee0, 0xd640, 0xd640, 0xd661, 0xe6a1, 0x9c81, 0x41e0, 0xde81, 0xd641, 0xd622, 0x2940, 
	0xc5e2, 0x7361, 0x5ac1, 0xef03, 0x5aa1, 0x6301, 0xde83, 0xce23, 0x4a41, 0x8c02, 0xc5a3, 0x2940, 0x5a81, 0x9c83, 0xce04, 0xbd84, 
	0xbd84, 0xbd84, 0xbd85, 0xbd85, 0xbd65, 0xbd65, 0xb565, 0xb545, 0xb546, 0xb546, 0xb546, 0xb526, 0xb526, 0xb526, 0xad26, 0xad07, 
	0xad07, 0xad07, 0xace7, 0xace7, 0xace8, 0x9ca9, 0x8c29, 0x7368, 0x5266, 0x18c1, 0x9cae, 0xffff, 0xa514, 0x0000, 0x0000, 0x0000, 
	0x0000, 0x0000, 0x0000, 0xad55, 0xffff, 0xffdf, 0xffff, 0xef7d, 0x18e3, 0x0000, 0x0000, 0x9cf3, 0xffff, 0xffff, 0xa534, 0x0000, 
	0x0000, 0x0000, 0x0000, 0x0000, 0x0000, 0x0000, 0x0000, 0x0000, 0x4a49, 0xffff, 0xffff, 0xf7be, 0x2124, 0x0000, 0x0000, 0x8430, 
	0xffff, 0xffff, 0xffff, 0xffff, 0xffff, 0xf7be, 0x2945, 0x0000, 0x0000, 0x7bcf, 0xffff, 0xffff, 0xffff, 0xffff, 0xffff, 0xffff, 
	0xffff, 0xffdf, 0xffff, 0x9492, 0x0000, 0x0000, 0x0000, 0x0000, 0x0000, 0x0000, 0xc618, 0xffff, 0xffff, 0x9cf3, 0x0000, 0x0000, 
	0x2124, 0xef7d, 0xffff, 0xffff, 0xffff, 0xffdf, 0xffff, 0x9cf3, 0x0000, 0x0000, 0x18e3, 0xdefb, 0xffff, 0xffff, 0xffff, 0xffff, 
	0xffff, 0xa534, 0x0000, 0x0000, 0x0861, 0xdedb, 0xffff, 0xffff, 0xffff, 0xffff, 0xffff, 0xffff, 0xffff, 0xffff, 0xffff, 0xffff, 
	0xffff, 0xffff, 0x6b6d, 0x0000, 0x0000, 0x4228, 0xffff, 0xffff, 0xf7be, 0x3186, 0x0000, 0x0000, 0x0000, 0x0020, 0x0000, 0x39e7, 
	0xf7be, 0xffff, 0xffdf, 0x3186, 0x0000, 0x0000, 0x8c71, 0xffff, 0xffff, 0xf7be, 0x10a2, 0x0000, 0x0000, 0x0000, 0x0000, 0x0000, 
	0xde80, 0xe6c0, 0xbda0, 0x41e0, 0xde80, 0x4a40, 0xad40, 0x39c0, 0xd640, 0x62e0, 0x83e0, 0xff60, 0x5280, 0x8c20, 0xef20, 0x4a20, 
	0xad00, 0xe6e0, 0xd640, 0x3180, 0xd660, 0x83c0, 0x3160, 0x62e0, 0x5280, 0x9ca0, 0xe6c0, 0xde80, 0xe6c0, 0xad20, 0x39e0, 0xdea0, 
	0xef00, 0x5ac0, 0x83c0, 0xef00, 0xe6e0, 0xad00, 0x41e0, 0xe6e0, 0x4a60, 0xa4c0, 0xef00, 0xd640, 0x3160, 0xd660, 0xbd80, 0x39e0, 
	0xde80, 0xde80, 0xe6e0, 0x4a40, 0x8c00, 0xef00, 0xd640, 0xe6a1, 0xb560, 0xd641, 0x6b20, 0x6300, 0xe6a1, 0xd641, 0xb561, 0x2940, 
	0xd642, 0x5280, 0x83c1, 0xde83, 0x41e0, 0x9c82, 0xd623, 0xbda3, 0x3160, 0xad23, 0xd664, 0xad03, 0x6b22, 0x2941, 0x7ba2, 0xcde4, 
	0xbd84, 0xbd84, 0xbd85, 0xbd85, 0xbd65, 0xbd65, 0xb565, 0xb545, 0xb546, 0xb546, 0xb546, 0xb526, 0xb526, 0xb526, 0xad26, 0xad07, 
	0xad07, 0xad07, 0xace7, 0xace7, 0xace8, 0x9ca9, 0x8c29, 0x7368, 0x5266, 0x18c1, 0x9cae, 0xffff, 0xa514, 0x0000, 0x0000, 0x0000, 
	0x0000, 0x0000, 0x0000, 0xad55, 0xffff, 0xffdf, 0xffff, 0xef7d, 0x18e3, 0x0000, 0x0000, 0x9cf3, 0xffff, 0xffff, 0xa534, 0x0000, 
	0x0000, 0x0000, 0x0000, 0x0000, 0x0000, 0x0000, 0x0000, 0x0000, 0x4a49, 0xffff, 0xffff, 0xf7be, 0x2124, 0x0000, 0x0000, 0x8430, 
	0xffff, 0xffff, 0xffff, 0xffff, 0xffff, 0xf7be, 0x2945, 0x0000, 0x0000, 0x632c, 0xe71c, 0xd69a, 0xdefb, 0xffff, 0xffff, 0xffff, 
	0xdefb, 0xd69a, 0xe71c, 0x8c51, 0x18e3, 0x2945, 0x2945, 0x2945, 0x2945, 0x2124, 0xce59, 0xffff, 0xffff, 0x9cd3, 0x0000, 0x0000, 
	0x18e3, 0xc638, 0xdedb, 0xd6ba, 0xd6ba, 0xd69a, 0xe71c, 0x8c51, 0x0000, 0x0000, 0x18e3, 0xe71c, 0xffff, 0xffff, 0xffff, 0xffff, 
	0xffff, 0xb596, 0x2104, 0x2945, 0x3186, 0xdefb, 0xffff, 0xffff, 0xffff, 0xffff, 0xffff, 0xffff, 0xffff, 0xffff, 0xffff, 0xdedb, 
	0xd69a, 0xdefb, 0x5aeb, 0x0000, 0x0000, 0x4228, 0xffff, 0xffff, 0xffdf, 0x4a69, 0x2104, 0x2965, 0x10a2, 0x0000, 0x0000, 0x39e7, 
	0xf7be, 0xffff, 0xffdf, 0x528a, 0x2104, 0x18e3, 0x9cf3, 0xffff, 0xffff, 0xf7be, 0x10a2, 0x0000, 0x0000, 0x0000, 0x0000, 0x0000, 
	0xde80, 0xef00, 0x8c20, 0x5aa0, 0xf740, 0x6300, 0x2100, 0x83c0, 0xeee0, 0x39a0, 0xbd80, 0xe6a0, 0x31a0, 0xbda0, 0xd660, 0x3160, 
	0xce20, 0xe6e0, 0xb580, 0x39a0, 0xef00, 0x8400, 0x5280, 0xf740, 0xe6a0, 0x9440, 0xce00, 0xde80, 0xef00, 0x7ba0, 0x5aa0, 0xeee0, 
	0xef00, 0x5ac0, 0x5ac0, 0xef20, 0xde60, 0x39e0, 0x8c00, 0xe6e0, 0x3180, 0xb560, 0xef20, 0x7340, 0x39a0, 0xf720, 0x83e0, 0x5aa0, 
	0xef00, 0xd660, 0xef00, 0x7380, 0x39c0, 0xde60, 0xde80, 0xad20, 0x2940, 0xbda1, 0x7ba0, 0x4200, 0xdea1, 0xd641, 0x4a40, 0x6b21, 
	0xde62, 0x3160, 0xb542, 0xc5c2, 0x2940, 0xbd82, 0xd623, 0xa4e2, 0x31a0, 0xc5c3, 0x83e2, 0xbd63, 0xe6a4, 0x5281, 0x5aa2, 0xce25, 
	0xbd84, 0xbd84, 0xbd85, 0xbd85, 0xbd65, 0xbd65, 0xb565, 0xb545, 0xb546, 0xb546, 0xb546, 0xb526, 0xb526, 0xb526, 0xad06, 0xad07, 
	0xad07, 0xad07, 0xace7, 0xace7, 0xace8, 0x9ca9, 0x8c29, 0x7368, 0x5266, 0x18c1, 0x9cae, 0xffff, 0xa514, 0x0000, 0x0000, 0x0000, 
	0x0000, 0x0000, 0x0000, 0xad55, 0xffff, 0xffdf, 0xffff, 0xef7d, 0x18e3, 0x0000, 0x0000, 0x9cf3, 0xffff, 0xffff, 0xa534, 0x0000, 
	0x0000, 0x0000, 0x0000, 0x0000, 0x0000, 0x0000, 0x0000, 0x0000, 0x4a49, 0xffff, 0xffff, 0xf7be, 0x2124, 0x0000, 0x0000, 0x8430, 
	0xffff, 0xffff, 0xffff, 0xffff, 0xffff, 0xf7be, 0x2945, 0x0000, 0x0000, 0x0020, 0x0861, 0x0000, 0x39e7, 0xf79e, 0xffff, 0xffdf, 
	0x39c7, 0x0020, 0x0000, 0x738e, 0xffff, 0xf79e, 0xf7be, 0xf7be, 0xf7be, 0xf7be, 0xffdf, 0xffff, 0xffff, 0x9cd3, 0x0000, 0x0000, 
	0x0000, 0x0841, 0x0841, 0x0841, 0x0841, 0x0841, 0x0841, 0x0020, 0x0000, 0x0000, 0x18e3, 0xe71c, 0xffff, 0xffff, 0xffff, 0xffff, 
	0xffff, 0xffdf, 0xf7be, 0xf7be, 0xf7be, 0xffff, 0xffff, 0xffff, 0xffff, 0xffff, 0xffff, 0xffff, 0xffff, 0xffff, 0xf79e, 0x2965, 
	0x0000, 0x0841, 0x0020, 0x0000, 0x0000, 0x4228, 0xffff, 0xffff, 0xffff, 0xf7be, 0xf79e, 0xffff, 0x7bcf, 0x0000, 0x0000, 0x39e7, 
	0xffdf, 0xffff, 0xffff, 0xf7be, 0xf7be, 0xf7be, 0xffdf, 0xffff, 0xffff, 0xf7be, 0x10a2, 0x0000, 0x0000, 0x0000, 0x0000, 0x0000, 
	0xde60, 0xef00, 0x7340, 0x7bc0, 0xff80, 0x7380, 0x2100, 0xdea0, 0xce00, 0x41e0, 0xde80, 0xc5e0, 0x41e0, 0xdea0, 0xb540, 0x4a40, 
	0xde80, 0xeee0, 0x8c40, 0x62e0, 0xef00, 0xd640, 0x4a20, 0x4200, 0x4200, 0x62e0, 0xde80, 0xde80, 0xef00, 0x62e0, 0x83e0, 0xef00, 
	0xdea0, 0xbda0, 0x31a0, 0x4a60, 0x41e0, 0x7360, 0xdea0, 0xe6c0, 0x7360, 0x3180, 0x6300, 0x4200, 0x6b40, 0xff60, 0x6b20, 0x83e0, 
	0xef00, 0xde60, 0xde80, 0xd660, 0x5280, 0x3180, 0x4a40, 0x3180, 0x9440, 0xe6a1, 0xc5c1, 0x39c0, 0x4200, 0x4200, 0x5aa0, 0xd642, 
	0xbd62, 0x39c0, 0xce22, 0xa4c2, 0x4221, 0xcde3, 0xd643, 0x83c2, 0x5a81, 0xd623, 0x4a41, 0x3181, 0x4201, 0x41e1, 0xb524, 0xc5a4, 
	0xbd84, 0xbd84, 0xbd85, 0xbd85, 0xbd65, 0xb565, 0xb545, 0xb545, 0xb546, 0xb546, 0xb546, 0xb526, 0xb526, 0xb526, 0xb526, 0xad07, 
	0xad07, 0xad07, 0xace7, 0xace7, 0xace8, 0x9ca9, 0x8c29, 0x7368, 0x5287, 0x20e2, 0x9cae, 0xffff, 0xa514, 0x0000, 0x0000, 0x0000, 
	0x0000, 0x0000, 0x0000, 0xad55, 0xffff, 0xffdf, 0xffff, 0xef7d, 0x18e3, 0x0000, 0x0000, 0x9cf3, 0xffff, 0xffff, 0xa534, 0x0000, 
	0x0000, 0x0000, 0x0000, 0x0000, 0x0000, 0x0000, 0x0000, 0x0000, 0x4a49, 0xffff, 0xffff, 0xf7be, 0x2124, 0x0000, 0x0000, 0x8430, 
	0xffff, 0xffff, 0xffff, 0xffff, 0xffff, 0xf7be, 0x2945, 0x0000, 0x0000, 0x0000, 0x0000, 0x0000, 0x31a6, 0xf79e, 0xffff, 0xffdf, 
	0x31a6, 0x0000, 0x0000, 0x6b6d, 0xffff, 0xffff, 0xffff, 0xffff, 0xffff, 0xffff, 0xffff, 0xffff, 0xffff, 0x9cd3, 0x0000, 0x0000, 
	0x0000, 0x0000, 0x0000, 0x0000, 0x0000, 0x0000, 0x0000, 0x0000, 0x0000, 0x0000, 0x18e3, 0xe71c, 0xffff, 0xffff, 0xffff, 0xffff, 
	0xffff, 0xffff, 0xffff, 0xffff, 0xffff, 0xffff, 0xffff, 0xffff, 0xffff, 0xffff, 0xffff, 0xffff, 0xffff, 0xffff, 0xf79e, 0x2945, 
	0x0000, 0x0000, 0x0000, 0x0000, 0x0000, 0x4228, 0xffff, 0xffff, 0xffff, 0xffff, 0xffff, 0xffff, 0x7bef, 0x0000, 0x0000, 0x39e7, 
	0xffdf, 0xffff, 0xffff, 0xffff, 0xffff, 0xffff, 0xffff, 0xffff, 0xffff, 0xf7be, 0x10a2, 0x0000, 0x0000, 0x0000, 0x0000, 0x0000, 
	0xde80, 0xde80, 0xd640, 0xd660, 0xdea0, 0xd660, 0xd660, 0xdea0, 0xd660, 0xd640, 0xde80, 0xd660, 0xd640, 0xde80, 0xd660, 0xd640, 
	0xde80, 0xde80, 0xd640, 0xd660, 0xde80, 0xdea0, 0xde80, 0xb540, 0xbdc0, 0xe6c0, 0xdea0, 0xde80, 0xde80, 0xd640, 0xd660, 0xde80, 
	0xde80, 0xe6c0, 0xd660, 0xad40, 0xc5c0, 0xe6c0, 0xde80, 0xde80, 0xdea0, 0xb580, 0xc5c0, 0xde80, 0xd660, 0xdea0, 0xd640, 0xd660, 
	0xde80, 0xde80, 0xde80, 0xde80, 0xdea0, 0xbd80, 0xad20, 0xce20, 0xdea1, 0xd641, 0xd661, 0xd621, 0xad01, 0xb561, 0xd662, 0xd622, 
	0xcde2, 0xc5c2, 0xce02, 0xc5c2, 0xc5c2, 0xcde3, 0xcde3, 0xbda3, 0xbda3, 0xc5e3, 0xcde3, 0xa4c3, 0x9ca3, 0xc5a4, 0xc5c4, 0xbd84, 
	0xbd84, 0xbd84, 0xbd85, 0xbd65, 0xbd65, 0xbd65, 0xbd65, 0xb565, 0xb545, 0xb546, 0xb546, 0xb526, 0xb526, 0xb526, 0xad27, 0xad07, 
	0xad07, 0xad08, 0xace8, 0xa4e8, 0xa4c9, 0x9c8a, 0x8c2a, 0x7389, 0x5aa8, 0x2964, 0x9ccf, 0xffff, 0xa514, 0x0000, 0x0000, 0x0000, 
	0x0000, 0x0000, 0x0000, 0xad55, 0xffff, 0xffdf, 0xffff, 0xef7d, 0x18e3, 0x0000, 0x0000, 0x9cf3, 0xffff, 0xffff, 0xa534, 0x0000, 
	0x0000, 0x0000, 0x0000, 0x0000, 0x0000, 0x0000, 0x0000, 0x0000, 0x4a49, 0xffff, 0xffff, 0xf7be, 0x2124, 0x0000, 0x0000, 0x8430, 
	0xffff, 0xffff, 0xffff, 0xffff, 0xffff, 0xf7be, 0x2945, 0x0000, 0x0000, 0x0000, 0x0000, 0x0000, 0x31a6, 0xf79e, 0xffff, 0xffdf, 
	0x31a6, 0x0000, 0x0000, 0x6b6d, 0xffff, 0xffdf, 0xffff, 0xffff, 0xffff, 0xffff, 0xffff, 0xffdf, 0xffff, 0x9cd3, 0x0000, 0x0000, 
	0x0000, 0x0000, 0x0000, 0x0000, 0x0000, 0x0000, 0x0000, 0x0000, 0x0000, 0x0000, 0x18e3, 0xe71c, 0xffff, 0xffff, 0xffff, 0xffff, 
	0xffff, 0xffff, 0xffff, 0xffff, 0xffff, 0xffff, 0xffff, 0xffff, 0xffff, 0xffff, 0xffff, 0xffff, 0xffff, 0xffff, 0xf79e, 0x2945, 
	0x0000, 0x0000, 0x0000, 0x0000, 0x0000, 0x4228, 0xffff, 0xffff, 0xffff, 0xffff, 0xffdf, 0xffff, 0x7bef, 0x0000, 0x0000, 0x39e7, 
	0xffdf, 0xffff, 0xffff, 0xffff, 0xffff, 0xffff, 0xffff, 0xffff, 0xffff, 0xf7be, 0x10a2, 0x0000, 0x0000, 0x0000, 0x0000, 0x0000, 
	0xde80, 0xde80, 0xdea0, 0xde80, 0xde80, 0xde80, 0xdea0, 0xde80, 0xde80, 0xdea0, 0xde80, 0xde80, 0xdea0, 0xde80, 0xde80, 0xdea0, 
	0xde80, 0xde80, 0xdea0, 0xdea0, 0xde80, 0xde80, 0xde80, 0xe6c0, 0xe6c0, 0xde80, 0xde80, 0xde80, 0xde80, 0xdea0, 0xde80, 0xde80, 
	0xde80, 0xde80, 0xde80, 0xe6c0, 0xe6a0, 0xde80, 0xde80, 0xde80, 0xde80, 0xe6c0, 0xe6a0, 0xde80, 0xdea0, 0xde80, 0xdea0, 0xde80, 
	0xde80, 0xde80, 0xde80, 0xde80, 0xd660, 0xde80, 0xdea0, 0xd660, 0xd641, 0xd641, 0xd641, 0xd641, 0xde61, 0xd641, 0xce02, 0xce22, 
	0xce02, 0xce22, 0xce02, 0xce02, 0xce02, 0xc5e3, 0xc5e3, 0xc5e3, 0xc5e3, 0xc5c3, 0xc5a3, 0xc5e4, 0xc5e4, 0xc5a4, 0xbda4, 0xbda4, 
	0xbd84, 0xbd84, 0xbd85, 0xbd65, 0xbd65, 0xb565, 0xb546, 0xb546, 0xb546, 0xb526, 0xad27, 0xad07, 0xad07, 0xad08, 0xa4e8, 0xa4e8, 
	0xa4c9, 0xa4a9, 0x9ca9, 0x9c89, 0x9469, 0x8c4a, 0x7bca, 0x6b49, 0x52a8, 0x3185, 0x94b0, 0xffff, 0xa514, 0x0000, 0x0000, 0x0000, 
	0x0000, 0x0000, 0x0000, 0xad55, 0xffff, 0xffdf, 0xffff, 0xef7d, 0x18e3, 0x0000, 0x0000, 0x9cf3, 0xffff, 0xffff, 0xe71c, 0xad75, 
	0xb596, 0xb596, 0xb596, 0xb596, 0xb596, 0xb596, 0xb596, 0xad75, 0xc638, 0xffff, 0xffff, 0xf7be, 0x2124, 0x0000, 0x0000, 0x8430, 
	0xffff, 0xffff, 0xffff, 0xffff, 0xffff, 0xffff, 0xbdf7, 0xb596, 0xb596, 0xb596, 0xb596, 0xb5b6, 0x9cd3, 0x528a, 0x4a49, 0x4a69, 
	0x9cf3, 0xb5b6, 0xb5b6, 0x8430, 0x4228, 0x4a69, 0x4a69, 0x4a69, 0x4a69, 0x4a49, 0xd69a, 0xffff, 0xffff, 0xdefb, 0xad75, 0xb5b6, 
	0x9cd3, 0x1082, 0x0000, 0x0000, 0x7bef, 0xb5b6, 0xbdd7, 0x738e, 0x0000, 0x0000, 0x0841, 0x4228, 0x4a69, 0x4a69, 0x4a69, 0x4a69, 
	0x4208, 0x8430, 0xffff, 0xffff, 0xffff, 0xffff, 0xffff, 0xffff, 0x8c71, 0x4228, 0x4a69, 0x4a69, 0x4a69, 0x4a49, 0x528a, 0xa514, 
	0xb5b6, 0xb5b6, 0x4a69, 0x0000, 0x0000, 0x10a2, 0x4a69, 0x4a69, 0x4a69, 0x4a69, 0x4a69, 0x4a49, 0x8410, 0xb5b6, 0xb5b6, 0x9cd3, 
	0x4a69, 0x4a69, 0x4a69, 0x4a69, 0x4a69, 0x4208, 0xb596, 0xffff, 0xffff, 0xf7be, 0x10a2, 0x0000, 0x0000, 0x0000, 0x0000, 0x0000, 
	0xde80, 0xde80, 0xde80, 0xde80, 0xde80, 0xde80, 0xde80, 0xde80, 0xde80, 0xde80, 0xde80, 0xde80, 0xde80, 0xde80, 0xde80, 0xde80, 
	0xde80, 0xde80, 0xde80, 0xde80, 0xde80, 0xde80, 0xde80, 0xde80, 0xde80, 0xde80, 0xde80, 0xde80, 0xde80, 0xde80, 0xde80, 0xde80, 
	0xde80, 0xde80, 0xde80, 0xde80, 0xde80, 0xde80, 0xde80, 0xde80, 0xde80, 0xde80, 0xde80, 0xde80, 0xde80, 0xde80, 0xde80, 0xde80, 
	0xde80, 0xde80, 0xde80, 0xde80, 0xde60, 0xd660, 0xd660, 0xd660, 0xd661, 0xd641, 0xd641, 0xd641, 0xd621, 0xce21, 0xce22, 0xce22, 
	0xce02, 0xce02, 0xce02, 0xce02, 0xcde2, 0xcde3, 0xc5e3, 0xc5e3, 0xc5c3, 0xc5c3, 0xc5c3, 0xc5a3, 0xc5a4, 0xbda4, 0xbd84, 0xbd85, 
	0xbd85, 0xbd65, 0xb566, 0xb546, 0xb546, 0xad27, 0xad27, 0xad07, 0xace7, 0xa4e8, 0xa4c8, 0x9cc8, 0x9ca8, 0x9c88, 0x9468, 0x9468, 
	0x8c49, 0x8c29, 0x8c09, 0x8409, 0x83e9, 0x7baa, 0x736a, 0x62e9, 0x4a48, 0x2964, 0x948f, 0xffff, 0xa514, 0x0000, 0x0000, 0x0000, 
	0x0000, 0x0000, 0x0000, 0xad55, 0xffff, 0xffdf, 0xffff, 0xef7d, 0x18e3, 0x0000, 0x0000, 0x9cf3, 0xffff, 0xffdf, 0xffff, 0xffff, 
	0xffff, 0xffff, 0xffff, 0xffff, 0xffff, 0xffff, 0xffff, 0xffff, 0xffff, 0xffff, 0xffff, 0xf7be, 0x2124, 0x0000, 0x0000, 0x8430, 
	0xffff, 0xffff, 0xffff, 0xffff, 0xffff, 0xffff, 0xffff, 0xffff, 0xffff, 0xffff, 0xffff, 0xffff, 0xce59, 0x0020, 0x0000, 0x0000, 
	0xce59, 0xffff, 0xffff, 0x9492, 0x0000, 0x0000, 0x0000, 0x0000, 0x0000, 0x0000, 0xbdf7, 0xffff, 0xffdf, 0xffff, 0xffff, 0xffff, 
	0xe71c, 0x18c3, 0x0000, 0x0000, 0xbdd7, 0xffff, 0xffff, 0xa514, 0x0000, 0x0020, 0x0000, 0x0000, 0x0000, 0x0000, 0x0000, 0x0000, 
	0x0000, 0x528a, 0xffff, 0xffff, 0xffff, 0xffff, 0xffff, 0xffff, 0x5aeb, 0x0000, 0x0000, 0x0000, 0x0000, 0x0000, 0x0020, 0xd6ba, 
	0xffff, 0xffff, 0x738e, 0x0000, 0x0000, 0x0000, 0x0000, 0x0000, 0x0000, 0x0000, 0x0000, 0x0000, 0x8410, 0xffff, 0xffff, 0xc618, 
	0x0000, 0x0000, 0x0000, 0x0000, 0x0020, 0x0000, 0x8c71, 0xffff, 0xffff, 0xf7be, 0x10a2, 0x0000, 0x0000, 0x0000, 0x0000, 0x0000, 
	0xde80, 0xde80, 0xde80, 0xde80, 0xde80, 0xde80, 0xde80, 0xde80, 0xde80, 0xde80, 0xde80, 0xde80, 0xde80, 0xde80, 0xde80, 0xde80, 
	0xde80, 0xde80, 0xde80, 0xde80, 0xde80, 0xde80, 0xde80, 0xde80, 0xde80, 0xde80, 0xde80, 0xde80, 0xde80, 0xde80, 0xde80, 0xde80, 
	0xde80, 0xde80, 0xde80, 0xde80, 0xde80, 0xde80, 0xde80, 0xde80, 0xde80, 0xde80, 0xde80, 0xde80, 0xde80, 0xde80, 0xde80, 0xde80, 
	0xde80, 0xde80, 0xde80, 0xde80, 0xde60, 0xd660, 0xd660, 0xd660, 0xd641, 0xd641, 0xd641, 0xd641, 0xd621, 0xd621, 0xce21, 0xce22, 
	0xce02, 0xce02, 0xce02, 0xce02, 0xcde3, 0xc5e3, 0xc5c3, 0xc5c4, 0xc5a4, 0xbda4, 0xbd85, 0xbd85, 0xbd65, 0xb566, 0xb546, 0xb526, 
	0xad27, 0xad07, 0xace7, 0xa4e7, 0xa4c7, 0x9ca8, 0x9ca8, 0x9c88, 0x9468, 0x9448, 0x8c28, 0x8c28, 0x8408, 0x83e8, 0x83c8, 0x7ba8, 
	0x7388, 0x7347, 0x6b27, 0x62e6, 0x5aa6, 0x5266, 0x41e5, 0x39a5, 0x3185, 0x2964, 0x8c4f, 0xffff, 0x9cf3, 0x0000, 0x0000, 0x0000, 
	0x0000, 0x0000, 0x0000, 0xad55, 0xffff, 0xffdf, 0xffff, 0xef7d, 0x18e3, 0x0000, 0x0000, 0xa534, 0xffff, 0xffff, 0xffff, 0xffff, 
	0xffff, 0xffff, 0xffff, 0xffff, 0xffff, 0xffff, 0xffff, 0xffff, 0xffff, 0xffff, 0xffff, 0xffdf, 0x2124, 0x0000, 0x0000, 0x8430, 
	0xffff, 0xffff, 0xffff, 0xffff, 0xffff, 0xffff, 0xffff, 0xffff, 0xffff, 0xffff, 0xffff, 0xffff, 0xce59, 0x0020, 0x0000, 0x0000, 
	0xc638, 0xffff, 0xffff, 0x8c71, 0x0000, 0x0020, 0x0000, 0x0000, 0x0000, 0x0000, 0xc638, 0xffff, 0xffff, 0xffff, 0xffff, 0xffff, 
	0xdefb, 0x1082, 0x0000, 0x0000, 0xb5b6, 0xffff, 0xffff, 0x9cf3, 0x0000, 0x0000, 0x0000, 0x0000, 0x0000, 0x0000, 0x0000, 0x0020, 
	0x0000, 0x5acb, 0xffff, 0xffff, 0xffff, 0xffff, 0xffff, 0xffff, 0x632c, 0x0000, 0x0020, 0x0000, 0x0000, 0x0000, 0x0020, 0xce79, 
	0xffff, 0xffff, 0x6b6d, 0x0000, 0x0000, 0x0000, 0x0000, 0x0000, 0x0000, 0x0000, 0x0000, 0x0000, 0x7bcf, 0xffff, 0xffff, 0xbdd7, 
	0x0000, 0x0000, 0x0000, 0x0000, 0x0020, 0x0000, 0x9492, 0xffff, 0xffff, 0xf7be, 0x10a2, 0x0000, 0x0000, 0x0000, 0x0000, 0x0000, 
	0xde80, 0xde80, 0xde80, 0xde80, 0xde80, 0xde80, 0xde80, 0xde80, 0xde80, 0xde80, 0xde80, 0xde80, 0xde80, 0xde80, 0xde80, 0xde80, 
	0xde80, 0xde80, 0xde80, 0xde80, 0xde80, 0xde80, 0xde80, 0xde80, 0xde80, 0xde80, 0xde80, 0xde80, 0xde80, 0xde80, 0xde80, 0xde80, 
	0xde80, 0xde80, 0xde80, 0xde80, 0xde80, 0xde80, 0xde80, 0xde80, 0xde80, 0xde80, 0xde80, 0xde80, 0xde80, 0xde80, 0xde80, 0xde80, 
	0xde80, 0xde80, 0xde80, 0xde80, 0xde60, 0xde60, 0xd660, 0xd660, 0xd640, 0xd641, 0xd641, 0xd641, 0xd622, 0xce22, 0xce02, 0xce02, 
	0xcde3, 0xc5e3, 0xc5c4, 0xc5c4, 0xbda4, 0xbd85, 0xbd85, 0xb565, 0xb546, 0xad46, 0xad26, 0xad06, 0xa4e7, 0xa4e7, 0x9cc7, 0x9ca7, 
	0x9c87, 0x9467, 0x9447, 0x8c47, 0x8c27, 0x8408, 0x83e8, 0x7bc7, 0x7b87, 0x7367, 0x6b26, 0x6306, 0x5ac5, 0x5285, 0x4a44, 0x4a24, 
	0x4a45, 0x5266, 0x5266, 0x5ae9, 0x6b6b, 0x83ee, 0x9491, 0xa513, 0xbdd6, 0xd69a, 0xf77d, 0xffff, 0xdefb, 0x0020, 0x0000, 0x0000, 
	0x0000, 0x0000, 0x0000, 0xad55, 0xffff, 0xffdf, 0xffff, 0xef7d, 0x18e3, 0x0000, 0x0000, 0x5acb, 0x94b2, 0x8c71, 0x8c71, 0x8c71, 
	0x8c71, 0x8c71, 0x8c71, 0x8c71, 0x8c71, 0x8c71, 0x8c71, 0x8c71, 0x8c71, 0x8c71, 0x9492, 0x8c71, 0x10a2, 0x0000, 0x0000, 0x8430, 
	0xffff, 0xffff, 0xdefb, 0x8c71, 0x8c71, 0x8c71, 0x8c71, 0x8c71, 0x8c71, 0x8c71, 0x8c71, 0x9492, 0x8c51, 0x6b6d, 0x6b6d, 0x6b6d, 
	0xdefb, 0xffff, 0xffff, 0x8c71, 0x0000, 0x0000, 0x10a2, 0x6b4d, 0x6b6d, 0x6b6d, 0x8c51, 0x9492, 0x8c71, 0x8c71, 0x8c71, 0x9492, 
	0x8c71, 0x738e, 0x6b6d, 0x6b6d, 0x8430, 0x9492, 0x9492, 0x8430, 0x6b4d, 0x738e, 0x630c, 0x0861, 0x0000, 0x0000, 0x0000, 0x0000, 
	0x0000, 0x52aa, 0xffff, 0xffff, 0xffff, 0xffff, 0xffff, 0xffff, 0x632c, 0x0000, 0x0000, 0x2124, 0x738e, 0x6b6d, 0x738e, 0xe73c, 
	0xffff, 0xffff, 0x6b6d, 0x0000, 0x0000, 0x2104, 0x738e, 0x6b6d, 0x6b6d, 0x6b6d, 0x6b6d, 0x6b4d, 0xb5b6, 0xffff, 0xffff, 0xdedb, 
	0x6b6d, 0x6b6d, 0x6b6d, 0x18c3, 0x0000, 0x0000, 0x9492, 0xffff, 0xffff, 0xf7be, 0x10a2, 0x0000, 0x0000, 0x0000, 0x0000, 0x0000, 
	0xde80, 0xde80, 0xde80, 0xde80, 0xde80, 0xde80, 0xde80, 0xde80, 0xde80, 0xde80, 0xde80, 0xde80, 0xde80, 0xde80, 0xde80, 0xde80, 
	0xde80, 0xde80, 0xde80, 0xde80, 0xde80, 0xde80, 0xde80, 0xde80, 0xde80, 0xde80, 0xde80, 0xde80, 0xde80, 0xde80, 0xde80, 0xde80, 
	0xde80, 0xde80, 0xde80, 0xde80, 0xde80, 0xde80, 0xde80, 0xde80, 0xde80, 0xde80, 0xde80, 0xde80, 0xde80, 0xde80, 0xde80, 0xde80, 
	0xde80, 0xde80, 0xde80, 0xde80, 0xd660, 0xd661, 0xd641, 0xd641, 0xce22, 0xce22, 0xce03, 0xc603, 0xc5e4, 0xc5c4, 0xbda4, 0xbd85, 
	0xbd85, 0xb565, 0xb545, 0xad26, 0xad06, 0xa506, 0xa4e6, 0x9cc6, 0x9ca6, 0x9c86, 0x9467, 0x9447, 0x8c47, 0x8c27, 0x8407, 0x83c7, 
	0x7ba6, 0x7386, 0x6b46, 0x6305, 0x5ac5, 0x5284, 0x4a43, 0x4a44, 0x5265, 0x5266, 0x5286, 0x62e9, 0x738b, 0x840e, 0x94b1, 0xad54, 
	0xc617, 0xd6ba, 0xef7d, 0xffff, 0xffff, 0xffff, 0xffff, 0xffff, 0xffff, 0xffff, 0xffdf, 0xef7d, 0x9cf3, 0x0000, 0x0000, 0x0000, 
	0x0000, 0x0000, 0x0000, 0xa534, 0xffff, 0xffdf, 0xffff, 0xef7d, 0x18e3, 0x0000, 0x0000, 0x0000, 0x0000, 0x0000, 0x0000, 0x0000, 
	0x0000, 0x0000, 0x0000, 0x0000, 0x0000, 0x0000, 0x0000, 0x0000, 0x0000, 0x0000, 0x0000, 0x0000, 0x0000, 0x0000, 0x0000, 0x8430, 
	0xffff, 0xffff, 0xb5b6, 0x0000, 0x0000, 0x0000, 0x0000, 0x0000, 0x0000, 0x0000, 0x0000, 0x0000, 0x31a6, 0xffdf, 0xffff, 0xffff, 
	0xffff, 0xffff, 0xffff, 0x8c71, 0x0000, 0x0000, 0x3186, 0xf7be, 0xffff, 0xffff, 0x39c7, 0x0000, 0x0000, 0x0000, 0x0000, 0x0000, 
	0x2104, 0xef5d, 0xffff, 0xffff, 0x4a49, 0x0000, 0x0000, 0x630c, 0xffff, 0xffff, 0xe73c, 0x18e3, 0x0000, 0x0000, 0x0000, 0x0020, 
	0x0000, 0x52aa, 0xffff, 0xffff, 0xffff, 0xffff, 0xffff, 0xffff, 0x632c, 0x0000, 0x0000, 0x528a, 0xffff, 0xffff, 0xffff, 0xffff, 
	0xffff, 0xffff, 0x6b6d, 0x0000, 0x0000, 0x4a49, 0xffff, 0xffff, 0xffff, 0xffff, 0xffff, 0xffff, 0xffff, 0xffff, 0xffff, 0xffff, 
	0xffff, 0xffff, 0xffff, 0x39c7, 0x0000, 0x0000, 0x9492, 0xffff, 0xffff, 0xf79e, 0x10a2, 0x0000, 0x0000, 0x0000, 0x0000, 0x0000, 
	0xde80, 0xde80, 0xde80, 0xde80, 0xde80, 0xde80, 0xde80, 0xde80, 0xde80, 0xde80, 0xde80, 0xde80, 0xde80, 0xde80, 0xde80, 0xde80, 
	0xde80, 0xde80, 0xde80, 0xde80, 0xde80, 0xde80, 0xde80, 0xde80, 0xde80, 0xde80, 0xde80, 0xde80, 0xde80, 0xde80, 0xde80, 0xde80, 
	0xde80, 0xde80, 0xde80, 0xde80, 0xde80, 0xde80, 0xde80, 0xde80, 0xde80, 0xde80, 0xde80, 0xde80, 0xde80, 0xde80, 0xde60, 0xd661, 
	0xd661, 0xd641, 0xd642, 0xce22, 0xce02, 0xc5e3, 0xc5e3, 0xc5c4, 0xbda4, 0xbd84, 0xb565, 0xb565, 0xad45, 0xad25, 0xa505, 0xa4e5, 
	0x9cc6, 0x9ca6, 0x9c86, 0x9466, 0x9446, 0x8c46, 0x8c26, 0x83e6, 0x7bc6, 0x7386, 0x6b45, 0x6305, 0x5ac4, 0x5283, 0x4a43, 0x5264, 
	0x5265, 0x5285, 0x52a6, 0x6329, 0x73ac, 0x8c2e, 0x9cd1, 0xad74, 0xc637, 0xdedb, 0xf79e, 0xffff, 0xffff, 0xffff, 0xffff, 0xffff, 
	0xffff, 0xffff, 0xffdf, 0xe71c, 0xc638, 0xad55, 0x8c71, 0x738e, 0x52aa, 0x39e7, 0x2104, 0x0861, 0x0000, 0x0000, 0x0000, 0x0000, 
	0x0000, 0x0000, 0x0000, 0x94b2, 0xffff, 0xffdf, 0xffff, 0xef7d, 0x18c3, 0x0000, 0x0000, 0x0000, 0x0000, 0x0000, 0x0000, 0x0000, 
	0x0000, 0x0000, 0x0000, 0x0000, 0x0000, 0x0000, 0x0000, 0x0000, 0x0000, 0x0000, 0x0000, 0x0000, 0x0000, 0x0000, 0x0000, 0x8410, 
	0xffff, 0xffff, 0xbdd7, 0x0000, 0x0000, 0x0000, 0x0000, 0x0000, 0x0000, 0x0000, 0x0000, 0x0000, 0x3186, 0xf79e, 0xffff, 0xffff, 
	0xffff, 0xffff, 0xffff, 0x8c71, 0x0000, 0x0000, 0x2965, 0xef7d, 0xffff, 0xffdf, 0x39c7, 0x0000, 0x0000, 0x0000, 0x0000, 0x0000, 
	0x2104, 0xe73c, 0xffff, 0xffff, 0x4a49, 0x0000, 0x0000, 0x5aeb, 0xffff, 0xffff, 0xdefb, 0x18c3, 0x0000, 0x0000, 0x0000, 0x0000, 
	0x0000, 0x52aa, 0xffff, 0xffff, 0xffff, 0xffff, 0xffff, 0xffff, 0x5aeb, 0x0000, 0x0000, 0x4a69, 0xffff, 0xffff, 0xffff, 0xffff, 
	0xffff, 0xffff, 0x6b4d, 0x0000, 0x0000, 0x4208, 0xffff, 0xffff, 0xffff, 0xffff, 0xffff, 0xffff, 0xffff, 0xffff, 0xffff, 0xffff, 
	0xffff, 0xffff, 0xffdf, 0x3186, 0x0000, 0x0000, 0x8c71, 0xffff, 0xffff, 0xf79e, 0x0861, 0x0000, 0x0000, 0x0000, 0x0000, 0x0000, 
	0xde80, 0xde80, 0xde80, 0xde80, 0xde80, 0xde80, 0xde80, 0xde80, 0xde80, 0xde80, 0xde80, 0xde80, 0xde80, 0xde80, 0xde80, 0xde80, 
	0xde80, 0xde80, 0xde80, 0xde80, 0xde80, 0xde80, 0xde80, 0xde80, 0xde80, 0xde80, 0xde80, 0xde80, 0xde80, 0xde80, 0xde80, 0xde80, 
	0xde80, 0xde80, 0xde80, 0xde80, 0xde80, 0xde80, 0xd660, 0xd661, 0xd661, 0xd641, 0xd642, 0xce22, 0xce22, 0xce03, 0xc5e3, 0xc5e3, 
	0xc5c3, 0xbdc3, 0xbda4, 0xb584, 0xb564, 0xad44, 0xad25, 0xa505, 0xa4e5, 0x9cc5, 0x9ca5, 0x9485, 0x9466, 0x9446, 0x8c26, 0x8405, 
	0x7bc5, 0x7385, 0x6b65, 0x6324, 0x5ae3, 0x5283, 0x5263, 0x5263, 0x5284, 0x5285, 0x5ac6, 0x6b49, 0x7bcc, 0x8c4f, 0x9cf2, 0xb595, 
	0xce58, 0xe6fb, 0xf7be, 0xffff, 0xffff, 0xffff, 0xffff, 0xffff, 0xffff, 0xffff, 0xf7be, 0xdefb, 0xc618, 0xa534, 0x8430, 0x6b6d, 
	0x528a, 0x31a6, 0x18c3, 0x0841, 0x0000, 0x0000, 0x0000, 0x0000, 0x0000, 0x0000, 0x0000, 0x0000, 0x0000, 0x0000, 0x0000, 0x0000, 
	0x0000, 0x0020, 0x0000, 0x6b4d, 0xffff, 0xffdf, 0xffff, 0xf79e, 0x39c7, 0x18e3, 0x2124, 0x2124, 0x2124, 0x2124, 0x2124, 0x2124, 
	0x2124, 0x2124, 0x2124, 0x2124, 0x2124, 0x2124, 0x2124, 0x2124, 0x2124, 0x2124, 0x2124, 0x2124, 0x2124, 0x2124, 0x18c3, 0x94b2, 
	0xffff, 0xffff, 0xc618, 0x2124, 0x2124, 0x2124, 0x2124, 0x2124, 0x2124, 0x2124, 0x2124, 0x18e3, 0x528a, 0xf7be, 0xffff, 0xffff, 
	0xffff, 0xffff, 0xffff, 0x9cf3, 0x18c3, 0x2104, 0x4a49, 0xf79e, 0xffff, 0xffff, 0x52aa, 0x18c3, 0x2124, 0x2124, 0x2124, 0x18e3, 
	0x4208, 0xef5d, 0xffff, 0xffff, 0x630c, 0x18e3, 0x18c3, 0x738e, 0xffff, 0xffff, 0xe73c, 0x39c7, 0x2104, 0x2124, 0x2124, 0x2124, 
	0x18c3, 0x6b4d, 0xffff, 0xffff, 0xffff, 0xffff, 0xffff, 0xffff, 0x73ae, 0x18e3, 0x18c3, 0x632c, 0xffff, 0xffff, 0xffff, 0xffff, 
	0xffff, 0xffff, 0x7bef, 0x18e3, 0x18e3, 0x5aeb, 0xffff, 0xffff, 0xffff, 0xffff, 0xffff, 0xffff, 0xffff, 0xffff, 0xffff, 0xffff, 
	0xffff, 0xffff, 0xffdf, 0x4a69, 0x18e3, 0x18c3, 0x9cf3, 0xffff, 0xffff, 0xb5b6, 0x0000, 0x0000, 0x0000, 0x0000, 0x0000, 0x0000, 
	0xde80, 0xde80, 0xde80, 0xde80, 0xde80, 0xde80, 0xde80, 0xde80, 0xde80, 0xde80, 0xde80, 0xde80, 0xde80, 0xde80, 0xde80, 0xde80, 
	0xde80, 0xde80, 0xde80, 0xde80, 0xde80, 0xde80, 0xde80, 0xde80, 0xde80, 0xde80, 0xde80, 0xde80, 0xde80, 0xde80, 0xd661, 0xd661, 
	0xd641, 0xd641, 0xce42, 0xce22, 0xce02, 0xce03, 0xc5e3, 0xc5e3, 0xc5c3, 0xbda4, 0xbda4, 0xb584, 0xb564, 0xb544, 0xad24, 0xad24, 
	0xa504, 0xa4e4, 0x9cc5, 0x9ca5, 0x9485, 0x9465, 0x8c45, 0x8405, 0x7bc5, 0x7ba4, 0x7364, 0x6b23, 0x62e3, 0x5282, 0x5262, 0x5283, 
	0x5284, 0x5285, 0x5ac7, 0x6b49, 0x7bec, 0x8c6f, 0xa512, 0xb5b5, 0xce78, 0xe71c, 0xffde, 0xffff, 0xffff, 0xffff, 0xffff, 0xffff, 
	0xffff, 0xffff, 0xf79e, 0xdedb, 0xbdf7, 0x9cf3, 0x8410, 0x634d, 0x4a69, 0x3186, 0x10a2, 0x0841, 0x0000, 0x0000, 0x0000, 0x0000, 
	0x0000, 0x0000, 0x0000, 0x0000, 0x0000, 0x0000, 0x0000, 0x0020, 0x0000, 0x0000, 0x0000, 0x0000, 0x0000, 0x0000, 0x0000, 0x0000, 
	0x0000, 0x0000, 0x0000, 0x1082, 0xdefb, 0xffff, 0xffff, 0xffff, 0xf7be, 0xf7be, 0xf7be, 0xf7be, 0xf7be, 0xf7be, 0xf7be, 0xf7be, 
	0xf7be, 0xf7be, 0xf7be, 0xf7be, 0xf7be, 0xf7be, 0xf7be, 0xf7be, 0xf7be, 0xf7be, 0xf7be, 0xf7be, 0xf7be, 0xf7be, 0xf79e, 0xffdf, 
	0xffff, 0xffff, 0xffdf, 0xf7be, 0xf7be, 0xf7be, 0xf7be, 0xf7be, 0xf7be, 0xf7be, 0xf7be, 0xf7be, 0xf7be, 0xffff, 0xffff, 0xffff, 
	0xffff, 0xffff, 0xffff, 0xffdf, 0xf79e, 0xf7be, 0xf7be, 0xffff, 0xffff, 0xffff, 0xf7be, 0xf79e, 0xf7be, 0xf7be, 0xf7be, 0xf7be, 
	0xf7be, 0xffff, 0xffff, 0xffff, 0xf7be, 0xf79e, 0xf7be, 0xf7be, 0xffff, 0xffff, 0xffff, 0xf7be, 0xf7be, 0xf7be, 0xf7be, 0xf7be, 
	0xf79e, 0xf7be, 0xffff, 0xffff, 0xffff, 0xffff, 0xffff, 0xffff, 0xffdf, 0xf79e, 0xf7be, 0xf7be, 0xffff, 0xffff, 0xffff, 0xffff, 
	0xffff, 0xffff, 0xffdf, 0xf7be, 0xf79e, 0xf7be, 0xffff, 0xffff, 0xffff, 0xffff, 0xffff, 0xffff, 0xffff, 0xffff, 0xffff, 0xffff, 
	0xffff, 0xffff, 0xffff, 0xf7be, 0xf7be, 0xf7be, 0xffdf, 0xffff, 0xffff, 0x4a69, 0x0000, 0x0000, 0x0000, 0x0000, 0x0000, 0x0000, 
	0xde80, 0xde80, 0xde80, 0xde80, 0xde80, 0xde80, 0xde80, 0xde80, 0xde80, 0xde80, 0xde80, 0xde80, 0xde80, 0xde80, 0xde80, 0xde80, 
	0xde80, 0xde80, 0xde80, 0xde80, 0xde80, 0xde60, 0xd661, 0xd661, 0xd641, 0xd642, 0xce42, 0xce22, 0xce02, 0xce03, 0xc5e3, 0xc5e3, 
	0xc5c3, 0xbda3, 0xbd84, 0xb584, 0xb564, 0xb544, 0xad24, 0xad04, 0xa4e4, 0xa4c4, 0x9cc5, 0x9ca5, 0x9485, 0x9465, 0x8c45, 0x8404, 
	0x83e4, 0x7ba4, 0x7363, 0x6b23, 0x62e2, 0x52a2, 0x5282, 0x5283, 0x52a4, 0x52a5, 0x62e7, 0x736a, 0x840c, 0x948f, 0xa532, 0xbdd6, 
	0xd699, 0xef5c, 0xffdf, 0xffff, 0xffff, 0xffff, 0xffff, 0xffff, 0xffff, 0xffff, 0xef7d, 0xd6ba, 0xb5b6, 0x9cd3, 0x7bef, 0x630c, 
	0x4a49, 0x2965, 0x10a2, 0x0020, 0x0000, 0x0000, 0x0000, 0x0000, 0x0000, 0x0000, 0x0000, 0x0000, 0x0000, 0x0000, 0x0020, 0x0020, 
	0x0000, 0x0000, 0x0000, 0x0000, 0x0000, 0x0000, 0x0000, 0x0000, 0x0000, 0x0000, 0x0000, 0x0000, 0x0000, 0x0000, 0x0000, 0x0000, 
	0x0000, 0x0000, 0x0000, 0x0000, 0x528a, 0xffff, 0xffff, 0xffff, 0xffff, 0xffff, 0xffff, 0xffff, 0xffff, 0xffff, 0xffff, 0xffff, 
	0xffff, 0xffff, 0xffff, 0xffff, 0xffff, 0xffff, 0xffff, 0xffff, 0xffff, 0xffff, 0xffff, 0xffff, 0xffff, 0xffff, 0xffff, 0xffff, 
	0xffff, 0xffff, 0xffff, 0xffff, 0xffff, 0xffff, 0xffff, 0xffff, 0xffff, 0xffff, 0xffff, 0xffff, 0xffff, 0xffff, 0xffff, 0xffff, 
	0xffff, 0xffff, 0xffff, 0xffff, 0xffff, 0xffff, 0xffff, 0xffff, 0xffff, 0xffff, 0xffff, 0xffff, 0xffff, 0xffff, 0xffff, 0xffff, 
	0xffff, 0xffff, 0xffff, 0xffff, 0xffff, 0xffff, 0xffff, 0xffff, 0xffff, 0xffff, 0xffff, 0xffff, 0xffff, 0xffff, 0xffff, 0xffff, 
	0xffff, 0xffff, 0xffff, 0xffff, 0xffff, 0xffff, 0xffff, 0xffff, 0xffff, 0xffff, 0xffff, 0xffff, 0xffff, 0xffff, 0xffff, 0xffff, 
	0xffff, 0xffff, 0xffff, 0xffff, 0xffff, 0xffff, 0xffff, 0xffff, 0xffff, 0xffff, 0xffff, 0xffff, 0xffff, 0xffff, 0xffff, 0xffff, 
	0xffff, 0xffff, 0xffff, 0xffff, 0xffff, 0xffff, 0xffff, 0xffff, 0x9cf3, 0x0000, 0x0000, 0x0000, 0x0000, 0x0000, 0x0000, 0x0000, 
	0xde80, 0xde80, 0xde80, 0xde80, 0xde80, 0xde80, 0xde80, 0xde80, 0xde80, 0xde80, 0xde80, 0xde80, 0xde80, 0xd660, 0xd661, 0xd661, 
	0xd641, 0xd642, 0xce22, 0xce22, 0xce03, 0xc5e3, 0xc5e3, 0xc5c3, 0xbdc3, 0xbda4, 0xbd84, 0xb564, 0xb564, 0xad44, 0xad24, 0xa504, 
	0xa4e4, 0x9cc4, 0x9cc5, 0x9ca5, 0x9485, 0x9465, 0x8c45, 0x8404, 0x7bc4, 0x7ba4, 0x7363, 0x6323, 0x5ac2, 0x5282, 0x5282, 0x52a3, 
	0x52a4, 0x5aa5, 0x6307, 0x738a, 0x840d, 0x94b0, 0xad53, 0xbdf6, 0xd6b9, 0xef7d, 0xffdf, 0xffff, 0xffff, 0xffff, 0xffff, 0xffff, 
	0xffff, 0xffff, 0xef5d, 0xce79, 0xb596, 0x94b2, 0x7bcf, 0x5aeb, 0x4228, 0x2945, 0x1082, 0x0020, 0x0000, 0x0000, 0x0000, 0x0000, 
	0x0000, 0x0000, 0x0000, 0x0000, 0x0000, 0x0000, 0x0020, 0x0000, 0x0000, 0x0000, 0x0000, 0x0000, 0x0000, 0x0000, 0x0000, 0x0000, 
	0x0000, 0x0000, 0x0000, 0x0000, 0x0000, 0x0000, 0x0000, 0x0000, 0x0000, 0x0000, 0x0000, 0x0000, 0x0000, 0x0000, 0x0000, 0x0000, 
	0x0000, 0x0000, 0x0000, 0x0000, 0x0000, 0x632c, 0xf7be, 0xffff, 0xffff, 0xffff, 0xffff, 0xffff, 0xffff, 0xffff, 0xffff, 0xffff, 
	0xffff, 0xffff, 0xffff, 0xffff, 0xffff, 0xffff, 0xffff, 0xffff, 0xffff, 0xffff, 0xffff, 0xffff, 0xffff, 0xffff, 0xffff, 0xffff, 
	0xffff, 0xffff, 0xffff, 0xffff, 0xffff, 0xffff, 0xffff, 0xffff, 0xffff, 0xffff, 0xffff, 0xffff, 0xffff, 0xffff, 0xffff, 0xffff, 
	0xffff, 0xffff, 0xffff, 0xffff, 0xffff, 0xffff, 0xffff, 0xffff, 0xffff, 0xffff, 0xffff, 0xffff, 0xffff, 0xffff, 0xffff, 0xffff, 
	0xffff, 0xffff, 0xffff, 0xffff, 0xffff, 0xffff, 0xffff, 0xffff, 0xffff, 0xffff, 0xffff, 0xffff, 0xffff, 0xffff, 0xffff, 0xffff, 
	0xffff, 0xffff, 0xffff, 0xffff, 0xffff, 0xffff, 0xffff, 0xffff, 0xffff, 0xffff, 0xffff, 0xffff, 0xffff, 0xffff, 0xffff, 0xffff, 
	0xffff, 0xffff, 0xffff, 0xffff, 0xffff, 0xffff, 0xffff, 0xffff, 0xffff, 0xffff, 0xffff, 0xffff, 0xffff, 0xffff, 0xffff, 0xffff, 
	0xffff, 0xffff, 0xffff, 0xffff, 0xffff, 0xffff, 0xffff, 0xa514, 0x0841, 0x0000, 0x0000, 0x0000, 0x0000, 0x0000, 0x0000, 0x0000, 
	0xde80, 0xde80, 0xde80, 0xde80, 0xde80, 0xd660, 0xd661, 0xd661, 0xd641, 0xd642, 0xce22, 0xce02, 0xce03, 0xc5e3, 0xc5e3, 0xc5c3, 
	0xbda4, 0xbda4, 0xb584, 0xb564, 0xb544, 0xad44, 0xad24, 0xa504, 0xa4e4, 0x9cc4, 0x9ca5, 0x9485, 0x9485, 0x9465, 0x8c25, 0x83e4, 
	0x7bc4, 0x7384, 0x6b43, 0x6303, 0x5ac2, 0x5281, 0x5282, 0x5283, 0x52a4, 0x5aa5, 0x6327, 0x73aa, 0x842d, 0x9cd0, 0xad53, 0xc617, 
	0xdeda, 0xef7d, 0xffff, 0xffff, 0xffff, 0xffff, 0xffff, 0xffff, 0xffff, 0xffdf, 0xe73c, 0xce59, 0xad75, 0x9491, 0x73ae, 0x5acb, 
	0x39e7, 0x2124, 0x0861, 0x0020, 0x0000, 0x0000, 0x0000, 0x0000, 0x0000, 0x0000, 0x0000, 0x0000, 0x0000, 0x0000, 0x0000, 0x0000, 
	0x0000, 0x0000, 0x0000, 0x0000, 0x0000, 0x0000, 0x0000, 0x0000, 0x0000, 0x0000, 0x0000, 0x0000, 0x0000, 0x0000, 0x0000, 0x0000, 
	0x0000, 0x0000, 0x0000, 0x0000, 0x0000, 0x0000, 0x0000, 0x0000, 0x0000, 0x0000, 0x0000, 0x0000, 0x0000, 0x0000, 0x0000, 0x0000, 
	0x0000, 0x0000, 0x0000, 0x0000, 0x0000, 0x0000, 0x2965, 0x9cd3, 0xdefb, 0xf79e, 0xef7d, 0xf79e, 0xf79e, 0xf79e, 0xf79e, 0xf79e, 
	0xf79e, 0xf79e, 0xf79e, 0xf79e, 0xf79e, 0xf79e, 0xf79e, 0xf79e, 0xf79e, 0xf79e, 0xf79e, 0xf79e, 0xf79e, 0xf79e, 0xf79e, 0xf79e, 
	0xf79e, 0xf79e, 0xf79e, 0xf79e, 0xf79e, 0xf79e, 0xf79e, 0xf79e, 0xf79e, 0xf79e, 0xf79e, 0xf79e, 0xf79e, 0xf79e, 0xf79e, 0xf79e, 
	0xf79e, 0xf79e, 0xf79e, 0xf79e, 0xf79e, 0xf79e, 0xf79e, 0xf79e, 0xf79e, 0xf79e, 0xf79e, 0xf79e, 0xf79e, 0xf79e, 0xf79e, 0xf79e, 
	0xf79e, 0xf79e, 0xf79e, 0xf79e, 0xf79e, 0xf79e, 0xf79e, 0xf79e, 0xf79e, 0xf79e, 0xf79e, 0xf79e, 0xf79e, 0xf79e, 0xf79e, 0xf79e, 
	0xf79e, 0xf79e, 0xf79e, 0xf79e, 0xf79e, 0xf79e, 0xf79e, 0xf79e, 0xf79e, 0xf79e, 0xf79e, 0xf79e, 0xf79e, 0xf79e, 0xf79e, 0xf79e, 
	0xf79e, 0xf79e, 0xf79e, 0xf79e, 0xf79e, 0xf79e, 0xf79e, 0xf79e, 0xf79e, 0xf79e, 0xf79e, 0xf79e, 0xf79e, 0xf79e, 0xf79e, 0xf79e, 
	0xf79e, 0xf79e, 0xf79e, 0xf79e, 0xef5d, 0xb5b6, 0x528a, 0x0000, 0x0000, 0x0000, 0x0000, 0x0000, 0x0000, 0x0000, 0x0000, 0x0000, 
	0xd642, 0xce22, 0xce22, 0xce02, 0xce03, 0xc5e3, 0xc5e3, 0xc5c3, 0xbda3, 0xbda4, 0xb584, 0xb564, 0xad44, 0xad24, 0xad04, 0xa4e4, 
	0xa4e4, 0x9cc4, 0x9ca5, 0x9485, 0x9465, 0x8c45, 0x8c04, 0x83e4, 0x7bc4, 0x7384, 0x6b43, 0x6302, 0x5aa2, 0x5282, 0x5282, 0x5283, 
	0x5284, 0x5ac5, 0x6b28, 0x7bab, 0x8c4e, 0x9cd1, 0xad74, 0xc637, 0xdefb, 0xf79e, 0xffff, 0xffff, 0xffff, 0xffff, 0xffff, 0xffff, 
	0xffff, 0xffdf, 0xe71c, 0xc638, 0xad55, 0x8c51, 0x738d, 0x52aa, 0x39c7, 0x2104, 0x0861, 0x0020, 0x0000, 0x0000, 0x0000, 0x0000, 
	0x0000, 0x0000, 0x0000, 0x0000, 0x0000, 0x0000, 0x0020, 0x0000, 0x0000, 0x0000, 0x0000, 0x0000, 0x0000, 0x0000, 0x0000, 0x0000, 
	0x0000, 0x0000, 0x0000, 0x0000, 0x0000, 0x0000, 0x0000, 0x0000, 0x0000, 0x0000, 0x0000, 0x0000, 0x0000, 0x0000, 0x0000, 0x0000, 
	0x0000, 0x0000, 0x0000, 0x0000, 0x0000, 0x0000, 0x0000, 0x0000, 0x0000, 0x0000, 0x0000, 0x0000, 0x0000, 0x0000, 0x0000, 0x0000, 
	0x0000, 0x0000, 0x0000, 0x0000, 0x0000, 0x0000, 0x0000, 0x0000, 0x0841, 0x1082, 0x1082, 0x1082, 0x1082, 0x1082, 0x1082, 0x1082, 
	0x1082, 0x1082, 0x1082, 0x1082, 0x1082, 0x1082, 0x1082, 0x1082, 0x1082, 0x1082, 0x1082, 0x1082, 0x1082, 0x1082, 0x1082, 0x1082, 
	0x1082, 0x1082, 0x1082, 0x1082, 0x1082, 0x1082, 0x1082, 0x1082, 0x1082, 0x1082, 0x1082, 0x1082, 0x1082, 0x1082, 0x1082, 0x1082, 
	0x1082, 0x1082, 0x1082, 0x1082, 0x1082, 0x1082, 0x1082, 0x1082, 0x1082, 0x1082, 0x1082, 0x1082, 0x1082, 0x1082, 0x1082, 0x1082, 
	0x1082, 0x1082, 0x1082, 0x1082, 0x1082, 0x1082, 0x1082, 0x1082, 0x1082, 0x1082, 0x1082, 0x1082, 0x1082, 0x1082, 0x1082, 0x1082, 
	0x1082, 0x1082, 0x1082, 0x1082, 0x1082, 0x1082, 0x1082, 0x1082, 0x1082, 0x1082, 0x1082, 0x1082, 0x1082, 0x1082, 0x1082, 0x1082, 
	0x1082, 0x1082, 0x1082, 0x1082, 0x1082, 0x1082, 0x1082, 0x1082, 0x1082, 0x1082, 0x1082, 0x1082, 0x1082, 0x1082, 0x1082, 0x1082, 
	0x1082, 0x1082, 0x1082, 0x1082, 0x0861, 0x0000, 0x0000, 0x0000, 0x0000, 0x0000, 0x0000, 0x0000, 0x0000, 0x0000, 0x0000, 0x0000, 
	0xbda4, 0xbd84, 0xb584, 0xb564, 0xad44, 0xad24, 0xa504, 0xa4e4, 0x9cc4, 0x9ca5, 0x9ca5, 0x9485, 0x9465, 0x8c45, 0x8404, 0x83e4, 
	0x7ba4, 0x7363, 0x6b23, 0x62e2, 0x52a2, 0x5262, 0x5282, 0x5283, 0x5284, 0x5ac6, 0x6b48, 0x7bcb, 0x8c4e, 0x9cf1, 0xb594, 0xce58, 
	0xe6fb, 0xf7be, 0xffff, 0xffff, 0xffff, 0xffff, 0xffff, 0xffff, 0xffff, 0xf7be, 0xdefb, 0xc618, 0xa514, 0x8430, 0x6b4d, 0x528a, 
	0x31a6, 0x18c3, 0x0841, 0x0000, 0x0000, 0x0000, 0x0000, 0x0000, 0x0000, 0x0000, 0x0000, 0x0000, 0x0000, 0x0000, 0x0020, 0x0000, 
	0x0000, 0x0000, 0x0000, 0x0000, 0x0000, 0x0000, 0x0000, 0x0000, 0x0000, 0x0000, 0x0000, 0x0000, 0x0000, 0x0000, 0x0000, 0x0000, 
	0x0000, 0x0000, 0x0000, 0x0000, 0x0000, 0x0000, 0x0000, 0x0000, 0x0000, 0x0000, 0x0000, 0x0000, 0x0000, 0x0000, 0x0000, 0x0000, 
	0x0000, 0x0000, 0x0000, 0x0000, 0x0000, 0x0000, 0x0000, 0x0000, 0x0000, 0x0000, 0x0000, 0x0000, 0x0000, 0x0000, 0x0000, 0x0000, 
	0x0000, 0x0000, 0x0000, 0x0000, 0x0000, 0x0000, 0x0000, 0x0000, 0x0000, 0x0000, 0x0000, 0x0000, 0x0000, 0x0000, 0x0000, 0x0000, 
	0x0000, 0x0000, 0x0000, 0x0000, 0x0000, 0x0000, 0x0000, 0x0000, 0x0000, 0x0000, 0x0000, 0x0000, 0x0000, 0x0000, 0x0000, 0x0000, 
	0x0000, 0x0000, 0x0000, 0x0000, 0x0000, 0x0000, 0x0000, 0x0000, 0x0000, 0x0000, 0x0000, 0x0000, 0x0000, 0x0000, 0x0000, 0x0000, 
	0x0000, 0x0000, 0x0000, 0x0000, 0x0000, 0x0000, 0x0000, 0x0000, 0x0000, 0x0000, 0x0000, 0x0000, 0x0000, 0x0000, 0x0000, 0x0000, 
	0x0000, 0x0000, 0x0000, 0x0000, 0x0000, 0x0000, 0x0000, 0x0000, 0x0000, 0x0000, 0x0000, 0x0000, 0x0000, 0x0000, 0x0000, 0x0000, 
	0x0000, 0x0000, 0x0000, 0x0000, 0x0000, 0x0000, 0x0000, 0x0000, 0x0000, 0x0000, 0x0000, 0x0000, 0x0000, 0x0000, 0x0000, 0x0000, 
	0x0000, 0x0000, 0x0000, 0x0000, 0x0000, 0x0000, 0x0000, 0x0000, 0x0000, 0x0000, 0x0000, 0x0000, 0x0000, 0x0000, 0x0000, 0x0000, 
	0x0000, 0x0000, 0x0000, 0x0000, 0x0000, 0x0000, 0x0000, 0x0000, 0x0000, 0x0000, 0x0000, 0x0000, 0x0000, 0x0000, 0x0000, 0x0000, 
	0x9cc4, 0x9ca5, 0x9485, 0x9485, 0x9465, 0x8c25, 0x8404, 0x7bc4, 0x7ba4, 0x7363, 0x6323, 0x5ac2, 0x5282, 0x5262, 0x5283, 0x5283, 
	0x5284, 0x5ac6, 0x6b49, 0x7bec, 0x8c6f, 0xa512, 0xb5b5, 0xce58, 0xe71c, 0xffde, 0xffff, 0xffff, 0xffff, 0xffff, 0xffff, 0xffff, 
	0xffff, 0xf79e, 0xdedb, 0xbdd7, 0x9cf3, 0x8410, 0x632c, 0x4a69, 0x3186, 0x10a2, 0x0841, 0x0000, 0x0000, 0x0000, 0x0000, 0x0000, 
	0x0000, 0x0000, 0x0000, 0x0000, 0x0000, 0x0000, 0x0020, 0x0000, 0x0000, 0x0000, 0x0000, 0x0000, 0x0000, 0x0000, 0x0000, 0x0000, 
	0x0000, 0x0000, 0x0000, 0x0000, 0x0000, 0x0000, 0x0000, 0x0000, 0x0000, 0x0000, 0x0000, 0x0000, 0x0000, 0x0000, 0x0000, 0x0000, 
	0x0000, 0x0000, 0x0000, 0x0000, 0x0000, 0x0000, 0x0000, 0x0000, 0x0000, 0x0000, 0x0000, 0x0000, 0x0000, 0x0000, 0x0000, 0x0000, 
	0x0000, 0x0000, 0x0000, 0x0000, 0x0000, 0x0000, 0x0000, 0x0000, 0x0000, 0x0000, 0x0000, 0x0000, 0x0000, 0x0000, 0x0000, 0x0000, 
	0x0000, 0x0000, 0x0000, 0x0000, 0x0000, 0x0000, 0x0000, 0x0000, 0x0000, 0x0000, 0x0000, 0x0000, 0x0000, 0x0000, 0x0000, 0x0000, 
	0x0000, 0x0000, 0x0000, 0x0000, 0x0000, 0x0000, 0x0000, 0x0000, 0x0000, 0x0000, 0x0000, 0x0000, 0x0000, 0x0000, 0x0000, 0x0000, 
	0x0000, 0x0000, 0x0000, 0x0000, 0x0000, 0x0000, 0x0000, 0x0000, 0x0000, 0x0000, 0x0000, 0x0000, 0x0000, 0x0000, 0x0000, 0x0000, 
	0x0000, 0x0000, 0x0000, 0x0000, 0x0000, 0x0000, 0x0000, 0x0000, 0x0000, 0x0000, 0x0000, 0x0000, 0x0000, 0x0000, 0x0000, 0x0000, 
	0x0000, 0x0000, 0x0000, 0x0000, 0x0000, 0x0000, 0x0000, 0x0000, 0x0000, 0x0000, 0x0000, 0x0000, 0x0000, 0x0000, 0x0000, 0x0000, 
	0x0000, 0x0000, 0x0000, 0x0000, 0x0000, 0x0000, 0x0000, 0x0000, 0x0000, 0x0000, 0x0000, 0x0000, 0x0000, 0x0000, 0x0000, 0x0000, 
	0x0000, 0x0000, 0x0000, 0x0000, 0x0000, 0x0000, 0x0000, 0x0000, 0x0000, 0x0000, 0x0000, 0x0000, 0x0000, 0x0000, 0x0000, 0x0000, 
	0x0000, 0x0000, 0x0000, 0x0000, 0x0000, 0x0000, 0x0000, 0x0000, 0x0000, 0x0000, 0x0000, 0x0000, 0x0000, 0x0000, 0x0000, 0x0000, 
	0x7384, 0x6b43, 0x6303, 0x5ac2, 0x5281, 0x5262, 0x5263, 0x5284, 0x5284, 0x5ae6, 0x6b69, 0x7bec, 0x948f, 0xa532, 0xbdd5, 0xce79, 
	0xe73c, 0xffdf, 0xffff, 0xffff, 0xffff, 0xffff, 0xffff, 0xffff, 0xffff, 0xef7d, 0xd6ba, 0xb5b6, 0x9cd3, 0x7bef, 0x630c, 0x4a49, 
	0x2965, 0x10a2, 0x0020, 0x0000, 0x0000, 0x0000, 0x0000, 0x0000, 0x0000, 0x0000, 0x0000, 0x0000, 0x0000, 0x0020, 0x0020, 0x0000, 
	0x0000, 0x0000, 0x0000, 0x0000, 0x0000, 0x0000, 0x0000, 0x0000, 0x0000, 0x0000, 0x0000, 0x0000, 0x0000, 0x0000, 0x0000, 0x0000, 
	0x0000, 0x0000, 0x0000, 0x0000, 0x0000, 0x0000, 0x0000, 0x0000, 0x0000, 0x0000, 0x0000, 0x0000, 0x0000, 0x0000, 0x0000, 0x0000, 
	0x0000, 0x0000, 0x0000, 0x0000, 0x0000, 0x0000, 0x0000, 0x0000, 0x0000, 0x0000, 0x0000, 0x0000, 0x0000, 0x0000, 0x0000, 0x0000, 
	0x0000, 0x0000, 0x0000, 0x0000, 0x0000, 0x0000, 0x0000, 0x0000, 0x0000, 0x0000, 0x0000, 0x0000, 0x0000, 0x0000, 0x0000, 0x0000, 
	0x0000, 0x0000, 0x0000, 0x0000, 0x0000, 0x0000, 0x0000, 0x0000, 0x0000, 0x0000, 0x0000, 0x0000, 0x0000, 0x0000, 0x0000, 0x0000, 
	0x0000, 0x0000, 0x0000, 0x0000, 0x0000, 0x0000, 0x0000, 0x0000, 0x0000, 0x0000, 0x0000, 0x0000, 0x0000, 0x0000, 0x0000, 0x0000, 
	0x0000, 0x0000, 0x0000, 0x0000, 0x0000, 0x0000, 0x0000, 0x0000, 0x0000, 0x0000, 0x0000, 0x0000, 0x0000, 0x0000, 0x0000, 0x0000, 
	0x0000, 0x0000, 0x0000, 0x0000, 0x0000, 0x0000, 0x0000, 0x0000, 0x0000, 0x0000, 0x0000, 0x0000, 0x0000, 0x0000, 0x0000, 0x0000, 
	0x0000, 0x0000, 0x0000, 0x0000, 0x0000, 0x0000, 0x0000, 0x0000, 0x0000, 0x0000, 0x0000, 0x0000, 0x0000, 0x0000, 0x0000, 0x0000, 
	0x0000, 0x0000, 0x0000, 0x0000, 0x0000, 0x0000, 0x0000, 0x0000, 0x0000, 0x0000, 0x0000, 0x0000, 0x0000, 0x0000, 0x0000, 0x0000, 
	0x0000, 0x0000, 0x0000, 0x0000, 0x0000, 0x0000, 0x0000, 0x0000, 0x0000, 0x0000, 0x0000, 0x0000, 0x0000, 0x0000, 0x0000, 0x0000, 
	0x0000, 0x0000, 0x0000, 0x0000, 0x0000, 0x0000, 0x0000, 0x0000, 0x0000, 0x0000, 0x0000, 0x0000, 0x0000, 0x0000, 0x0000, 0x0000, 
	0x5285, 0x62e7, 0x736a, 0x83ed, 0x9490, 0xa533, 0xbdf6, 0xd699, 0xef5d, 0xffdf, 0xffff, 0xffff, 0xffff, 0xffff, 0xffff, 0xffff, 
	0xffff, 0xef5d, 0xce79, 0xb596, 0x94b2, 0x7bcf, 0x5aeb, 0x4228, 0x2945, 0x1082, 0x0020, 0x0000, 0x0000, 0x0000, 0x0000, 0x0000, 
	0x0000, 0x0000, 0x0000, 0x0000, 0x0000, 0x0020, 0x0000, 0x0000, 0x0000, 0x0000, 0x0000, 0x0000, 0x0000, 0x0000, 0x0000, 0x0000, 
	0x0000, 0x0000, 0x0000, 0x0000, 0x0000, 0x0000, 0x0000, 0x0000, 0x0000, 0x0000, 0x0000, 0x0000, 0x0000, 0x0000, 0x0000, 0x0000, 
	0x0000, 0x0000, 0x0000, 0x0000, 0x0000, 0x0000, 0x0000, 0x0000, 0x0000, 0x0000, 0x0000, 0x0000, 0x0000, 0x0000, 0x0000, 0x0000, 
	0x0000, 0x0000, 0x0000, 0x0000, 0x0000, 0x0000, 0x0000, 0x0000, 0x0000, 0x0000, 0x0000, 0x0000, 0x0000, 0x0000, 0x0000, 0x0000, 
	0x0000, 0x0000, 0x0000, 0x0000, 0x0000, 0x0000, 0x0000, 0x0000, 0x0000, 0x0000, 0x0000, 0x0000, 0x0000, 0x0000, 0x0000, 0x0000, 
	0x0000, 0x0000, 0x0000, 0x0000, 0x0000, 0x0000, 0x0000, 0x0000, 0x0000, 0x0000, 0x0000, 0x0000, 0x0000, 0x0000, 0x0000, 0x0000, 
	0x0000, 0x0000, 0x0000, 0x0000, 0x0000, 0x0000, 0x0000, 0x0000, 0x0000, 0x0000, 0x0000, 0x0000, 0x0000, 0x0000, 0x0000, 0x0000, 
	0x0000, 0x0000, 0x0000, 0x0000, 0x0000, 0x0000, 0x0000, 0x0000, 0x0000, 0x0000, 0x0000, 0x0000, 0x0000, 0x0000, 0x0000, 0x0000, 
	0x0000, 0x0000, 0x0000, 0x0000, 0x0000, 0x0000, 0x0000, 0x0000, 0x0000, 0x0000, 0x0000, 0x0000, 0x0000, 0x0000, 0x0000, 0x0000, 
	0x0000, 0x0000, 0x0000, 0x0000, 0x0000, 0x0000, 0x0000, 0x0000, 0x0000, 0x0000, 0x0000, 0x0000, 0x0000, 0x0000, 0x0000, 0x0000, 
	0x0000, 0x0000, 0x0000, 0x0000, 0x0000, 0x0000, 0x0000, 0x0000, 0x0000, 0x0000, 0x0000, 0x0000, 0x0000, 0x0000, 0x0000, 0x0000, 
	0x0000, 0x0000, 0x0000, 0x0000, 0x0000, 0x0000, 0x0000, 0x0000, 0x0000, 0x0000, 0x0000, 0x0000, 0x0000, 0x0000, 0x0000, 0x0000, 
	0x0000, 0x0000, 0x0000, 0x0000, 0x0000, 0x0000, 0x0000, 0x0000, 0x0000, 0x0000, 0x0000, 0x0000, 0x0000, 0x0000, 0x0000, 0x0000, 
	0xef7d, 0xffff, 0xffff, 0xffff, 0xffff, 0xffff, 0xffff, 0xffff, 0xffdf, 0xe73c, 0xce59, 0xad75, 0x8c71, 0x738e, 0x5acb, 0x39e7, 
	0x2104, 0x0861, 0x0020, 0x0000, 0x0000, 0x0000, 0x0000, 0x0000, 0x0000, 0x0000, 0x0000, 0x0000, 0x0000, 0x0020, 0x0000, 0x0000, 
	0x0000, 0x0000, 0x0000, 0x0000, 0x0000, 0x0000, 0x0000, 0x0000, 0x0000, 0x0000, 0x0000, 0x0000, 0x0000, 0x0000, 0x0000, 0x0000, 
	0x0000, 0x0000, 0x0000, 0x0000, 0x0000, 0x0000, 0x0000, 0x0000, 0x0000, 0x0000, 0x0000, 0x0000, 0x0000, 0x0000, 0x0000, 0x0000, 
	0x0000, 0x0000, 0x0000, 0x0000, 0x0000, 0x0000, 0x0000, 0x0000, 0x0000, 0x0000, 0x0000, 0x0000, 0x0000, 0x0000, 0x0000, 0x0000, 
	0x0000, 0x0000, 0x0000, 0x0000, 0x0000, 0x0000, 0x0000, 0x0000, 0x0000, 0x0000, 0x0000, 0x0000, 0x0000, 0x0000, 0x0000, 0x0000, 
	0x0000, 0x0000, 0x0000, 0x0000, 0x0000, 0x0000, 0x0000, 0x0000, 0x0000, 0x0000, 0x0000, 0x0000, 0x0000, 0x0000, 0x0000, 0x0000, 
	0x0000, 0x0000, 0x0000, 0x0000, 0x0000, 0x0000, 0x0000, 0x0000, 0x0000, 0x0000, 0x0000, 0x0000, 0x0000, 0x0000, 0x0000, 0x0000, 
	0x0000, 0x0000, 0x0000, 0x0000, 0x0000, 0x0000, 0x0000, 0x0000, 0x0000, 0x0000, 0x0000, 0x0000, 0x0000, 0x0000, 0x0000, 0x0000, 
	0x0000, 0x0000, 0x0000, 0x0000, 0x0000, 0x0000, 0x0000, 0x0000, 0x0000, 0x0000, 0x0000, 0x0000, 0x0000, 0x0000, 0x0000, 0x0000, 
	0x0000, 0x0000, 0x0000, 0x0000, 0x0000, 0x0000, 0x0000, 0x0000, 0x0000, 0x0000, 0x0000, 0x0000, 0x0000, 0x0000, 0x0000, 0x0000, 
	0x0000, 0x0000, 0x0000, 0x0000, 0x0000, 0x0000, 0x0000, 0x0000, 0x0000, 0x0000, 0x0000, 0x0000, 0x0000, 0x0000, 0x0000, 0x0000, 
	0x0000, 0x0000, 0x0000, 0x0000, 0x0000, 0x0000, 0x0000, 0x0000, 0x0000, 0x0000, 0x0000, 0x0000, 0x0000, 0x0000, 0x0000, 0x0000, 
	0x0000, 0x0000, 0x0000, 0x0000, 0x0000, 0x0000, 0x0000, 0x0000, 0x0000, 0x0000, 0x0000, 0x0000, 0x0000, 0x0000, 0x0000, 0x0000, 
	0x0000, 0x0000, 0x0000, 0x0000, 0x0000, 0x0000, 0x0000, 0x0000, 0x0000, 0x0000, 0x0000, 0x0000, 0x0000, 0x0000, 0x0000, 0x0000, 
	0xf7be, 0xe71c, 0xc638, 0xad54, 0x8c51, 0x738d, 0x52aa, 0x39c7, 0x2104, 0x0861, 0x0000, 0x0000, 0x0000, 0x0000, 0x0000, 0x0000, 
	0x0000, 0x0000, 0x0000, 0x0000, 0x0000, 0x0020, 0x0000, 0x0000, 0x0000, 0x0000, 0x0000, 0x0000, 0x0000, 0x0000, 0x0000, 0x0000, 
	0x0000, 0x0000, 0x0000, 0x0000, 0x0000, 0x0000, 0x0000, 0x0000, 0x0000, 0x0000, 0x0000, 0x0000, 0x0000, 0x0000, 0x0000, 0x0000, 
	0x0000, 0x0000, 0x0000, 0x0000, 0x0000, 0x0000, 0x0000, 0x0000, 0x0000, 0x0000, 0x0000, 0x0000, 0x0000, 0x0000, 0x0000, 0x0000, 
	0x0000, 0x0000, 0x0000, 0x0000, 0x0000, 0x0000, 0x0000, 0x0000, 0x0000, 0x0000, 0x0000, 0x0000, 0x0000, 0x0000, 0x0000, 0x0000, 
	0x0000, 0x0000, 0x0000, 0x0000, 0x0000, 0x0000, 0x0000, 0x0000, 0x0000, 0x0000, 0x0000, 0x0000, 0x0000, 0x0000, 0x0000, 0x0000, 
	0x0000, 0x0000, 0x0000, 0x0000, 0x0000, 0x0000, 0x0000, 0x0000, 0x0000, 0x0000, 0x0000, 0x0000, 0x0000, 0x0000, 0x0000, 0x0000, 
	0x0000, 0x0000, 0x0000, 0x0000, 0x0000, 0x0000, 0x0000, 0x0000, 0x0000, 0x0000, 0x0000, 0x0000, 0x0000, 0x0000, 0x0000, 0x0000, 
	0x0000, 0x0000, 0x0000, 0x0000, 0x0000, 0x0000, 0x0000, 0x0000, 0x0000, 0x0000, 0x0000, 0x0000, 0x0000, 0x0000, 0x0000, 0x0000, 
	0x0000, 0x0000, 0x0000, 0x0000, 0x0000, 0x0000, 0x0000, 0x0000, 0x0000, 0x0000, 0x0000, 0x0000, 0x0000, 0x0000, 0x0000, 0x0000, 
	0x0000, 0x0000, 0x0000, 0x0000, 0x0000, 0x0000, 0x0000, 0x0000, 0x0000, 0x0000, 0x0000, 0x0000, 0x0000, 0x0000, 0x0000, 0x0000, 
	0x0000, 0x0000, 0x0000, 0x0000, 0x0000, 0x0000, 0x0000, 0x0000, 0x0000, 0x0000, 0x0000, 0x0000, 0x0000, 0x0000, 0x0000, 0x0000, 
	0x0000, 0x0000, 0x0000, 0x0000, 0x0000, 0x0000, 0x0000, 0x0000, 0x0000, 0x0000, 0x0000, 0x0000, 0x0000, 0x0000, 0x0000, 0x0000, 
	0x0000, 0x0000, 0x0000, 0x0000, 0x0000, 0x0000, 0x0000, 0x0000, 0x0000, 0x0000, 0x0000, 0x0000, 0x0000, 0x0000, 0x0000, 0x0000, 
	0x0000, 0x0000, 0x0000, 0x0000, 0x0000, 0x0000, 0x0000, 0x0000, 0x0000, 0x0000, 0x0000, 0x0000, 0x0000, 0x0000, 0x0000, 0x0000, 
	0x18c3, 0x0841, 0x0000, 0x0000, 0x0000, 0x0000, 0x0000, 0x0000, 0x0000, 0x0000, 0x0000, 0x0000, 0x0000, 0x0020, 0x0000, 0x0000, 
	0x0000, 0x0000, 0x0000, 0x0000, 0x0000, 0x0000, 0x0000, 0x0000, 0x0000, 0x0000, 0x0000, 0x0000, 0x0000, 0x0000, 0x0000, 0x0000, 
	0x0000, 0x0000, 0x0000, 0x0000, 0x0000, 0x0000, 0x0000, 0x0000, 0x0000, 0x0000, 0x0000, 0x0000, 0x0000, 0x0000, 0x0000, 0x0000, 
	0x0000, 0x0000, 0x0000, 0x0000, 0x0000, 0x0000, 0x0000, 0x0000, 0x0000, 0x0000, 0x0000, 0x0000, 0x0000, 0x0000, 0x0000, 0x0000, 
	0x0000, 0x0000, 0x0000, 0x0000, 0x0000, 0x0000, 0x0000, 0x0000, 0x0000, 0x0000, 0x0000, 0x0000, 0x0000, 0x0000, 0x0000, 0x0000, 
	0x0000, 0x0000, 0x0000, 0x0000, 0x0000, 0x0000, 0x0000, 0x0000, 0x0000, 0x0000, 0x0000, 0x0000, 0x0000, 0x0000, 0x0000, 0x0000, 
	0x0000, 0x0000, 0x0000, 0x0000, 0x0000, 0x0000, 0x0000, 0x0000, 0x0000, 0x0000, 0x0000, 0x0000, 0x0000, 0x0000, 0x0000, 0x0000, 
	0x0000, 0x0000, 0x0000, 0x0000, 0x0000, 0x0000, 0x0000, 0x0000, 0x0000, 0x0000, 0x0000, 0x0000, 0x0000, 0x0000, 0x0000, 0x0000, 
	0x0000, 0x0000, 0x0000, 0x0000, 0x0000, 0x0000, 0x0000, 0x0000, 0x0000, 0x0000, 0x0000, 0x0000, 0x0000, 0x0000, 0x0000, 0x0000, 
	0x0000, 0x0000, 0x0000, 0x0000, 0x0000, 0x0000, 0x0000, 0x0000, 0x0000, 0x0000, 0x0000, 0x0000, 0x0000, 0x0000, 0x0000, 0x0000, 
	0x0000, 0x0000, 0x0000, 0x0000, 0x0000, 0x0000, 0x0000, 0x0000, 0x0000, 0x0000, 0x0000, 0x0000, 0x0000, 0x0000, 0x0000, 0x0000, 
	0x0000, 0x0000, 0x0000, 0x0000, 0x0000, 0x0000, 0x0000, 0x0000, 0x0000, 0x0000, 0x0000, 0x0000, 0x0000, 0x0000, 0x0000, 0x0000, 
	0x0000, 0x0000, 0x0000, 0x0000, 0x0000, 0x0000, 0x0000, 0x0000, 0x0000, 0x0000, 0x0000, 0x0000, 0x0000, 0x0000, 0x0000, 0x0000, 
	0x0000, 0x0000, 0x0000, 0x0000, 0x0000, 0x0000, 0x0000, 0x0000, 0x0000, 0x0000, 0x0000, 0x0000, 0x0000, 0x0000, 0x0000, 0x0000, 
	0x0000, 0x0000, 0x0000, 0x0000, 0x0000, 0x0000, 0x0000, 0x0000, 0x0000, 0x0000, 0x0000, 0x0000, 0x0000, 0x0000, 0x0000, 0x0000, 
	0x0000, 0x0000, 0x0000, 0x0000, 0x0020, 0x0020, 0x0000, 0x0000, 0x0000, 0x0000, 0x0000, 0x0000, 0x0000, 0x0000, 0x0000, 0x0000, 
	0x0000, 0x0000, 0x0000, 0x0000, 0x0000, 0x0000, 0x0000, 0x0000, 0x0000, 0x0000, 0x0000, 0x0000, 0x0000, 0x0000, 0x0000, 0x0000, 
	0x0000, 0x0000, 0x0000, 0x0000, 0x0000, 0x0000, 0x0000, 0x0000, 0x0000, 0x0000, 0x0000, 0x0000, 0x0000, 0x0000, 0x0000, 0x0000, 
	0x0000, 0x0000, 0x0000, 0x0000, 0x0000, 0x0000, 0x0000, 0x0000, 0x0000, 0x0000, 0x0000, 0x0000, 0x0000, 0x0000, 0x0000, 0x0000, 
	0x0000, 0x0000, 0x0000, 0x0000, 0x0000, 0x0000, 0x0000, 0x0000, 0x0000, 0x0000, 0x0000, 0x0000, 0x0000, 0x0000, 0x0000, 0x0000, 
	0x0000, 0x0000, 0x0000, 0x0000, 0x0000, 0x0000, 0x0000, 0x0000, 0x0000, 0x0000, 0x0000, 0x0000, 0x0000, 0x0000, 0x0000, 0x0000, 
	0x0000, 0x0000, 0x0000, 0x0000, 0x0000, 0x0000, 0x0000, 0x0000, 0x0000, 0x0000, 0x0000, 0x0000, 0x0000, 0x0000, 0x0000, 0x0000, 
	0x0000, 0x0000, 0x0000, 0x0000, 0x0000, 0x0000, 0x0000, 0x0000, 0x0000, 0x0000, 0x0000, 0x0000, 0x0000, 0x0000, 0x0000, 0x0000, 
	0x0000, 0x0000, 0x0000, 0x0000, 0x0000, 0x0000, 0x0000, 0x0000, 0x0000, 0x0000, 0x0000, 0x0000, 0x0000, 0x0000, 0x0000, 0x0000, 
	0x0000, 0x0000, 0x0000, 0x0000, 0x0000, 0x0000, 0x0000, 0x0000, 0x0000, 0x0000, 0x0000, 0x0000, 0x0000, 0x0000, 0x0000, 0x0000, 
	0x0000, 0x0000, 0x0000, 0x0000, 0x0000, 0x0000, 0x0000, 0x0000, 0x0000, 0x0000, 0x0000, 0x0000, 0x0000, 0x0000, 0x0000, 0x0000, 
	0x0000, 0x0000, 0x0000, 0x0000, 0x0000, 0x0000, 0x0000, 0x0000, 0x0000, 0x0000, 0x0000, 0x0000, 0x0000, 0x0000, 0x0000, 0x0000, 
	0x0000, 0x0000, 0x0000, 0x0000, 0x0000, 0x0000, 0x0000, 0x0000, 0x0000, 0x0000, 0x0000, 0x0000, 0x0000, 0x0000, 0x0000, 0x0000, 
	0x0000, 0x0000, 0x0000, 0x0000, 0x0000, 0x0000, 0x0000, 0x0000, 0x0000, 0x0000, 0x0000, 0x0000, 0x0000, 0x0000, 0x0000, 0x0000, 
	0x0000, 0x0000, 0x0000, 0x0000, 0x0000, 0x0000, 0x0000, 0x0000, 0x0000, 0x0000, 0x0000, 0x0000, 0x0000, 0x0000, 0x0000, 0x0000, 
	0x0000, 0x0000, 0x0000, 0x0000, 0x0000, 0x0000, 0x0000, 0x0000, 0x0000, 0x0000, 0x0000, 0x0000, 0x0000, 0x0000, 0x0000, 0x0000, 
	0x0000, 0x0000, 0x0000, 0x0000, 0x0000, 0x0000, 0x0000, 0x0000, 0x0000, 0x0000, 0x0000, 0x0000, 0x0000, 0x0000, 0x0000, 0x0000, 
	0x0000, 0x0000, 0x0000, 0x0000, 0x0000, 0x0000, 0x0000, 0x0000, 0x0000, 0x0000, 0x0000, 0x0000, 0x0000, 0x0000, 0x0000, 0x0000, 
	0x0000, 0x0000, 0x0000, 0x0000, 0x0000, 0x0000, 0x0000, 0x0000, 0x0000, 0x0000, 0x0000, 0x0000, 0x0000, 0x0000, 0x0000, 0x0000, 
	0x0000, 0x0000, 0x0000, 0x0000, 0x0000, 0x0000, 0x0000, 0x0000, 0x0000, 0x0000, 0x0000, 0x0000, 0x0000, 0x0000, 0x0000, 0x0000, 
	0x0000, 0x0000, 0x0000, 0x0000, 0x0000, 0x0000, 0x0000, 0x0000, 0x0000, 0x0000, 0x0000, 0x0000, 0x0000, 0x0000, 0x0000, 0x0000, 
	0x0000, 0x0000, 0x0000, 0x0000, 0x0000, 0x0000, 0x0000, 0x0000, 0x0000, 0x0000, 0x0000, 0x0000, 0x0000, 0x0000, 0x0000, 0x0000, 
	0x0000, 0x0000, 0x0000, 0x0000, 0x0000, 0x0000, 0x0000, 0x0000, 0x0000, 0x0000, 0x0000, 0x0000, 0x0000, 0x0000, 0x0000, 0x0000, 
	0x0000, 0x0000, 0x0000, 0x0000, 0x0000, 0x0000, 0x0000, 0x0000, 0x0000, 0x0000, 0x0000, 0x0000, 0x0000, 0x0000, 0x0000, 0x0000, 
	0x0000, 0x0000, 0x0000, 0x0000, 0x0000, 0x0000, 0x0000, 0x0000, 0x0000, 0x0000, 0x0000, 0x0000, 0x0000, 0x0000, 0x0000, 0x0000, 
	0x0000, 0x0000, 0x0000, 0x0000, 0x0000, 0x0000, 0x0000, 0x0000, 0x0000, 0x0000, 0x0000, 0x0000, 0x0000, 0x0000, 0x0000, 0x0000, 
	0x0000, 0x0000, 0x0000, 0x0000, 0x0000, 0x0000, 0x0000, 0x0000, 0x0000, 0x0000, 0x0000, 0x0000, 0x0000, 0x0000, 0x0000, 0x0000, 
	0x0000, 0x0000, 0x0000, 0x0000, 0x0000, 0x0000, 0x0000, 0x0000, 0x0000, 0x0000, 0x0000, 0x0000, 0x0000, 0x0000, 0x0000, 0x0000, 
	0x0000, 0x0000, 0x0000, 0x0000, 0x0000, 0x0000, 0x0000, 0x0000, 0x0000, 0x0000, 0x0000, 0x0000, 0x0000, 0x0000, 0x0000, 0x0000, 
	0x0000, 0x0000, 0x0000, 0x0000, 0x0000, 0x0000, 0x0000, 0x0000, 0x0000, 0x0000, 0x0000, 0x0000, 0x0000, 0x0000, 0x0000, 0x0000, 
	0x0000, 0x0000, 0x0000, 0x0000, 0x0000, 0x0000, 0x0000, 0x0000, 0x0000, 0x0000, 0x0000, 0x0000, 0x0000, 0x0000, 0x0000, 0x0000, 
	0x0000, 0x0000, 0x0000, 0x0000, 0x0000, 0x0000, 0x0000, 0x0000, 0x0000, 0x0000, 0x0000, 0x0000, 0x0000, 0x0000, 0x0000, 0x0000, 
	0x0000, 0x0000, 0x0000, 0x0000, 0x0000, 0x0000, 0x0000, 0x0000, 0x0000, 0x0000, 0x0000, 0x0000, 0x0000, 0x0000, 0x0000, 0x0000, 
	0x0000, 0x0000, 0x0000, 0x0000, 0x0000, 0x0000, 0x0000, 0x0000, 0x0000, 0x0000, 0x0000, 0x0000, 0x0000, 0x0000, 0x0000, 0x0000, 
	0x0000, 0x0000, 0x0000, 0x0000, 0x0000, 0x0000, 0x0000, 0x0000, 0x0000, 0x0000, 0x0000, 0x0000, 0x0000, 0x0000, 0x0000, 0x0000, 
	0x0000, 0x0000, 0x0000, 0x0000, 0x0000, 0x0000, 0x0000, 0x0000, 0x0000, 0x0000, 0x0000, 0x0000, 0x0000, 0x0000, 0x0000, 0x0000, 
	0x0000, 0x0000, 0x0000, 0x0000, 0x0000, 0x0000, 0x0000, 0x0000, 0x0000, 0x0000, 0x0000, 0x0000, 0x0000, 0x0000, 0x0000, 0x0000, 
	0x0000, 0x0000, 0x0000, 0x0000, 0x0000, 0x0000, 0x0000, 0x0000, 0x0000, 0x0000, 0x0000, 0x0000, 0x0000, 0x0000, 0x0000, 0x0000, 
	0x0000, 0x0000, 0x0000, 0x0000, 0x0000, 0x0000, 0x0000, 0x0000, 0x0000, 0x0000, 0x0000, 0x0000, 0x0000, 0x0000, 0x0000, 0x0000, 
	0x0000, 0x0000, 0x0000, 0x0000, 0x0000, 0x0000, 0x0000, 0x0000, 0x0000, 0x0000, 0x0000, 0x0000, 0x0000, 0x0000, 0x0000, 0x0000, 
	0x0000, 0x0000, 0x0000, 0x0000, 0x0000, 0x0000, 0x0000, 0x0000, 0x0000, 0x0000, 0x0000, 0x0000, 0x0000, 0x0000, 0x0000, 0x0000, 
	0x0000, 0x0000, 0x0000, 0x0000, 0x0000, 0x0000, 0x0000, 0x0000, 0x0000, 0x0000, 0x0000, 0x0000, 0x0000, 0x0000, 0x0000, 0x0000, 
	0x0000, 0x0000, 0x0000, 0x0000, 0x0000, 0x0000, 0x0000, 0x0000, 0x0000, 0x0000, 0x0000, 0x0000, 0x0000, 0x0000, 0x0000, 0x0000, 
	0x0000, 0x0000, 0x0000, 0x0000, 0x0000, 0x0000, 0x0000, 0x0000, 0x0000, 0x0000, 0x0000, 0x0000, 0x0000, 0x0000, 0x0000, 0x0000, 
	0x0000, 0x0000, 0x0000, 0x0000, 0x0000, 0x0000, 0x0000, 0x0000, 0x0000, 0x0000, 0x0000, 0x0000, 0x0000, 0x0000, 0x0000, 0x0000, 
	0x0000, 0x0000, 0x0000, 0x0000, 0x0000, 0x0000, 0x0000, 0x0000, 0x0000, 0x0000, 0x0000, 0x0000, 0x0000, 0x0000, 0x0000, 0x0000, 
	0x0000, 0x0000, 0x0000, 0x0000, 0x0000, 0x0000, 0x0000, 0x0000, 0x0000, 0x0000, 0x0000, 0x0000, 0x0000, 0x0000, 0x0000, 0x0000, 
	0x0000, 0x0000, 0x0000, 0x0000, 0x0000, 0x0000, 0x0000, 0x0000, 0x0000, 0x0000, 0x0000, 0x0000, 0x0000, 0x0000, 0x0000, 0x0000, 
	0x0000, 0x0000, 0x0000, 0x0000, 0x0000, 0x0000, 0x0000, 0x0000, 0x0000, 0x0000, 0x0000, 0x0000, 0x0000, 0x0000, 0x0000, 0x0000, 
	0x0000, 0x0000, 0x0000, 0x0000, 0x0000, 0x0000, 0x0000, 0x0000, 0x0000, 0x0000, 0x0000, 0x0000, 0x0000, 0x0000, 0x0000, 0x0000, 
	0x0000, 0x0000, 0x0000, 0x0000, 0x0000, 0x0000, 0x0000, 0x0000, 0x0000, 0x0000, 0x0000, 0x0000, 0x0000, 0x0000, 0x0000, 0x0000, 
	0x0000, 0x0000, 0x0000, 0x0000, 0x0000, 0x0000, 0x0000, 0x0000, 0x0000, 0x0000, 0x0000, 0x0000, 0x0000, 0x0000, 0x0000, 0x0000, 
	0x0000, 0x0000, 0x0000, 0x0000, 0x0000, 0x0000, 0x0000, 0x0000, 0x0000, 0x0000, 0x0000, 0x0000, 0x0000, 0x0000, 0x0000, 0x0000, 
	0x0000, 0x0000, 0x0000, 0x0000, 0x0000, 0x0000, 0x0000, 0x0000, 0x0000, 0x0000, 0x0000, 0x0000, 0x0000, 0x0000, 0x0000, 0x0000, 
	0x0000, 0x0000, 0x0000, 0x0000, 0x0000, 0x0000, 0x0000, 0x0000, 0x0000, 0x0000, 0x0000, 0x0000, 0x0000, 0x0000, 0x0000, 0x0000, 
	0x0000, 0x0000, 0x0000, 0x0000, 0x0000, 0x0000, 0x0000, 0x0000, 0x0000, 0x0000, 0x0000, 0x0000, 0x0000, 0x0000, 0x0000, 0x0000, 
	0x0000, 0x0000, 0x0000, 0x0000, 0x0000, 0x0000, 0x0000, 0x0000, 0x0000, 0x0000, 0x0000, 0x0000, 0x0000, 0x0000, 0x0000, 0x0000, 
	0x0000, 0x0000, 0x0000, 0x0000, 0x0000, 0x0000, 0x0000, 0x0000, 0x0000, 0x0000, 0x0000, 0x0000, 0x0000, 0x0000, 0x0000, 0x0000, 
	0x0000, 0x0000, 0x0000, 0x0000, 0x0000, 0x0000, 0x0000, 0x0000, 0x0000, 0x0000, 0x0000, 0x0000, 0x0000, 0x0000, 0x0000, 0x0000, 
	0x0000, 0x0000, 0x0000, 0x0000, 0x0000, 0x0000, 0x0000, 0x0000, 0x0000, 0x0000, 0x0000, 0x0000, 0x0000, 0x0000, 0x0000, 0x0000, 
	0x0000, 0x0000, 0x0000, 0x0000, 0x0000, 0x0000, 0x0000, 0x0000, 0x0000, 0x0000, 0x0000, 0x0000, 0x0000, 0x0000, 0x0000, 0x0000, 
	0x0000, 0x0000, 0x0000, 0x0000, 0x0000, 0x0000, 0x0000, 0x0000, 0x0000, 0x0000, 0x0000, 0x0000, 0x0000, 0x0000, 0x0000, 0x0000, 
	0x0000, 0x0000, 0x0000, 0x0000, 0x0000, 0x0000, 0x0000, 0x0000, 0x0000, 0x0000, 0x0000, 0x0000, 0x0000, 0x0000, 0x0000, 0x0000, 
	0x0000, 0x0000, 0x0000, 0x0000, 0x0000, 0x0000, 0x0000, 0x0000, 0x0000, 0x0000, 0x0000, 0x0000, 0x0000, 0x0000, 0x0000, 0x0000, 
	0x0000, 0x0000, 0x0000, 0x0000, 0x0000, 0x0000, 0x0000, 0x0000, 0x0000, 0x0000, 0x0000, 0x0000, 0x0000, 0x0000, 0x0000, 0x0000, 
	0x0000, 0x0000, 0x0000, 0x0000, 0x0000, 0x0000, 0x0000, 0x0000, 0x0000, 0x0000, 0x0000, 0x0000, 0x0000, 0x0000, 0x0000, 0x0000, 
	0x0000, 0x0000, 0x0000, 0x0000, 0x0000, 0x0000, 0x0000, 0x0000, 0x0000, 0x0000, 0x0000, 0x0000, 0x0000, 0x0000, 0x0000, 0x0000, 
	0x0000, 0x0000, 0x0000, 0x0000, 0x0000, 0x0000, 0x0000, 0x0000, 0x0000, 0x0000, 0x0000, 0x0000, 0x0000, 0x0000, 0x0000, 0x0000, 
	0x0000, 0x0000, 0x0000, 0x0000, 0x0000, 0x0000, 0x0000, 0x0000, 0x0000, 0x0000, 0x0000, 0x0000, 0x0000, 0x0000, 0x0000, 0x0000, 
	0x0000, 0x0000, 0x0000, 0x0000, 0x0000, 0x0000, 0x0000, 0x0000, 0x0000, 0x0000, 0x0000, 0x0000, 0x0000, 0x0000, 0x0000, 0x0000, 
	0x0000, 0x0000, 0x0000, 0x0000, 0x0000, 0x0000, 0x0000, 0x0000, 0x0000, 0x0000, 0x0000, 0x0000, 0x0000, 0x0000, 0x0000, 0x0000, 
	0x0000, 0x0000, 0x0000, 0x0000, 0x0000, 0x0000, 0x0000, 0x0000, 0x0000, 0x0000, 0x0000, 0x0000, 0x0000, 0x0000, 0x0000, 0x0000, 
	0x0000, 0x0000, 0x0000, 0x0000, 0x0000, 0x0000, 0x0000, 0x0000, 0x0000, 0x0000, 0x0000, 0x0000, 0x0000, 0x0000, 0x0000, 0x0000, 
	0x0000, 0x0000, 0x0000, 0x0000, 0x0000, 0x0000, 0x0000, 0x0000, 0x0000, 0x0000, 0x0000, 0x0000, 0x0000, 0x0000, 0x0000, 0x0000, 
	0x0000, 0x0000, 0x0000, 0x0000, 0x0000, 0x0000, 0x0000, 0x0000, 0x0000, 0x0000, 0x0000, 0x0000, 0x0000, 0x0000, 0x0000, 0x0000, 
	0x0000, 0x0000, 0x0000, 0x0000, 0x0000, 0x0000, 0x0000, 0x0000, 0x0000, 0x0000, 0x0000, 0x0000, 0x0000, 0x0000, 0x0000, 0x0000, 
	0x0000, 0x0000, 0x0000, 0x0000, 0x0000, 0x0000, 0x0000, 0x0000, 0x0000, 0x0000, 0x0000, 0x0000, 0x0000, 0x0000, 0x0000, 0x0000, 
	0x0000, 0x0000, 0x0000, 0x0000, 0x0000, 0x0000, 0x0000, 0x0000, 0x0000, 0x0000, 0x0000, 0x0000, 0x0000, 0x0000, 0x0000, 0x0000, 
	0x0000, 0x0000, 0x0000, 0x0000, 0x0000, 0x0000, 0x0000, 0x0000, 0x0000, 0x0000, 0x0000, 0x0000, 0x0000, 0x0000, 0x0000, 0x0000, 
	0x0000, 0x0000, 0x0000, 0x0000, 0x0000, 0x0000, 0x0000, 0x0000, 0x0000, 0x0000, 0x0000, 0x0000, 0x0000, 0x0000, 0x0000, 0x0000, 
	0x0000, 0x0000, 0x0000, 0x0000, 0x0000, 0x0000, 0x0000, 0x0000, 0x0000, 0x0000, 0x0000, 0x0000, 0x0000, 0x0000, 0x0000, 0x0000, 
	0x0000, 0x0000, 0x0000, 0x0000, 0x0000, 0x0000, 0x0000, 0x0000, 0x0000, 0x0000, 0x0000, 0x0000, 0x0000, 0x0000, 0x0000, 0x0000, 
	0x0000, 0x0000, 0x0000, 0x0000, 0x0000, 0x0000, 0x0000, 0x0000, 0x0000, 0x0000, 0x0000, 0x0000, 0x0000, 0x0000, 0x0000, 0x0000, 
	0x0000, 0x0000, 0x0000, 0x0000, 0x0000, 0x0000, 0x0000, 0x0000, 0x0000, 0x0000, 0x0000, 0x0000, 0x0000, 0x0000, 0x0000, 0x0000, 
	0x0000, 0x0000, 0x0000, 0x0000, 0x0000, 0x0000, 0x0000, 0x0000, 0x0000, 0x0000, 0x0000, 0x0000, 0x0000, 0x0000, 0x0000, 0x0000, 
	0x0000, 0x0000, 0x0000, 0x0000, 0x0000, 0x0000, 0x0000, 0x0000, 0x0000, 0x0000, 0x0000, 0x0000, 0x0000, 0x0000, 0x0000, 0x0000, 
	0x0000, 0x0000, 0x0000, 0x0000, 0x0000, 0x0000, 0x0000, 0x0000, 0x0000, 0x0000, 0x0000, 0x0000, 0x0000, 0x0000, 0x0000, 0x0000, 
	0x0000, 0x0000, 0x0000, 0x0000, 0x0000, 0x0000, 0x0000, 0x0000, 0x0000, 0x0000, 0x0000, 0x0000, 0x0000, 0x0000, 0x0000, 0x0000, 
	0x0000, 0x0000, 0x0000, 0x0000, 0x0000, 0x0000, 0x0000, 0x0000, 0x0000, 0x0000, 0x0000, 0x0000, 0x0000, 0x0000, 0x0000, 0x0000, 
	0x0000, 0x0000, 0x0000, 0x0000, 0x0000, 0x0000, 0x0000, 0x0000, 0x0000, 0x0000, 0x0000, 0x0000, 0x0000, 0x0000, 0x0000, 0x0000, 
	0x0000, 0x0000, 0x0000, 0x0000, 0x0000, 0x0000, 0x0000, 0x0000, 0x0000, 0x0000, 0x0000, 0x0000, 0x0000, 0x0000, 0x0000, 0x0000, 
	0x0000, 0x0000, 0x0000, 0x0000, 0x0000, 0x0000, 0x0000, 0x0000, 0x0000, 0x0000, 0x0000, 0x0000, 0x0000, 0x0000, 0x0000, 0x0000, 
	0x0000, 0x0000, 0x0000, 0x0000, 0x0000, 0x0000, 0x0000, 0x0000, 0x0000, 0x0000, 0x0000, 0x0000, 0x0000, 0x0000, 0x0000, 0x0000, 
	0x0000, 0x0000, 0x0000, 0x0000, 0x0000, 0x0000, 0x0000, 0x0000, 0x0000, 0x0000, 0x0000, 0x0000, 0x0000, 0x0000, 0x0000, 0x0000, 
	0x0000, 0x0000, 0x0000, 0x0000, 0x0000, 0x0000, 0x0000, 0x0000, 0x0000, 0x0000, 0x0000, 0x0000, 0x0000, 0x0000, 0x0000, 0x0000, 
	0x0000, 0x0000, 0x0000, 0x0000, 0x0000, 0x0000, 0x0000, 0x0000, 0x0000, 0x0000, 0x0000, 0x0000, 0x0000, 0x0000, 0x0000, 0x0000, 
	0x0000, 0x0000, 0x0000, 0x0000, 0x0000, 0x0000, 0x0000, 0x0000, 0x0000, 0x0000, 0x0000, 0x0000, 0x0000, 0x0000, 0x0000, 0x0000, 
	0x0000, 0x0000, 0x0000, 0x0000, 0x0000, 0x0000, 0x0000, 0x0000, 0x0000, 0x0000, 0x0000, 0x0000, 0x0000, 0x0000, 0x0000, 0x0000, 
	0x0000, 0x0000, 0x0000, 0x0000, 0x0000, 0x0000, 0x0000, 0x0000, 0x0000, 0x0000, 0x0000, 0x0000, 0x0000, 0x0000, 0x0000, 0x0000, 
	0x0000, 0x0000, 0x0000, 0x0000, 0x0000, 0x0000, 0x0000, 0x0000, 0x0000, 0x0000, 0x0000, 0x0000, 0x0000, 0x0000, 0x0000, 0x0000, 
	0x0000, 0x0000, 0x0000, 0x0000, 0x0000, 0x0000, 0x0000, 0x0000, 0x0000, 0x0000, 0x0000, 0x0000, 0x0000, 0x0000, 0x0000, 0x0000, 
	0x0000, 0x0000, 0x0000, 0x0000, 0x0000, 0x0000, 0x0000, 0x0000, 0x0000, 0x0000, 0x0000, 0x0000, 0x0000, 0x0000, 0x0000, 0x0000, 
	0x0000, 0x0000, 0x0000, 0x0000, 0x0000, 0x0000, 0x0000, 0x0000, 0x0000, 0x0000, 0x0000, 0x0000, 0x0000, 0x0000, 0x0000, 0x0000, 
	0x0000, 0x0000, 0x0000, 0x0000, 0x0000, 0x0000, 0x0000, 0x0000, 0x0000, 0x0000, 0x0000, 0x0000, 0x0000, 0x0000, 0x0000, 0x0000, 
	0x0000, 0x0000, 0x0000, 0x0000, 0x0000, 0x0000, 0x0000, 0x0000, 0x0000, 0x0000, 0x0000, 0x0000, 0x0000, 0x0000, 0x0000, 0x0000, 
	0x0000, 0x0000, 0x0000, 0x0000, 0x0000, 0x0000, 0x0000, 0x0000, 0x0000, 0x0000, 0x0000, 0x0000, 0x0000, 0x0000, 0x0000, 0x0000, 
	0x0000, 0x0000, 0x0000, 0x0000, 0x0000, 0x0000, 0x0000, 0x0000, 0x0000, 0x0000, 0x0000, 0x0000, 0x0000, 0x0000, 0x0000, 0x0000, 
	0x0000, 0x0000, 0x0000, 0x0000, 0x0000, 0x0000, 0x0000, 0x0000, 0x0000, 0x0000, 0x0000, 0x0000, 0x0000, 0x0000, 0x0000, 0x0000, 
	0x0000, 0x0000, 0x0000, 0x0000, 0x0000, 0x0000, 0x0000, 0x0000, 0x0000, 0x0000, 0x0000, 0x0000, 0x0000, 0x0000, 0x0000, 0x0000, 
	0x0000, 0x0000, 0x0000, 0x0000, 0x0000, 0x0000, 0x0000, 0x0000, 0x0000, 0x0000, 0x0000, 0x0000, 0x0000, 0x0000, 0x0000, 0x0000, 
	0x0000, 0x0000, 0x0000, 0x0000, 0x0000, 0x0000, 0x0000, 0x0000, 0x0000, 0x0000, 0x0000, 0x0000, 0x0000, 0x0000, 0x0000, 0x0000, 
	0x0000, 0x0000, 0x0000, 0x0000, 0x0000, 0x0000, 0x0000, 0x0000, 0x0000, 0x0000, 0x0000, 0x0000, 0x0000, 0x0000, 0x0000, 0x0000, 
	0x0000, 0x0000, 0x0000, 0x0000, 0x0000, 0x0000, 0x0000, 0x0000, 0x0000, 0x0000, 0x0000, 0x0000, 0x0000, 0x0000, 0x0000, 0x0000, 
	0x0000, 0x0000, 0x0000, 0x0000, 0x0000, 0x0000, 0x0000, 0x0000, 0x0000, 0x0000, 0x0000, 0x0000, 0x0000, 0x0000, 0x0000, 0x0000, 
	0x0000, 0x0000, 0x0000, 0x0000, 0x0000, 0x0000, 0x0000, 0x0000, 0x0000, 0x0000, 0x0000, 0x0000, 0x0000, 0x0000, 0x0000, 0x0000, 
	0x0000, 0x0000, 0x0000, 0x0000, 0x0000, 0x0000, 0x0000, 0x0000, 0x0000, 0x0000, 0x0000, 0x0000, 0x0000, 0x0000, 0x0000, 0x0000, 
	0x0000, 0x0000, 0x0000, 0x0000, 0x0000, 0x0000, 0x0000, 0x0000, 0x0000, 0x0000, 0x0000, 0x0000, 0x0000, 0x0000, 0x0000, 0x0000, 
	0x0000, 0x0000, 0x0000, 0x0000, 0x0000, 0x0000, 0x0000, 0x0000, 0x0000, 0x0000, 0x0000, 0x0000, 0x0000, 0x0000, 0x0000, 0x0000, 
	0x0000, 0x0000, 0x0000, 0x0000, 0x0000, 0x0000, 0x0000, 0x0000, 0x0000, 0x0000, 0x0000, 0x0000, 0x0000, 0x0000, 0x0000, 0x0000, 
	0x0000, 0x0000, 0x0000, 0x0000, 0x0000, 0x0000, 0x0000, 0x0000, 0x0000, 0x0000, 0x0000, 0x0000, 0x0000, 0x0000, 0x0000, 0x0000, 
	0x0000, 0x0000, 0x0000, 0x0000, 0x0000, 0x0000, 0x0000, 0x0000, 0x0000, 0x0000, 0x0000, 0x0000, 0x0000, 0x0000, 0x0000, 0x0000, 
	0x0000, 0x0000, 0x0000, 0x0000, 0x0000, 0x0000, 0x0000, 0x0000, 0x0000, 0x0000, 0x0000, 0x0000, 0x0000, 0x0000, 0x0000, 0x0000, 
	0x0000, 0x0000, 0x0000, 0x0000, 0x0000, 0x0000, 0x0000, 0x0000, 0x0000, 0x0000, 0x0000, 0x0000, 0x0000, 0x0000, 0x0000, 0x0000, 
	0x0000, 0x0000, 0x0000, 0x0000, 0x0000, 0x0000, 0x0000, 0x0000, 0x0000, 0x0000, 0x0000, 0x0000, 0x0000, 0x0000, 0x0000, 0x0000, 
	0x0000, 0x0000, 0x0000, 0x0000, 0x0000, 0x0000, 0x0000, 0x0000, 0x0000, 0x0000, 0x0000, 0x0000, 0x0000, 0x0000, 0x0000, 0x0000, 
	0x0000, 0x0000, 0x0000, 0x0000, 0x0000, 0x0000, 0x0000, 0x0000, 0x0000, 0x0000, 0x0000, 0x0000, 0x0000, 0x0000, 0x0000, 0x0000, 
	0x0000, 0x0000, 0x0000, 0x0000, 0x0000, 0x0000, 0x0000, 0x0000, 0x0000, 0x0000, 0x0000, 0x0000, 0x0000, 0x0000, 0x0000, 0x0000, 
	0x0000, 0x0000, 0x0000, 0x0000, 0x0000, 0x0000, 0x0000, 0x0000, 0x0000, 0x0000, 0x0000, 0x0000, 0x0000, 0x0000, 0x0000, 0x0000, 
	0x0000, 0x0000, 0x0000, 0x0000, 0x0000, 0x0000, 0x0000, 0x0000, 0x0000, 0x0000, 0x0000, 0x0000, 0x0000, 0x0000, 0x0000, 0x0000, 
	0x0000, 0x0000, 0x0000, 0x0000, 0x0000, 0x0000, 0x0000, 0x0000, 0x0000, 0x0000, 0x0000, 0x0000, 0x0000, 0x0000, 0x0000, 0x0000, 
	0x0000, 0x0000, 0x0000, 0x0000, 0x0000, 0x0000, 0x0000, 0x0000, 0x0000, 0x0000, 0x0000, 0x0000, 0x0000, 0x0000, 0x0000, 0x0000, 
	0x0000, 0x0000, 0x0000, 0x0000, 0x0000, 0x0000, 0x0000, 0x0000, 0x0000, 0x0000, 0x0000, 0x0000, 0x0000, 0x0000, 0x0000, 0x0000, 
	0x0000, 0x0000, 0x0000, 0x0000, 0x0000, 0x0000, 0x0000, 0x0000, 0x0000, 0x0000, 0x0000, 0x0000, 0x0000, 0x0000, 0x0000, 0x0000, 
	0x0000, 0x0000, 0x0000, 0x0000, 0x0000, 0x0000, 0x0000, 0x0000, 0x0000, 0x0000, 0x0000, 0x0000, 0x0000, 0x0000, 0x0000, 0x0000, 
	0x0000, 0x0000, 0x0000, 0x0000, 0x0000, 0x0000, 0x0000, 0x0000, 0x0000, 0x0000, 0x0000, 0x0000, 0x0000, 0x0000, 0x0000, 0x0000, 
	0x0000, 0x0000, 0x0000, 0x0000, 0x0000, 0x0000, 0x0000, 0x0000, 0x0000, 0x0000, 0x0000, 0x0000, 0x0000, 0x0000, 0x0000, 0x0000, 
	0x0000, 0x0000, 0x0000, 0x0000, 0x0000, 0x0000, 0x0000, 0x0000, 0x0000, 0x0000, 0x0000, 0x0000, 0x0000, 0x0000, 0x0000, 0x0000, 
	0x0000, 0x0000, 0x0000, 0x0000, 0x0000, 0x0000, 0x0000, 0x0000, 0x0000, 0x0000, 0x0000, 0x0000, 0x0000, 0x0000, 0x0000, 0x0000, 
	0x0000, 0x0000, 0x0000, 0x0000, 0x0000, 0x0000, 0x0000, 0x0000, 0x0000, 0x0000, 0x0000, 0x0000, 0x0000, 0x0000, 0x0000, 0x0000, 
	0x0000, 0x0000, 0x0000, 0x0000, 0x0000, 0x0000, 0x0000, 0x0000, 0x0000, 0x0000, 0x0000, 0x0000, 0x0000, 0x0000, 0x0000, 0x0000, 
	0x0000, 0x0000, 0x0000, 0x0000, 0x0000, 0x0000, 0x0000, 0x0000, 0x0000, 0x0000, 0x0000, 0x0000, 0x0000, 0x0000, 0x0000, 0x0000, 
	0x0000, 0x0000, 0x0000, 0x0000, 0x0000, 0x0000, 0x0000, 0x0000, 0x0000, 0x0000, 0x0000, 0x0000, 0x0000, 0x0000, 0x0000, 0x0000, 
	0x0000, 0x0000, 0x0000, 0x0000, 0x0000, 0x0000, 0x0000, 0x0000, 0x0000, 0x0000, 0x0000, 0x0000, 0x0000, 0x0000, 0x0000, 0x0000, 
	0x0000, 0x0000, 0x0000, 0x0000, 0x0000, 0x0000, 0x0000, 0x0000, 0x0000, 0x0000, 0x0000, 0x0000, 0x0000, 0x0000, 0x0000, 0x0000, 
	0x0000, 0x0000, 0x0000, 0x0000, 0x0000, 0x0000, 0x0000, 0x0000, 0x0000, 0x0000, 0x0000, 0x0000, 0x0000, 0x0000, 0x0000, 0x0000, 
	0x0000, 0x0000, 0x0000, 0x0000, 0x0000, 0x0000, 0x0000, 0x0000, 0x0000, 0x0000, 0x0000, 0x0000, 0x0000, 0x0000, 0x0000, 0x0000, 
	0x0000, 0x0000, 0x0000, 0x0000, 0x0000, 0x0000, 0x0000, 0x0000, 0x0000, 0x0000, 0x0000, 0x0000, 0x0000, 0x0000, 0x0000, 0x0000, 
	0x0000, 0x0000, 0x0000, 0x0000, 0x0000, 0x0000, 0x0000, 0x0000, 0x0000, 0x0000, 0x0000, 0x0000, 0x0000, 0x0000, 0x0000, 0x0000, 
	0x0000, 0x0000, 0x0000, 0x0000, 0x0000, 0x0000, 0x0000, 0x0000, 0x0000, 0x0000, 0x0000, 0x0000, 0x0000, 0x0000, 0x0000, 0x0000, 
	0x0000, 0x0000, 0x0000, 0x0000, 0x0000, 0x0000, 0x0000, 0x0000, 0x0000, 0x0000, 0x0000, 0x0000, 0x0000, 0x0000, 0x0000, 0x0000, 
	0x0000, 0x0000, 0x0000, 0x0000, 0x0000, 0x0000, 0x0000, 0x0000, 0x0000, 0x0000, 0x0000, 0x0000, 0x0000, 0x0000, 0x0000, 0x0000, 
	0x0000, 0x0000, 0x0000, 0x0000, 0x0000, 0x0000, 0x0000, 0x0000, 0x0000, 0x0000, 0x0000, 0x0000, 0x0000, 0x0000, 0x0000, 0x0000, 
	0x0000, 0x0000, 0x0000, 0x0000, 0x0000, 0x0000, 0x0000, 0x0000, 0x0000, 0x0000, 0x0000, 0x0000, 0x0000, 0x0000, 0x0000, 0x0000, 
	0x0000, 0x0000, 0x0000, 0x0000, 0x0000, 0x0000, 0x0000, 0x0000, 0x0000, 0x0000, 0x0000, 0x0000, 0x0000, 0x0000, 0x0000, 0x0000, 
	0x0000, 0x0000, 0x0000, 0x0000, 0x0000, 0x0000, 0x0000, 0x0000, 0x0000, 0x0000, 0x0000, 0x0000, 0x0000, 0x0000, 0x0000, 0x0000, 
	0x0000, 0x0000, 0x0000, 0x0000, 0x0000, 0x0000, 0x0000, 0x0000, 0x0000, 0x0000, 0x0000, 0x0000, 0x0000, 0x0000, 0x0000, 0x0000, 
	0x0000, 0x0000, 0x0000, 0x0000, 0x0000, 0x0000, 0x0000, 0x0000, 0x0000, 0x0000, 0x0000, 0x0000, 0x0000, 0x0000, 0x0000, 0x0000, 
	0x0000, 0x0000, 0x0000, 0x0000, 0x0000, 0x0000, 0x0000, 0x0000, 0x0000, 0x0000, 0x0000, 0x0000, 0x0000, 0x0000, 0x0000, 0x0000, 
	0x0000, 0x0000, 0x0000, 0x0000, 0x0000, 0x0000, 0x0000, 0x0000, 0x0000, 0x0000, 0x0000, 0x0000, 0x0000, 0x0000, 0x0000, 0x0000, 
	0x0000, 0x0000, 0x0000, 0x0000, 0x0000, 0x0000, 0x0000, 0x0000, 0x0000, 0x0000, 0x0000, 0x0000, 0x0000, 0x0000, 0x0000, 0x0000, 
	0x0000, 0x0000, 0x0000, 0x0000, 0x0000, 0x0000, 0x0000, 0x0000, 0x0000, 0x0000, 0x0000, 0x0000, 0x0000, 0x0000, 0x0000, 0x0000, 
	0x0000, 0x0000, 0x0000, 0x0000, 0x0000, 0x0000, 0x0000, 0x0000, 0x0000, 0x0000, 0x0000, 0x0000, 0x0000, 0x0000, 0x0000, 0x0000, 
	0x0000, 0x0000, 0x0000, 0x0000, 0x0000, 0x0000, 0x0000, 0x0000, 0x0000, 0x0000, 0x0000, 0x0000, 0x0000, 0x0000, 0x0000, 0x0000, 
	0x0000, 0x0000, 0x0000, 0x0000, 0x0000, 0x0000, 0x0000, 0x0000, 0x0000, 0x0000, 0x0000, 0x0000, 0x0000, 0x0000, 0x0000, 0x0000, 
	0x0000, 0x0000, 0x0000, 0x0000, 0x0000, 0x0000, 0x0000, 0x0000, 0x0000, 0x0000, 0x0000, 0x0000, 0x0000, 0x0000, 0x0000, 0x0000, 
	0x0000, 0x0000, 0x0000, 0x0000, 0x0000, 0x0000, 0x0000, 0x0000, 0x0000, 0x0000, 0x0000, 0x0000, 0x0000, 0x0000, 0x0000, 0x0000, 
	0x0000, 0x0000, 0x0000, 0x0000, 0x0000, 0x0000, 0x0000, 0x0000, 0x0000, 0x0000, 0x0000, 0x0000, 0x0000, 0x0000, 0x0000, 0x0000, 
	0x0000, 0x0000, 0x0000, 0x0000, 0x0000, 0x0000, 0x0000, 0x0000, 0x0000, 0x0000, 0x0000, 0x0000, 0x0000, 0x0000, 0x0000, 0x0000, 
	0x0000, 0x0000, 0x0000, 0x0000, 0x0000, 0x0000, 0x0000, 0x0000, 0x0000, 0x0000, 0x0000, 0x0000, 0x0000, 0x0000, 0x0000, 0x0000, 
	0x0000, 0x0000, 0x0000, 0x0000, 0x0000, 0x0000, 0x0000, 0x0000, 0x0000, 0x0000, 0x0000, 0x0000, 0x0000, 0x0000, 0x0000, 0x0000, 
	0x0000, 0x0000, 0x0000, 0x0000, 0x0000, 0x0000, 0x0000, 0x0000, 0x0000, 0x0000, 0x0000, 0x0000, 0x0000, 0x0000, 0x0000, 0x0000, 
	0x0000, 0x0000, 0x0000, 0x0000, 0x0000, 0x0000, 0x0000, 0x0000, 0x0000, 0x0000, 0x0000, 0x0000, 0x0000, 0x0000, 0x0000, 0x0000, 
	0x0000, 0x0000, 0x0000, 0x0000, 0x0000, 0x0000, 0x0000, 0x0000, 0x0000, 0x0000, 0x0000, 0x0000, 0x0000, 0x0000, 0x0000, 0x0000, 
	0x0000, 0x0000, 0x0000, 0x0000, 0x0000, 0x0000, 0x0000, 0x0000, 0x0000, 0x0000, 0x0000, 0x0000, 0x0000, 0x0000, 0x0000, 0x0000, 
	0x0000, 0x0000, 0x0000, 0x0000, 0x0000, 0x0000, 0x0000, 0x0000, 0x0000, 0x0000, 0x0000, 0x0000, 0x0000, 0x0000, 0x0000, 0x0000, 
	0x0000, 0x0000, 0x0000, 0x0000, 0x0000, 0x0000, 0x0000, 0x0000, 0x0000, 0x0000, 0x0000, 0x0000, 0x0000, 0x0000, 0x0000, 0x0000, 
	0x0000, 0x0000, 0x0000, 0x0000, 0x0000, 0x0000, 0x0000, 0x0000, 0x0000, 0x0000, 0x0000, 0x0000, 0x0000, 0x0000, 0x0000, 0x0000, 
	0x0000, 0x0000, 0x0000, 0x0000, 0x0000, 0x0000, 0x0000, 0x0000, 0x0000, 0x0000, 0x0000, 0x0000, 0x0000, 0x0000, 0x0000, 0x0000, 
	0x0000, 0x0000, 0x0000, 0x0000, 0x0000, 0x0000, 0x0000, 0x0000, 0x0000, 0x0000, 0x0000, 0x0000, 0x0000, 0x0000, 0x0000, 0x0000, 
	0x0000, 0x0000, 0x0000, 0x0000, 0x0000, 0x0000, 0x0000, 0x0000, 0x0000, 0x0000, 0x0000, 0x0000, 0x0000, 0x0000, 0x0000, 0x0000, 
	0x0000, 0x0000, 0x0000, 0x0000, 0x0000, 0x0000, 0x0000, 0x0000, 0x0000, 0x0000, 0x0000, 0x0000, 0x0000, 0x0000, 0x0000, 0x0000, 
	0x0000, 0x0000, 0x0000, 0x0000, 0x0000, 0x0000, 0x0000, 0x0000, 0x0000, 0x0000, 0x0000, 0x0000, 0x0000, 0x0000, 0x0000, 0x0000, 
	0x0000, 0x0000, 0x0000, 0x0000, 0x0000, 0x0000, 0x0000, 0x0000, 0x0000, 0x0000, 0x0000, 0x0000, 0x0000, 0x0000, 0x0000, 0x0000, 
	0x0000, 0x0000, 0x0000, 0x0000, 0x0000, 0x0000, 0x0000, 0x0000, 0x0000, 0x0000, 0x0000, 0x0000, 0x0000, 0x0000, 0x0000, 0x0000, 
	0x0000, 0x0000, 0x0000, 0x0000, 0x0000, 0x0000, 0x0000, 0x0000, 0x0000, 0x0000, 0x0000, 0x0000, 0x0000, 0x0000, 0x0000, 0x0000, 
	0x0000, 0x0000, 0x0000, 0x0000, 0x0000, 0x0000, 0x0000, 0x0000, 0x0000, 0x0000, 0x0000, 0x0000, 0x0000, 0x0000, 0x0000, 0x0000, 
	0x0000, 0x0000, 0x0000, 0x0000, 0x0000, 0x0000, 0x0000, 0x0000, 0x0000, 0x0000, 0x0000, 0x0000, 0x0000, 0x0000, 0x0000, 0x0000, 
	0x0000, 0x0000, 0x0000, 0x0000, 0x0000, 0x0000, 0x0000, 0x0000, 0x0000, 0x0000, 0x0000, 0x0000, 0x0000, 0x0000, 0x0000, 0x0000, 
	0x0000, 0x0000, 0x0000, 0x0000, 0x0000, 0x0000, 0x0000, 0x0000, 0x0000, 0x0000, 0x0000, 0x0000, 0x0000, 0x0000, 0x0000, 0x0000, 
	0x0000, 0x0000, 0x0000, 0x0000, 0x0000, 0x0000, 0x0000, 0x0000, 0x0000, 0x0000, 0x0000, 0x0000, 0x0000, 0x0000, 0x0000, 0x0000, 
	0x0000, 0x0000, 0x0000, 0x0000, 0x0000, 0x0000, 0x0000, 0x0000, 0x0000, 0x0000, 0x0000, 0x0000, 0x0000, 0x0000, 0x0000, 0x0000, 
	0x0000, 0x0000, 0x0000, 0x0000, 0x0000, 0x0000, 0x0000, 0x0000, 0x0000, 0x0000, 0x0000, 0x0000, 0x0000, 0x0000, 0x0000, 0x0000, 
	0x0000, 0x0000, 0x0000, 0x0000, 0x0000, 0x0000, 0x0000, 0x0000, 0x0000, 0x0000, 0x0000, 0x0000, 0x0000, 0x0000, 0x0000, 0x0000, 
	0x0000, 0x0000, 0x0000, 0x0000, 0x0000, 0x0000, 0x0000, 0x0000, 0x0000, 0x0000, 0x0000, 0x0000, 0x0000, 0x0000, 0x0000, 0x0000, 
	0x0000, 0x0000, 0x0000, 0x0000, 0x0000, 0x0000, 0x0000, 0x0000, 0x0000, 0x0000, 0x0000, 0x0000, 0x0000, 0x0000, 0x0000, 0x0000, 
	0x0000, 0x0000, 0x0000, 0x0000, 0x0000, 0x0000, 0x0000, 0x0000, 0x0000, 0x0000, 0x0000, 0x0000, 0x0000, 0x0000, 0x0000, 0x0000, 
	0x0000, 0x0000, 0x0000, 0x0000, 0x0000, 0x0000, 0x0000, 0x0000, 0x0000, 0x0000, 0x0000, 0x0000, 0x0000, 0x0000, 0x0000, 0x0000, 
	0x0000, 0x0000, 0x0000, 0x0000, 0x0000, 0x0000, 0x0000, 0x0000, 0x0000, 0x0000, 0x0000, 0x0000, 0x0000, 0x0000, 0x0000, 0x0000, 
	0x0000, 0x0000, 0x0000, 0x0000, 0x0000, 0x0000, 0x0000, 0x0000, 0x0000, 0x0000, 0x0000, 0x0000, 0x0000, 0x0000, 0x0000, 0x0000, 
	0x0000, 0x0000, 0x0000, 0x0000, 0x0000, 0x0000, 0x0000, 0x0000, 0x0000, 0x0000, 0x0000, 0x0000, 0x0000, 0x0000, 0x0000, 0x0000, 
	0x0000, 0x0000, 0x0000, 0x0000, 0x0000, 0x0000, 0x0000, 0x0000, 0x0000, 0x0000, 0x0000, 0x0000, 0x0000, 0x0000, 0x0000, 0x0000, 
	0x0000, 0x0000, 0x0000, 0x0000, 0x0000, 0x0000, 0x0000, 0x0000, 0x0000, 0x0000, 0x0000, 0x0000, 0x0000, 0x0000, 0x0000, 0x0000, 
	0x0000, 0x0000, 0x0000, 0x0000, 0x0000, 0x0000, 0x0000, 0x0000, 0x0000, 0x0000, 0x0000, 0x0000, 0x0000, 0x0000, 0x0000, 0x0000, 
	0x0000, 0x0000, 0x0000, 0x0000, 0x0000, 0x0000, 0x0000, 0x0000, 0x0000, 0x0000, 0x0000, 0x0000, 0x0000, 0x0000, 0x0000, 0x0000, 
	0x0000, 0x0000, 0x0000, 0x0000, 0x0000, 0x0000, 0x0000, 0x0000, 0x0000, 0x0000, 0x0000, 0x0000, 0x0000, 0x0000, 0x0000, 0x0000, 
	0x0000, 0x0000, 0x0000, 0x0000, 0x0000, 0x0000, 0x0000, 0x0000, 0x0000, 0x0000, 0x0000, 0x0000, 0x0000, 0x0000, 0x0000, 0x0000, 
	0x0000, 0x0000, 0x0000, 0x0000, 0x0000, 0x0000, 0x0000, 0x0000, 0x0000, 0x0000, 0x0000, 0x0000, 0x0000, 0x0000, 0x0000, 0x0000, 
	0x0000, 0x0000, 0x0000, 0x0000, 0x0000, 0x0000, 0x0000, 0x0000, 0x0000, 0x0000, 0x0000, 0x0000, 0x0000, 0x0000, 0x0000, 0x0000, 
	0x0000, 0x0000, 0x0000, 0x0000, 0x0000, 0x0000, 0x0000, 0x0000, 0x0000, 0x0000, 0x0000, 0x0000, 0x0000, 0x0000, 0x0000, 0x0000, 
	0x0000, 0x0000, 0x0000, 0x0000, 0x0000, 0x0000, 0x0000, 0x0000, 0x0000, 0x0000, 0x0000, 0x0000, 0x0000, 0x0000, 0x0000, 0x0000, 
	0x0000, 0x0000, 0x0000, 0x0000, 0x0000, 0x0000, 0x0000, 0x0000, 0x0000, 0x0000, 0x0000, 0x0000, 0x0000, 0x0000, 0x0000, 0x0000, 
	0x0000, 0x0000, 0x0000, 0x0000, 0x0000, 0x0000, 0x0000, 0x0000, 0x0000, 0x0000, 0x0000, 0x0000, 0x0000, 0x0000, 0x0000, 0x0000, 
	0x0000, 0x0000, 0x0000, 0x0000, 0x0000, 0x0000, 0x0000, 0x0000, 0x0000, 0x0000, 0x0000, 0x0000, 0x0000, 0x0000, 0x0000, 0x0000, 
	0x0000, 0x0000, 0x0000, 0x0000, 0x0000, 0x0000, 0x0000, 0x0000, 0x0000, 0x0000, 0x0000, 0x0000, 0x0000, 0x0000, 0x0000, 0x0000, 
	0x0000, 0x0000, 0x0000, 0x0000, 0x0000, 0x0000, 0x0000, 0x0000, 0x0000, 0x0000, 0x0000, 0x0000, 0x0000, 0x0000, 0x0000, 0x0000, 
	0x0000, 0x0000, 0x0000, 0x0000, 0x0000, 0x0000, 0x0000, 0x0000, 0x0000, 0x0000, 0x0000, 0x0000, 0x0000, 0x0000, 0x0000, 0x0000, 
	0x0000, 0x0000, 0x0000, 0x0000, 0x0000, 0x0000, 0x0000, 0x0000, 0x0000, 0x0000, 0x0000, 0x0000, 0x0000, 0x0000, 0x0000, 0x0000, 
	0x0000, 0x0000, 0x0000, 0x0000, 0x0000, 0x0000, 0x0000, 0x0000, 0x0000, 0x0000, 0x0000, 0x0000, 0x0000, 0x0000, 0x0000, 0x0000, 
	0x0000, 0x0000, 0x0000, 0x0000, 0x0000, 0x0000, 0x0000, 0x0000, 0x0000, 0x0000, 0x0000, 0x0000, 0x0000, 0x0000, 0x0000, 0x0000, 
	0x0000, 0x0000, 0x0000, 0x0000, 0x0000, 0x0000, 0x0000, 0x0000, 0x0000, 0x0000, 0x0000, 0x0000, 0x0000, 0x0000, 0x0000, 0x0000, 
	0x0000, 0x0000, 0x0000, 0x0000, 0x0000, 0x0000, 0x0000, 0x0000, 0x0000, 0x0000, 0x0000, 0x0000, 0x0000, 0x0000, 0x0000, 0x0000, 
	0x0000, 0x0000, 0x0000, 0x0000, 0x0000, 0x0000, 0x0000, 0x0000, 0x0000, 0x0000, 0x0000, 0x0000, 0x0000, 0x0000, 0x0000, 0x0000, 
	0x0000, 0x0000, 0x0000, 0x0000, 0x0000, 0x0000, 0x0000, 0x0000, 0x0000, 0x0000, 0x0000, 0x0000, 0x0000, 0x0000, 0x0000, 0x0000, 
	0x0000, 0x0000, 0x0000, 0x0000, 0x0000, 0x0000, 0x0000, 0x0000, 0x0000, 0x0000, 0x0000, 0x0000, 0x0000, 0x0000, 0x0000, 0x0000, 
	0x0000, 0x0000, 0x0000, 0x0000, 0x0000, 0x0000, 0x0000, 0x0000, 0x0000, 0x0000, 0x0000, 0x0000, 0x0000, 0x0000, 0x0000, 0x0000, 
	0x0000, 0x0000, 0x0000, 0x0000, 0x0000, 0x0000, 0x0000, 0x0000, 0x0000, 0x0000, 0x0000, 0x0000, 0x0000, 0x0000, 0x0000, 0x0000, 
	0x0000, 0x0000, 0x0000, 0x0000, 0x0000, 0x0000, 0x0000, 0x0000, 0x0000, 0x0000, 0x0000, 0x0000, 0x0000, 0x0000, 0x0000, 0x0000, 
	0x0000, 0x0000, 0x0000, 0x0000, 0x0000, 0x0000, 0x0000, 0x0000, 0x0000, 0x0000, 0x0000, 0x0000, 0x0000, 0x0000, 0x0000, 0x0000, 
	0x0000, 0x0000, 0x0000, 0x0000, 0x0000, 0x0000, 0x0000, 0x0000, 0x0000, 0x0000, 0x0000, 0x0000, 0x0000, 0x0000, 0x0000, 0x0000, 
	0x0000, 0x0000, 0x0000, 0x0000, 0x0000, 0x0000, 0x0000, 0x0000, 0x0000, 0x0000, 0x0000, 0x0000, 0x0000, 0x0000, 0x0000, 0x0000, 
	0x0000, 0x0000, 0x0000, 0x0000, 0x0000, 0x0000, 0x0000, 0x0000, 0x0000, 0x0000, 0x0000, 0x0000, 0x0000, 0x0000, 0x0000, 0x0000, 
	0x0000, 0x0000, 0x0000, 0x0000, 0x0000, 0x0000, 0x0000, 0x0000, 0x0000, 0x0000, 0x0000, 0x0000, 0x0000, 0x0000, 0x0000, 0x0000, 
	0x0000, 0x0000, 0x0000, 0x0000, 0x0000, 0x0000, 0x0000, 0x0000, 0x0000, 0x0000, 0x0000, 0x0000, 0x0000, 0x0000, 0x0000, 0x0000, 
	0x0000, 0x0000, 0x0000, 0x0000, 0x0000, 0x0000, 0x0000, 0x0000, 0x0000, 0x0000, 0x0000, 0x0000, 0x0000, 0x0000, 0x0000, 0x0000, 
	0x0000, 0x0000, 0x0000, 0x0000, 0x0000, 0x0000, 0x0000, 0x0000, 0x0000, 0x0000, 0x0000, 0x0000, 0x0000, 0x0000, 0x0000, 0x0000, 
	0x0000, 0x0000, 0x0000, 0x0000, 0x0000, 0x0000, 0x0000, 0x0000, 0x0000, 0x0000, 0x0000, 0x0000, 0x0000, 0x0000, 0x0000, 0x0000, 
	0x0000, 0x0000, 0x0000, 0x0000, 0x0000, 0x0000, 0x0000, 0x0000, 0x0000, 0x0000, 0x0000, 0x0000, 0x0000, 0x0000, 0x0000, 0x0000, 
	0x0000, 0x0000, 0x0000, 0x0000, 0x0000, 0x0000, 0x0000, 0x0000, 0x0000, 0x0000, 0x0000, 0x0000, 0x0000, 0x0000, 0x0000, 0x0000, 
	0x0000, 0x0000, 0x0000, 0x0000, 0x0000, 0x0000, 0x0000, 0x0000, 0x0000, 0x0000, 0x0000, 0x0000, 0x0000, 0x0000, 0x0000, 0x0000, 
	0x0000, 0x0000, 0x0000, 0x0000, 0x0000, 0x0000, 0x0000, 0x0000, 0x0000, 0x0000, 0x0000, 0x0000, 0x0000, 0x0000, 0x0000, 0x0000, 
	0x0000, 0x0000, 0x0000, 0x0000, 0x0000, 0x0000, 0x0000, 0x0000, 0x0000, 0x0000, 0x0000, 0x0000, 0x0000, 0x0000, 0x0000, 0x0000, 
	0x0000, 0x0000, 0x0000, 0x0000, 0x0000, 0x0000, 0x0000, 0x0000, 0x0000, 0x0000, 0x0000, 0x0000, 0x0000, 0x0000, 0x0000, 0x0000, 
	0x0000, 0x0000, 0x0000, 0x0000, 0x0000, 0x0000, 0x0000, 0x0000, 0x0000, 0x0000, 0x0000, 0x0000, 0x0000, 0x0000, 0x0000, 0x0000, 
	0x0000, 0x0000, 0x0000, 0x0000, 0x0000, 0x0000, 0x0000, 0x0000, 0x0000, 0x0000, 0x0000, 0x0000, 0x0000, 0x0000, 0x0000, 0x0000, 
	0x0000, 0x0000, 0x0000, 0x0000, 0x0000, 0x0000, 0x0000, 0x0000, 0x0000, 0x0000, 0x0000, 0x0000, 0x0000, 0x0000, 0x0000, 0x0000, 
	0x0000, 0x0000, 0x0000, 0x0000, 0x0000, 0x0000, 0x0000, 0x0000, 0x0000, 0x0000, 0x0000, 0x0000, 0x0000, 0x0000, 0x0000, 0x0000, 
	0x0000, 0x0000, 0x0000, 0x0000, 0x0000, 0x0000, 0x0000, 0x0000, 0x0000, 0x0000, 0x0000, 0x0000, 0x0000, 0x0000, 0x0000, 0x0000, 
	0x0000, 0x0000, 0x0000, 0x0000, 0x0000, 0x0000, 0x0000, 0x0000, 0x0000, 0x0000, 0x0000, 0x0000, 0x0000, 0x0000, 0x0000, 0x0000, 
	0x0000, 0x0000, 0x0000, 0x0000, 0x0000, 0x0000, 0x0000, 0x0000, 0x0000, 0x0000, 0x0000, 0x0000, 0x0000, 0x0000, 0x0000, 0x0000, 
	0x0000, 0x0000, 0x0000, 0x0000, 0x0000, 0x0000, 0x0000, 0x0000, 0x0000, 0x0000, 0x0000, 0x0000, 0x0000, 0x0000, 0x0000, 0x0000, 
	0x0000, 0x0000, 0x0000, 0x0000, 0x0000, 0x0000, 0x0000, 0x0000, 0x0000, 0x0000, 0x0000, 0x0000, 0x0000, 0x0000, 0x0000, 0x0000, 
	0x0000, 0x0000, 0x0000, 0x0000, 0x0000, 0x0000, 0x0000, 0x0000, 0x0000, 0x0000, 0x0000, 0x0000, 0x0000, 0x0000, 0x0000, 0x0000, 
	0x0000, 0x0000, 0x0000, 0x0000, 0x0000, 0x0000, 0x0000, 0x0000, 0x0000, 0x0000, 0x0000, 0x0000, 0x0000, 0x0000, 0x0000, 0x0000, 
	0x0000, 0x0000, 0x0000, 0x0000, 0x0000, 0x0000, 0x0000, 0x0000, 0x0000, 0x0000, 0x0000, 0x0000, 0x0000, 0x0000, 0x0000, 0x0000, 
	0x0000, 0x0000, 0x0000, 0x0000, 0x0000, 0x0000, 0x0000, 0x0000, 0x0000, 0x0000, 0x0000, 0x0000, 0x0000, 0x0000, 0x0000, 0x0000, 
	0x0000, 0x0000, 0x0000, 0x0000, 0x0000, 0x0000, 0x0000, 0x0000, 0x0000, 0x0000, 0x0000, 0x0000, 0x0000, 0x0000, 0x0000, 0x0000, 
	0x0000, 0x0000, 0x0000, 0x0000, 0x0000, 0x0000, 0x0000, 0x0000, 0x0000, 0x0000, 0x0000, 0x0000, 0x0000, 0x0000, 0x0000, 0x0000, 
	0x0000, 0x0000, 0x0000, 0x0000, 0x0000, 0x0000, 0x0000, 0x0000, 0x0000, 0x0000, 0x0000, 0x0000, 0x0000, 0x0000, 0x0000, 0x0000, 
	0x0000, 0x0000, 0x0000, 0x0000, 0x0000, 0x0000, 0x0000, 0x0000, 0x0000, 0x0000, 0x0000, 0x0000, 0x0000, 0x0000, 0x0000, 0x0000, 
	0x0000, 0x0000, 0x0000, 0x0000, 0x0000, 0x0000, 0x0000, 0x0000, 0x0000, 0x0000, 0x0000, 0x0000, 0x0000, 0x0000, 0x0000, 0x0000, 
	0x0000, 0x0000, 0x0000, 0x0000, 0x0000, 0x0000, 0x0000, 0x0000, 0x0000, 0x0000, 0x0000, 0x0000, 0x0000, 0x0000, 0x0000, 0x0000, 
	0x0000, 0x0000, 0x0000, 0x0000, 0x0000, 0x0000, 0x0000, 0x0000, 0x0000, 0x0000, 0x0000, 0x0000, 0x0000, 0x0000, 0x0000, 0x0000, 
	0x0000, 0x0000, 0x0000, 0x0000, 0x0000, 0x0000, 0x0000, 0x0000, 0x0000, 0x0000, 0x0000, 0x0000, 0x0000, 0x0000, 0x0000, 0x0000, 
	0x0000, 0x0000, 0x0000, 0x0000, 0x0000, 0x0000, 0x0000, 0x0000, 0x0000, 0x0000, 0x0000, 0x0000, 0x0000, 0x0000, 0x0000, 0x0000, 
	0x0000, 0x0000, 0x0000, 0x0000, 0x0000, 0x0000, 0x0000, 0x0000, 0x0000, 0x0000, 0x0000, 0x0000, 0x0000, 0x0000, 0x0000, 0x0000, 
	0x0000, 0x0000, 0x0000, 0x0000, 0x0000, 0x0000, 0x0000, 0x0000, 0x0000, 0x0000, 0x0000, 0x0000, 0x0000, 0x0000, 0x0000, 0x0000, 
	0x0000, 0x0000, 0x0000, 0x0000, 0x0000, 0x0000, 0x0000, 0x0000, 0x0000, 0x0000, 0x0000, 0x0000, 0x0000, 0x0000, 0x0000, 0x0000, 
	0x0000, 0x0000, 0x0000, 0x0000, 0x0000, 0x0000, 0x0000, 0x0000, 0x0000, 0x0000, 0x0000, 0x0000, 0x0000, 0x0000, 0x0000, 0x0000, 
	0x0000, 0x0000, 0x0000, 0x0000, 0x0000, 0x0000, 0x0000, 0x0000, 0x0000, 0x0000, 0x0000, 0x0000, 0x0000, 0x0000, 0x0000, 0x0000, 
	0x0000, 0x0000, 0x0000, 0x0000, 0x0000, 0x0000, 0x0000, 0x0000, 0x0000, 0x0000, 0x0000, 0x0000, 0x0000, 0x0000, 0x0000, 0x0000, 
	0x0000, 0x0000, 0x0000, 0x0000, 0x0000, 0x0000, 0x0000, 0x0000, 0x0000, 0x0000, 0x0000, 0x0000, 0x0000, 0x0000, 0x0000, 0x0000, 
	0x0000, 0x0000, 0x0000, 0x0000, 0x0000, 0x0000, 0x0000, 0x0000, 0x0000, 0x0000, 0x0000, 0x0000, 0x0000, 0x0000, 0x0000, 0x0000, 
	0x0000, 0x0000, 0x0000, 0x0000, 0x0000, 0x0000, 0x0000, 0x0000, 0x0000, 0x0000, 0x0000, 0x0000, 0x0000, 0x0000, 0x0000, 0x0000, 
	0x0000, 0x0000, 0x0000, 0x0000, 0x0000, 0x0000, 0x0000, 0x0000, 0x0000, 0x0000, 0x0000, 0x0000, 0x0000, 0x0000, 0x0000, 0x0000, 
	0x0000, 0x0000, 0x0000, 0x0000, 0x0000, 0x0000, 0x0000, 0x0000, 0x0000, 0x0000, 0x0000, 0x0000, 0x0000, 0x0000, 0x0000, 0x0000, 
	0x0000, 0x0000, 0x0000, 0x0000, 0x0000, 0x0000, 0x0000, 0x0000, 0x0000, 0x0000, 0x0000, 0x0000, 0x0000, 0x0000, 0x0000, 0x0000, 
	0x0000, 0x0000, 0x0000, 0x0000, 0x0000, 0x0000, 0x0000, 0x0000, 0x0000, 0x0000, 0x0000, 0x0000, 0x0000, 0x0000, 0x0000, 0x0000, 
	0x0000, 0x0000, 0x0000, 0x0000, 0x0000, 0x0000, 0x0000, 0x0000, 0x0000, 0x0000, 0x0000, 0x0000, 0x0000, 0x0000, 0x0000, 0x0000, 
	0x0000, 0x0000, 0x0000, 0x0000, 0x0000, 0x0000, 0x0000, 0x0000, 0x0000, 0x0000, 0x0000, 0x0000, 0x0000, 0x0000, 0x0000, 0x0000, 
	0x0000, 0x0000, 0x0000, 0x0000, 0x0000, 0x0000, 0x0000, 0x0000, 0x0000, 0x0000, 0x0000, 0x0000, 0x0000, 0x0000, 0x0000, 0x0000, 
	0x0000, 0x0000, 0x0000, 0x0000, 0x0000, 0x0000, 0x0000, 0x0000, 0x0000, 0x0000, 0x0000, 0x0000, 0x0000, 0x0000, 0x0000, 0x0000, 
	0x0000, 0x0000, 0x0000, 0x0000, 0x0000, 0x0000, 0x0000, 0x0000, 0x0000, 0x0000, 0x0000, 0x0000, 0x0000, 0x0000, 0x0000, 0x0000, 
	0x0000, 0x0000, 0x0000, 0x0000, 0x0000, 0x0000, 0x0000, 0x0000, 0x0000, 0x0000, 0x0000, 0x0000, 0x0000, 0x0000, 0x0000, 0x0000, 
	0x0000, 0x0000, 0x0000, 0x0000, 0x0000, 0x0000, 0x0000, 0x0000, 0x0000, 0x0000, 0x0000, 0x0000, 0x0000, 0x0000, 0x0000, 0x0000, 
	0x0000, 0x0000, 0x0000, 0x0000, 0x0000, 0x0000, 0x0000, 0x0000, 0x0000, 0x0000, 0x0000, 0x0000, 0x0000, 0x0000, 0x0000, 0x0000, 
	0x0000, 0x0000, 0x0000, 0x0000, 0x0000, 0x0000, 0x0000, 0x0000, 0x0000, 0x0000, 0x0000, 0x0000, 0x0000, 0x0000, 0x0000, 0x0000, 
	0x0000, 0x0000, 0x0000, 0x0000, 0x0000, 0x0000, 0x0000, 0x0000, 0x0000, 0x0000, 0x0000, 0x0000, 0x0000, 0x0000, 0x0000, 0x0000, 
	0x0000, 0x0000, 0x0000, 0x0000, 0x0000, 0x0000, 0x0000, 0x0000, 0x0000, 0x0000, 0x0000, 0x0000, 0x0000, 0x0000, 0x0000, 0x0000, 
	0x0000, 0x0000, 0x0000, 0x0000, 0x0000, 0x0000, 0x0000, 0x0000, 0x0000, 0x0000, 0x0000, 0x0000, 0x0000, 0x0000, 0x0000, 0x0000, 
	0x0000, 0x0000, 0x0000, 0x0000, 0x0000, 0x0000, 0x0000, 0x0000, 0x0000, 0x0000, 0x0000, 0x0000, 0x0000, 0x0000, 0x0000, 0x0000, 
	0x0000, 0x0000, 0x0000, 0x0000, 0x0000, 0x0000, 0x0000, 0x0000, 0x0000, 0x0000, 0x0000, 0x0000, 0x0000, 0x0000, 0x0000, 0x0000, 
	0x0000, 0x0000, 0x0000, 0x0000, 0x0000, 0x0000, 0x0000, 0x0000, 0x0000, 0x0000, 0x0000, 0x0000, 0x0000, 0x0000, 0x0000, 0x0000, 
	0x0000, 0x0000, 0x0000, 0x0000, 0x0000, 0x0000, 0x0000, 0x0000, 0x0000, 0x0000, 0x0000, 0x0000, 0x0000, 0x0000, 0x0000, 0x0000, 
	0x0000, 0x0000, 0x0000, 0x0000, 0x0000, 0x0000, 0x0000, 0x0000, 0x0000, 0x0000, 0x0000, 0x0000, 0x0000, 0x0000, 0x0000, 0x0000, 
	0x0000, 0x0000, 0x0000, 0x0000, 0x0000, 0x0000, 0x0000, 0x0000, 0x0000, 0x0000, 0x0000, 0x0000, 0x0000, 0x0000, 0x0000, 0x0000, 
	0x0000, 0x0000, 0x0000, 0x0000, 0x0000, 0x0000, 0x0000, 0x0000, 0x0000, 0x0000, 0x0000, 0x0000, 0x0000, 0x0000, 0x0000, 0x0000, 
	0x0000, 0x0000, 0x0000, 0x0000, 0x0000, 0x0000, 0x0000, 0x0000, 0x0000, 0x0000, 0x0000, 0x0000, 0x0000, 0x0000, 0x0000, 0x0000, 
	0x0000, 0x0000, 0x0000, 0x0000, 0x0000, 0x0000, 0x0000, 0x0000, 0x0000, 0x0000, 0x0000, 0x0000, 0x0000, 0x0000, 0x0000, 0x0000, 
	0x0000, 0x0000, 0x0000, 0x0000, 0x0000, 0x0000, 0x0000, 0x0000, 0x0000, 0x0000, 0x0000, 0x0000, 0x0000, 0x0000, 0x0000, 0x0000, 
	0x0000, 0x0000, 0x0000, 0x0000, 0x0000, 0x0000, 0x0000, 0x0000, 0x0000, 0x0000, 0x0000, 0x0000, 0x0000, 0x0000, 0x0000, 0x0000, 
	0x0000, 0x0000, 0x0000, 0x0000, 0x0000, 0x0000, 0x0000, 0x0000, 0x0000, 0x0000, 0x0000, 0x0000, 0x0000, 0x0000, 0x0000, 0x0000, 
	0x0000, 0x0000, 0x0000, 0x0000, 0x0000, 0x0000, 0x0000, 0x0000, 0x0000, 0x0000, 0x0000, 0x0000, 0x0000, 0x0000, 0x0000, 0x0000, 
	0x0000, 0x0000, 0x0000, 0x0000, 0x0000, 0x0000, 0x0000, 0x0000, 0x0000, 0x0000, 0x0000, 0x0000, 0x0000, 0x0000, 0x0000, 0x0000, 
	0x0000, 0x0000, 0x0000, 0x0000, 0x0000, 0x0000, 0x0000, 0x0000, 0x0000, 0x0000, 0x0000, 0x0000, 0x0000, 0x0000, 0x0000, 0x0000, 
	0x0000, 0x0000, 0x0000, 0x0000, 0x0000, 0x0000, 0x0000, 0x0000, 0x0000, 0x0000, 0x0000, 0x0000, 0x0000, 0x0000, 0x0000, 0x0000, 
	0x0000, 0x0000, 0x0000, 0x0000, 0x0000, 0x0000, 0x0000, 0x0000, 0x0000, 0x0000, 0x0000, 0x0000, 0x0000, 0x0000, 0x0000, 0x0000, 
	0x0000, 0x0000, 0x0000, 0x0000, 0x0000, 0x0000, 0x0000, 0x0000, 0x0000, 0x0000, 0x0000, 0x0000, 0x0000, 0x0000, 0x0000, 0x0000, 
	0x0000, 0x0000, 0x0000, 0x0000, 0x0000, 0x0000, 0x0000, 0x0000, 0x0000, 0x0000, 0x0000, 0x0000, 0x0000, 0x0000, 0x0000, 0x0000, 
	0x0000, 0x0000, 0x0000, 0x0000, 0x0000, 0x0000, 0x0000, 0x0000, 0x0000, 0x0000, 0x0000, 0x0000, 0x0000, 0x0000, 0x0000, 0x0000, 
	0x0000, 0x0000, 0x0000, 0x0000, 0x0000, 0x0000, 0x0000, 0x0000, 0x0000, 0x0000, 0x0000, 0x0000, 0x0000, 0x0000, 0x0000, 0x0000, 
	0x0000, 0x0000, 0x0000, 0x0000, 0x0000, 0x0000, 0x0000, 0x0000, 0x0000, 0x0000, 0x0000, 0x0000, 0x0000, 0x0000, 0x0000, 0x0000, 
	0x0000, 0x0000, 0x0000, 0x0000, 0x0000, 0x0000, 0x0000, 0x0000, 0x0000, 0x0000, 0x0000, 0x0000, 0x0000, 0x0000, 0x0000, 0x0000, 
	0x0000, 0x0000, 0x0000, 0x0000, 0x0000, 0x0000, 0x0000, 0x0000, 0x0000, 0x0000, 0x0000, 0x0000, 0x0000, 0x0000, 0x0000, 0x0000, 
	0x0000, 0x0000, 0x0000, 0x0000, 0x0000, 0x0000, 0x0000, 0x0000, 0x0000, 0x0000, 0x0000, 0x0000, 0x0000, 0x0000, 0x0000, 0x0000, 
	0x0000, 0x0000, 0x0000, 0x0000, 0x0000, 0x0000, 0x0000, 0x0000, 0x0000, 0x0000, 0x0000, 0x0000, 0x0000, 0x0000, 0x0000, 0x0000, 
	0x0000, 0x0000, 0x0000, 0x0000, 0x0000, 0x0000, 0x0000, 0x0000, 0x0000, 0x0000, 0x0000, 0x0000, 0x0000, 0x0000, 0x0000, 0x0000, 
	0x0000, 0x0000, 0x0000, 0x0000, 0x0000, 0x0000, 0x0000, 0x0000, 0x0000, 0x0000, 0x0000, 0x0000, 0x0000, 0x0000, 0x0000, 0x0000, 
	0x0000, 0x0000, 0x0000, 0x0000, 0x0000, 0x0000, 0x0000, 0x0000, 0x0000, 0x0000, 0x0000, 0x0000, 0x0000, 0x0000, 0x0000, 0x0000, 
	0x0000, 0x0000, 0x0000, 0x0000, 0x0000, 0x0000, 0x0000, 0x0000, 0x0000, 0x0000, 0x0000, 0x0000, 0x0000, 0x0000, 0x0000, 0x0000, 
	0x0000, 0x0000, 0x0000, 0x0000, 0x0000, 0x0000, 0x0000, 0x0000, 0x0000, 0x0000, 0x0000, 0x0000, 0x0000, 0x0000, 0x0000, 0x0000, 
	0x0000, 0x0000, 0x0000, 0x0000, 0x0000, 0x0000, 0x0000, 0x0000, 0x0000, 0x0000, 0x0000, 0x0000, 0x0000, 0x0000, 0x0000, 0x0000, 
	0x0000, 0x0000, 0x0000, 0x0000, 0x0000, 0x0000, 0x0000, 0x0000, 0x0000, 0x0000, 0x0000, 0x0000, 0x0000, 0x0000, 0x0000, 0x0000, 
	0x0000, 0x0000, 0x0000, 0x0000, 0x0000, 0x0000, 0x0000, 0x0000, 0x0000, 0x0000, 0x0000, 0x0000, 0x0000, 0x0000, 0x0000, 0x0000, 
	0x0000, 0x0000, 0x0000, 0x0000, 0x0000, 0x0000, 0x0000, 0x0000, 0x0000, 0x0000, 0x0000, 0x0000, 0x0000, 0x0000, 0x0000, 0x0000, 
	0x0000, 0x0000, 0x0000, 0x0000, 0x0000, 0x0000, 0x0000, 0x0000, 0x0000, 0x0000, 0x0000, 0x0000, 0x0000, 0x0000, 0x0000, 0x0000, 
	0x0000, 0x0000, 0x0000, 0x0000, 0x0000, 0x0000, 0x0000, 0x0000, 0x0000, 0x0000, 0x0000, 0x0000, 0x0000, 0x0000, 0x0000, 0x0000, 
	0x0000, 0x0000, 0x0000, 0x0000, 0x0000, 0x0000, 0x0000, 0x0000, 0x0000, 0x0000, 0x0000, 0x0000, 0x0000, 0x0000, 0x0000, 0x0000, 
	0x0000, 0x0000, 0x0000, 0x0000, 0x0000, 0x0000, 0x0000, 0x0000, 0x0000, 0x0000, 0x0000, 0x0000, 0x0000, 0x0000, 0x0000, 0x0000, 
	0x0000, 0x0000, 0x0000, 0x0000, 0x0000, 0x0000, 0x0000, 0x0000, 0x0000, 0x0000, 0x0000, 0x0000, 0x0000, 0x0000, 0x0000, 0x0000, 
	0x0000, 0x0000, 0x0000, 0x0000, 0x0000, 0x0000, 0x0000, 0x0000, 0x0000, 0x0000, 0x0000, 0x0000, 0x0000, 0x0000, 0x0000, 0x0000, 
	0x0000, 0x0000, 0x0000, 0x0000, 0x0000, 0x0000, 0x0000, 0x0000, 0x0000, 0x0000, 0x0000, 0x0000, 0x0000, 0x0000, 0x0000, 0x0000, 
	0x0000, 0x0000, 0x0000, 0x0000, 0x0000, 0x0000, 0x0000, 0x0000, 0x0000, 0x0000, 0x0000, 0x0000, 0x0000, 0x0000, 0x0000, 0x0000, 
	0x0000, 0x0000, 0x0000, 0x0000, 0x0000, 0x0000, 0x0000, 0x0000, 0x0000, 0x0000, 0x0000, 0x0000, 0x0000, 0x0000, 0x0000, 0x0000, 
	0x0000, 0x0000, 0x0000, 0x0000, 0x0000, 0x0000, 0x0000, 0x0000, 0x0000, 0x0000, 0x0000, 0x0000, 0x0000, 0x0000, 0x0000, 0x0000, 
	0x0000, 0x0000, 0x0000, 0x0000, 0x0000, 0x0000, 0x0000, 0x0000, 0x0000, 0x0000, 0x0000, 0x0000, 0x0000, 0x0000, 0x0000, 0x0000, 
	0x0000, 0x0000, 0x0000, 0x0000, 0x0000, 0x0000, 0x0000, 0x0000, 0x0000, 0x0000, 0x0000, 0x0000, 0x0000, 0x0000, 0x0000, 0x0000, 
	0x0000, 0x0000, 0x0000, 0x0000, 0x0000, 0x0000, 0x0000, 0x0000, 0x0000, 0x0000, 0x0000, 0x0000, 0x0000, 0x0000, 0x0000, 0x0000, 
	0x0000, 0x0000, 0x0000, 0x0000, 0x0000, 0x0000, 0x0000, 0x0000, 0x0000, 0x0000, 0x0000, 0x0000, 0x0000, 0x0000, 0x0000, 0x0000, 
	0x0000, 0x0000, 0x0000, 0x0000, 0x0000, 0x0000, 0x0000, 0x0000, 0x0000, 0x0000, 0x0000, 0x0000, 0x0000, 0x0000, 0x0000, 0x0000, 
	0x0000, 0x0000, 0x0000, 0x0000, 0x0000, 0x0000, 0x0000, 0x0000, 0x0000, 0x0000, 0x0000, 0x0000, 0x0000, 0x0000, 0x0000, 0x0000, 
	0x0000, 0x0000, 0x0000, 0x0000, 0x0000, 0x0000, 0x0000, 0x0000, 0x0000, 0x0000, 0x0000, 0x0000, 0x0000, 0x0000, 0x0000, 0x0000, 
	0x0000, 0x0000, 0x0000, 0x0000, 0x0000, 0x0000, 0x0000, 0x0000, 0x0000, 0x0000, 0x0000, 0x0000, 0x0000, 0x0000, 0x0000, 0x0000, 
	0x0000, 0x0000, 0x0000, 0x0000, 0x0000, 0x0000, 0x0000, 0x0000, 0x0000, 0x0000, 0x0000, 0x0000, 0x0000, 0x0000, 0x0000, 0x0000, 
	0x0000, 0x0000, 0x0000, 0x0000, 0x0000, 0x0000, 0x0000, 0x0000, 0x0000, 0x0000, 0x0000, 0x0000, 0x0000, 0x0000, 0x0000, 0x0000, 
	0x0000, 0x0000, 0x0000, 0x0000, 0x0000, 0x0000, 0x0000, 0x0000, 0x0000, 0x0000, 0x0000, 0x0000, 0x0000, 0x0000, 0x0000, 0x0000, 
	0x0000, 0x0000, 0x0000, 0x0000, 0x0000, 0x0000, 0x0000, 0x0000, 0x0000, 0x0000, 0x0000, 0x0000, 0x0000, 0x0000, 0x0000, 0x0000, 
	0x0000, 0x0000, 0x0000, 0x0000, 0x0000, 0x0000, 0x0000, 0x0000, 0x0000, 0x0000, 0x0000, 0x0000, 0x0000, 0x0000, 0x0000, 0x0000, 
	0x0000, 0x0000, 0x0000, 0x0000, 0x0000, 0x0000, 0x0000, 0x0000, 0x0000, 0x0000, 0x0000, 0x0000, 0x0000, 0x0000, 0x0000, 0x0000, 
	0x0000, 0x0000, 0x0000, 0x0000, 0x0000, 0x0000, 0x0000, 0x0000, 0x0000, 0x0000, 0x0000, 0x0000, 0x0000, 0x0000, 0x0000, 0x0000, 
	0x0000, 0x0000, 0x0000, 0x0000, 0x0000, 0x0000, 0x0000, 0x0000, 0x0000, 0x0000, 0x0000, 0x0000, 0x0000, 0x0000, 0x0000, 0x0000, 
	0x0000, 0x0000, 0x0000, 0x0000, 0x0000, 0x0000, 0x0000, 0x0000, 0x0000, 0x0000, 0x0000, 0x0000, 0x0000, 0x0000, 0x0000, 0x0000, 
	0x0000, 0x0000, 0x0000, 0x0000, 0x0000, 0x0000, 0x0000, 0x0000, 0x0000, 0x0000, 0x0000, 0x0000, 0x0000, 0x0000, 0x0000, 0x0000, 
	0x0000, 0x0000, 0x0000, 0x0000, 0x0000, 0x0000, 0x0000, 0x0000, 0x0000, 0x0000, 0x0000, 0x0000, 0x0000, 0x0000, 0x0000, 0x0000, 
	0x0000, 0x0000, 0x0000, 0x0000, 0x0000, 0x0000, 0x0000, 0x0000, 0x0000, 0x0000, 0x0000, 0x0000, 0x0000, 0x0000, 0x0000, 0x0000, 
	0x0000, 0x0000, 0x0000, 0x0000, 0x0000, 0x0000, 0x0000, 0x0000, 0x0000, 0x0000, 0x0000, 0x0000, 0x0000, 0x0000, 0x0000, 0x0000, 
	0x0000, 0x0000, 0x0000, 0x0000, 0x0000, 0x0000, 0x0000, 0x0000, 0x0000, 0x0000, 0x0000, 0x0000, 0x0000, 0x0000, 0x0000, 0x0000, 
	0x0000, 0x0000, 0x0000, 0x0000, 0x0000, 0x0000, 0x0000, 0x0000, 0x0000, 0x0000, 0x0000, 0x0000, 0x0000, 0x0000, 0x0000, 0x0000, 
	0x0000, 0x0000, 0x0000, 0x0000, 0x0000, 0x0000, 0x0000, 0x0000, 0x0000, 0x0000, 0x0000, 0x0000, 0x0000, 0x0000, 0x0000, 0x0000, 
	0x0000, 0x0000, 0x0000, 0x0000, 0x0000, 0x0000, 0x0000, 0x0000, 0x0000, 0x0000, 0x0000, 0x0000, 0x0000, 0x0000, 0x0000, 0x0000, 
	0x0000, 0x0000, 0x0000, 0x0000, 0x0000, 0x0000, 0x0000, 0x0000, 0x0000, 0x0000, 0x0000, 0x0000, 0x0000, 0x0000, 0x0000, 0x0000, 
	0x0000, 0x0000, 0x0000, 0x0000, 0x0000, 0x0000, 0x0000, 0x0000, 0x0000, 0x0000, 0x0000, 0x0000, 0x0000, 0x0000, 0x0000, 0x0000, 
	0x0000, 0x0000, 0x0000, 0x0000, 0x0000, 0x0000, 0x0000, 0x0000, 0x0000, 0x0000, 0x0000, 0x0000, 0x0000, 0x0000, 0x0000, 0x0000, 
	0x0000, 0x0000, 0x0000, 0x0000, 0x0000, 0x0000, 0x0000, 0x0000, 0x0000, 0x0000, 0x0000, 0x0000, 0x0000, 0x0000, 0x0000, 0x0000, 
	0x0000, 0x0000, 0x0000, 0x0000, 0x0000, 0x0000, 0x0000, 0x0000, 0x0000, 0x0000, 0x0000, 0x0000, 0x0000, 0x0000, 0x0000, 0x0000, 
	0x0000, 0x0000, 0x0000, 0x0000, 0x0000, 0x0000, 0x0000, 0x0000, 0x0000, 0x0000, 0x0000, 0x0000, 0x0000, 0x0000, 0x0000, 0x0000, 
	0x0000, 0x0000, 0x0000, 0x0000, 0x0000, 0x0000, 0x0000, 0x0000, 0x0000, 0x0000, 0x0000, 0x0000, 0x0000, 0x0000, 0x0000, 0x0000, 
	0x0000, 0x0000, 0x0000, 0x0000, 0x0000, 0x0000, 0x0000, 0x0000, 0x0000, 0x0000, 0x0000, 0x0000, 0x0000, 0x0000, 0x0000, 0x0000, 
	0x0000, 0x0000, 0x0000, 0x0000, 0x0000, 0x0000, 0x0000, 0x0000, 0x0000, 0x0000, 0x0000, 0x0000, 0x0000, 0x0000, 0x0000, 0x0000, 
	0x0000, 0x0000, 0x0000, 0x0000, 0x0000, 0x0000, 0x0000, 0x0000, 0x0000, 0x0000, 0x0000, 0x0000, 0x0000, 0x0000, 0x0000, 0x0000, 
	0x0000, 0x0000, 0x0000, 0x0000, 0x0000, 0x0000, 0x0000, 0x0000, 0x0000, 0x0000, 0x0000, 0x0000, 0x0000, 0x0000, 0x0000, 0x0000, 
	0x0000, 0x0000, 0x0000, 0x0000, 0x0000, 0x0000, 0x0000, 0x0000, 0x0000, 0x0000, 0x0000, 0x0000, 0x0000, 0x0000, 0x0000, 0x0000, 
	0x0000, 0x0000, 0x0000, 0x0000, 0x0000, 0x0000, 0x0000, 0x0000, 0x0000, 0x0000, 0x0000, 0x0000, 0x0000, 0x0000, 0x0000, 0x0000, 
	0x0000, 0x0000, 0x0000, 0x0000, 0x0000, 0x0000, 0x0000, 0x0000, 0x0000, 0x0000, 0x0000, 0x0000, 0x0000, 0x0000, 0x0000, 0x0000, 
	0x0000, 0x0000, 0x0000, 0x0000, 0x0000, 0x0000, 0x0000, 0x0000, 0x0000, 0x0000, 0x0000, 0x0000, 0x0000, 0x0000, 0x0000, 0x0000, 
	0x0000, 0x0000, 0x0000, 0x0000, 0x0000, 0x0000, 0x0000, 0x0000, 0x0000, 0x0000, 0x0000, 0x0000, 0x0000, 0x0000, 0x0000, 0x0000, 
	0x0000, 0x0000, 0x0000, 0x0000, 0x0000, 0x0000, 0x0000, 0x0000, 0x0000, 0x0000, 0x0000, 0x0000, 0x0000, 0x0000, 0x0000, 0x0000, 
	0x0000, 0x0000, 0x0000, 0x0000, 0x0000, 0x0000, 0x0000, 0x0000, 0x0000, 0x0000, 0x0000, 0x0000, 0x0000, 0x0000, 0x0000, 0x0000, 
	0x0000, 0x0000, 0x0000, 0x0000, 0x0000, 0x0000, 0x0000, 0x0000, 0x0000, 0x0000, 0x0000, 0x0000, 0x0000, 0x0000, 0x0000, 0x0000, 
	0x0000, 0x0000, 0x0000, 0x0000, 0x0000, 0x0000, 0x0000, 0x0000, 0x0000, 0x0000, 0x0000, 0x0000, 0x0000, 0x0000, 0x0000, 0x0000, 
	0x0000, 0x0000, 0x0000, 0x0000, 0x0000, 0x0000, 0x0000, 0x0000, 0x0000, 0x0000, 0x0000, 0x0000, 0x0000, 0x0000, 0x0000, 0x0000, 
	0x0000, 0x0000, 0x0000, 0x0000, 0x0000, 0x0000, 0x0000, 0x0000, 0x0000, 0x0000, 0x0000, 0x0000, 0x0000, 0x0000, 0x0000, 0x0000, 
	0x0000, 0x0000, 0x0000, 0x0000, 0x0000, 0x0000, 0x0000, 0x0000, 0x0000, 0x0000, 0x0000, 0x0000, 0x0000, 0x0000, 0x0000, 0x0000, 
	0x0000, 0x0000, 0x0000, 0x0000, 0x0000, 0x0000, 0x0000, 0x0000, 0x0000, 0x0000, 0x0000, 0x0000, 0x0000, 0x0000, 0x0000, 0x0000, 
	0x0000, 0x0000, 0x0000, 0x0000, 0x0000, 0x0000, 0x0000, 0x0000, 0x0000, 0x0000, 0x0000, 0x0000, 0x0000, 0x0000, 0x0000, 0x0000, 
	0x0000, 0x0000, 0x0000, 0x0000, 0x0000, 0x0000, 0x0000, 0x0000, 0x0000, 0x0000, 0x0000, 0x0000, 0x0000, 0x0000, 0x0000, 0x0000, 
	0x0000, 0x0000, 0x0000, 0x0000, 0x0000, 0x0000, 0x0000, 0x0000, 0x0000, 0x0000, 0x0000, 0x0000, 0x0000, 0x0000, 0x0000, 0x0000, 
	0x0000, 0x0000, 0x0000, 0x0000, 0x0000, 0x0000, 0x0000, 0x0000, 0x0000, 0x0000, 0x0000, 0x0000, 0x0000, 0x0000, 0x0000, 0x0000, 
	0x0000, 0x0000, 0x0000, 0x0000, 0x0000, 0x0000, 0x0000, 0x0000, 0x0000, 0x0000, 0x0000, 0x0000, 0x0000, 0x0000, 0x0000, 0x0000, 
	0x0000, 0x0000, 0x0000, 0x0000, 0x0000, 0x0000, 0x0000, 0x0000, 0x0000, 0x0000, 0x0000, 0x0000, 0x0000, 0x0000, 0x0000, 0x0000, 
	0x0000, 0x0000, 0x0000, 0x0000, 0x0000, 0x0000, 0x0000, 0x0000, 0x0000, 0x0000, 0x0000, 0x0000, 0x0000, 0x0000, 0x0000, 0x0000, 
	0x0000, 0x0000, 0x0000, 0x0000, 0x0000, 0x0000, 0x0000, 0x0000, 0x0000, 0x0000, 0x0000, 0x0000, 0x0000, 0x0000, 0x0000, 0x0000, 
	0x0000, 0x0000, 0x0000, 0x0000, 0x0000, 0x0000, 0x0000, 0x0000, 0x0000, 0x0000, 0x0000, 0x0000, 0x0000, 0x0000, 0x0000, 0x0000, 
	0x0000, 0x0000, 0x0000, 0x0000, 0x0000, 0x0000, 0x0000, 0x0000, 0x0000, 0x0000, 0x0000, 0x0000, 0x0000, 0x0000, 0x0000, 0x0000, 
	0x0000, 0x0000, 0x0000, 0x0000, 0x0000, 0x0000, 0x0000, 0x0000, 0x0000, 0x0000, 0x0000, 0x0000, 0x0000, 0x0000, 0x0000, 0x0000, 
	0x0000, 0x0000, 0x0000, 0x0000, 0x0000, 0x0000, 0x0000, 0x0000, 0x0000, 0x0000, 0x0000, 0x0000, 0x0000, 0x0000, 0x0000, 0x0000, 
	0x0000, 0x0000, 0x0000, 0x0000, 0x0000, 0x0000, 0x0000, 0x0000, 0x0000, 0x0000, 0x0000, 0x0000, 0x0000, 0x0000, 0x0000, 0x0000, 
	0x0000, 0x0000, 0x0000, 0x0000, 0x0000, 0x0000, 0x0000, 0x0000, 0x0000, 0x0000, 0x0000, 0x0000, 0x0000, 0x0000, 0x0000, 0x0000, 
	0x0000, 0x0000, 0x0000, 0x0000, 0x0000, 0x0000, 0x0000, 0x0000, 0x0000, 0x0000, 0x0000, 0x0000, 0x0000, 0x0000, 0x0000, 0x0000, 
	0x0000, 0x0000, 0x0000, 0x0000, 0x0000, 0x0000, 0x0000, 0x0000, 0x0000, 0x0000, 0x0000, 0x0000, 0x0000, 0x0000, 0x0000, 0x0000, 
	0x0000, 0x0000, 0x0000, 0x0000, 0x0000, 0x0000, 0x0000, 0x0000, 0x0000, 0x0000, 0x0000, 0x0000, 0x0000, 0x0000, 0x0000, 0x0000, 
	0x0000, 0x0000, 0x0000, 0x0000, 0x0000, 0x0000, 0x0000, 0x0000, 0x0000, 0x0000, 0x0000, 0x0000, 0x0000, 0x0000, 0x0000, 0x0000, 
	0x0000, 0x0000, 0x0000, 0x0000, 0x0000, 0x0000, 0x0000, 0x0000, 0x0000, 0x0000, 0x0000, 0x0000, 0x0000, 0x0000, 0x0000, 0x0000, 
	0x0000, 0x0000, 0x0000, 0x0000, 0x0000, 0x0000, 0x0000, 0x0000, 0x0000, 0x0000, 0x0000, 0x0000, 0x0000, 0x0000, 0x0000, 0x0000, 
	0x0000, 0x0000, 0x0000, 0x0000, 0x0000, 0x0000, 0x0000, 0x0000, 0x0000, 0x0000, 0x0000, 0x0000, 0x0000, 0x0000, 0x0000, 0x0000, 
	0x0000, 0x0000, 0x0000, 0x0000, 0x0000, 0x0000, 0x0000, 0x0000, 0x0000, 0x0000, 0x0000, 0x0000, 0x0000, 0x0000, 0x0000, 0x0000
};
// 'poolStats', 240x65px
const uint16_t poolStatsBottom [0x3CF0] PROGMEM = {
	0x0020, 0x0020, 0x0020, 0x0020, 0x0020, 0x0020, 0x0020, 0x0020, 0x0020, 0x0020, 0x0020, 0x0020, 0x0020, 0x0020, 0x0020, 0x0020, 
	0x0020, 0x0020, 0x0020, 0x0020, 0x0020, 0x0020, 0x0020, 0x0020, 0x0020, 0x0020, 0x0020, 0x0020, 0x0020, 0x0020, 0x0020, 0x0020, 
	0x0020, 0x0020, 0x0020, 0x0020, 0x0020, 0x0020, 0x0020, 0x0020, 0x0020, 0x0020, 0x0020, 0x0020, 0x0020, 0x0020, 0x0020, 0x0020, 
	0x0020, 0x0020, 0x0020, 0x0020, 0x0020, 0x0020, 0x0020, 0x0020, 0x0020, 0x0020, 0x0020, 0x0020, 0x0020, 0x0020, 0x0020, 0x0020, 
	0x0020, 0x0020, 0x0020, 0x0020, 0x0020, 0x0020, 0x0020, 0x0020, 0x0020, 0x0020, 0x0020, 0x0020, 0x0020, 0x0020, 0x0020, 0x0020, 
	0x0020, 0x0020, 0x0020, 0x0020, 0x0020, 0x0020, 0x0020, 0x0020, 0x0020, 0x0020, 0x0020, 0x0020, 0x0020, 0x0020, 0x0020, 0x0020, 
	0x0020, 0x0020, 0x0020, 0x0020, 0x0020, 0x0020, 0x0020, 0x0020, 0x0020, 0x0020, 0x0020, 0x0020, 0x0020, 0x0020, 0x0020, 0x0020, 
	0x0020, 0x0020, 0x0020, 0x0020, 0x0020, 0x0020, 0x0020, 0x0020, 0x0020, 0x0020, 0x0020, 0x0020, 0x0020, 0x0020, 0x0020, 0x0020, 
	0x0020, 0x0020, 0x0020, 0x0020, 0x0020, 0x0020, 0x0020, 0x0020, 0x0020, 0x0020, 0x0020, 0x0020, 0x0020, 0x0020, 0x0020, 0x0020, 
	0x0020, 0x0020, 0x0020, 0x0020, 0x0020, 0x0020, 0x0020, 0x0020, 0x0020, 0x0020, 0x0020, 0x0020, 0x0020, 0x0020, 0x0020, 0x0020, 
	0x0020, 0x0020, 0x0020, 0x0020, 0x0020, 0x0020, 0x0020, 0x0020, 0x0020, 0x0020, 0x0020, 0x0020, 0x0020, 0x0020, 0x0020, 0x0020, 
	0x0020, 0x0020, 0x0020, 0x0020, 0x0020, 0x0020, 0x0020, 0x0020, 0x0020, 0x0020, 0x0020, 0x0020, 0x0020, 0x0020, 0x0020, 0x0020, 
	0x0020, 0x0020, 0x0020, 0x0020, 0x0020, 0x0020, 0x0020, 0x0020, 0x0020, 0x0020, 0x0020, 0x0020, 0x0020, 0x0020, 0x0020, 0x0020, 
	0x0020, 0x0020, 0x0020, 0x0020, 0x0020, 0x0020, 0x0020, 0x0020, 0x0020, 0x0020, 0x0020, 0x0020, 0x0020, 0x0020, 0x0020, 0x0020, 
	0x0020, 0x0020, 0x0020, 0x0020, 0x0020, 0x0020, 0x0020, 0x0020, 0x0020, 0x0020, 0x0020, 0x0020, 0x0020, 0x0020, 0x0020, 0x0020, 
	0x02e1, 0x02e1, 0x02e1, 0x02e1, 0x02e1, 0x02e1, 0x02e1, 0x02e1, 0x02e1, 0x02e1, 0x02e1, 0x02e1, 0x02e1, 0x02e1, 0x02e1, 0x02e1, 
	0x02e1, 0x02e1, 0x02e1, 0x02e1, 0x02e1, 0x02e1, 0x02e1, 0x02e1, 0x02e1, 0x02e1, 0x02e1, 0x02e1, 0x02e1, 0x02e1, 0x02e1, 0x02e1, 
	0x02e1, 0x02e1, 0x02e1, 0x02e1, 0x02e1, 0x02e1, 0x02e1, 0x02e1, 0x02e1, 0x02e1, 0x02e1, 0x02e1, 0x02e1, 0x02e1, 0x02e1, 0x02e1, 
	0x02e1, 0x02e1, 0x02e1, 0x02e1, 0x02e1, 0x02e1, 0x02e1, 0x02e1, 0x02e1, 0x02e1, 0x02e1, 0x02e1, 0x02e1, 0x02e1, 0x02e1, 0x02e1, 
	0x02e1, 0x02e1, 0x02e1, 0x02e1, 0x02e1, 0x02e1, 0x02e1, 0x02e1, 0x02e1, 0x02e1, 0x02e1, 0x02e1, 0x02e1, 0x02e1, 0x02e1, 0x02e1, 
	0x02e1, 0x02e1, 0x02e1, 0x02e1, 0x02e1, 0x02e1, 0x02e1, 0x02e1, 0x02e1, 0x02e1, 0x02e1, 0x02e1, 0x02e1, 0x02e1, 0x02e1, 0x02e1, 
	0x02e1, 0x02e1, 0x02e1, 0x02e1, 0x02e1, 0x02e1, 0x02e1, 0x02e1, 0x02e1, 0x02e1, 0x02e1, 0x02e1, 0x02e1, 0x02e1, 0x02e1, 0x02e1, 
	0x02e1, 0x02e1, 0x02e1, 0x02e1, 0x02e1, 0x02e1, 0x02e1, 0x02e1, 0x02e1, 0x02e1, 0x02e1, 0x02e1, 0x02e1, 0x02e1, 0x02e1, 0x02e1, 
	0x02e1, 0x02e1, 0x02e1, 0x02e1, 0x02e1, 0x02e1, 0x02e1, 0x02e1, 0x02e1, 0x02e1, 0x02e1, 0x02e1, 0x02e1, 0x02e1, 0x02e1, 0x02e1, 
	0x02e1, 0x02e1, 0x02e1, 0x02e1, 0x02e1, 0x02e1, 0x02e1, 0x02e1, 0x02e1, 0x02e1, 0x02e1, 0x02e1, 0x02e1, 0x02e1, 0x02e1, 0x02e1, 
	0x02e1, 0x02e1, 0x02e1, 0x02e1, 0x02e1, 0x02e1, 0x02e1, 0x02e1, 0x02e1, 0x02e1, 0x02e1, 0x02e1, 0x02e1, 0x02e1, 0x02e1, 0x02e1, 
	0x02e1, 0x02e1, 0x02e1, 0x02e1, 0x02e1, 0x02e1, 0x02e1, 0x02e1, 0x02e1, 0x02e1, 0x02e1, 0x02e1, 0x02e1, 0x02e1, 0x02e1, 0x02e1, 
	0x02e1, 0x02e1, 0x02e1, 0x02e1, 0x02e1, 0x02e1, 0x02e1, 0x02e1, 0x02e1, 0x02e1, 0x02e1, 0x02e1, 0x02e1, 0x02e1, 0x02e1, 0x02e1, 
	0x02e1, 0x02e1, 0x02e1, 0x02e1, 0x02e1, 0x02e1, 0x02e1, 0x02e1, 0x02e1, 0x02e1, 0x02e1, 0x02e1, 0x02e1, 0x02e1, 0x02e1, 0x02e1, 
	0x02e1, 0x02e1, 0x02e1, 0x02e1, 0x02e1, 0x02e1, 0x02e1, 0x02e1, 0x02e1, 0x02e1, 0x02e1, 0x02e1, 0x02e1, 0x02e1, 0x02e1, 0x02e1, 
	0x0321, 0x0321, 0x0321, 0x0321, 0x0321, 0x0321, 0x0321, 0x0321, 0x0321, 0x0321, 0x0321, 0x0321, 0x0321, 0x0321, 0x0321, 0x0321, 
	0x0321, 0x0321, 0x0321, 0x0321, 0x0321, 0x0321, 0x0321, 0x0321, 0x0321, 0x0321, 0x0321, 0x0321, 0x0321, 0x0321, 0x0321, 0x0321, 
	0x0321, 0x0321, 0x0321, 0x0321, 0x0321, 0x0321, 0x0321, 0x0321, 0x0321, 0x0321, 0x0321, 0x0321, 0x0321, 0x0321, 0x0321, 0x0321, 
	0x0321, 0x0321, 0x0321, 0x0321, 0x0321, 0x0321, 0x0321, 0x0321, 0x0321, 0x0321, 0x0321, 0x0321, 0x0321, 0x0321, 0x0321, 0x0321, 
	0x0321, 0x0321, 0x0321, 0x0321, 0x0321, 0x0321, 0x0321, 0x0301, 0x0301, 0x0321, 0x0321, 0x0321, 0x0321, 0x0321, 0x0321, 0x0321, 
	0x0321, 0x0321, 0x0321, 0x0321, 0x0321, 0x0321, 0x0321, 0x0321, 0x0321, 0x0321, 0x0321, 0x0321, 0x0321, 0x0321, 0x0321, 0x0321, 
	0x0321, 0x0321, 0x0321, 0x0321, 0x0321, 0x0321, 0x0321, 0x0321, 0x0321, 0x0321, 0x0321, 0x0321, 0x0321, 0x0321, 0x0321, 0x0321, 
	0x0321, 0x0321, 0x0321, 0x0321, 0x0321, 0x0321, 0x0321, 0x0321, 0x0321, 0x0321, 0x0321, 0x0321, 0x0321, 0x0321, 0x0321, 0x0321, 
	0x0321, 0x0321, 0x0321, 0x0321, 0x0321, 0x0321, 0x0321, 0x0321, 0x0321, 0x0321, 0x0321, 0x0321, 0x0321, 0x0321, 0x0321, 0x0321, 
	0x0321, 0x0321, 0x0321, 0x0321, 0x0321, 0x0321, 0x0321, 0x0321, 0x0321, 0x0321, 0x0321, 0x0321, 0x0321, 0x0321, 0x0321, 0x0321, 
	0x0321, 0x0321, 0x0321, 0x0321, 0x0321, 0x0321, 0x0321, 0x0301, 0x0301, 0x0321, 0x0321, 0x0321, 0x0321, 0x0321, 0x0321, 0x0321, 
	0x0321, 0x0321, 0x0321, 0x0321, 0x0321, 0x0321, 0x0321, 0x0321, 0x0321, 0x0321, 0x0321, 0x0321, 0x0321, 0x0321, 0x0321, 0x0321, 
	0x0321, 0x0321, 0x0321, 0x0321, 0x0321, 0x0321, 0x0321, 0x0321, 0x0321, 0x0321, 0x0321, 0x0321, 0x0321, 0x0321, 0x0321, 0x0321, 
	0x0321, 0x0321, 0x0321, 0x0321, 0x0321, 0x0321, 0x0321, 0x0321, 0x0321, 0x0321, 0x0321, 0x0321, 0x0321, 0x0321, 0x0321, 0x0321, 
	0x0321, 0x0321, 0x0321, 0x0321, 0x0321, 0x0321, 0x0321, 0x0321, 0x0321, 0x0321, 0x0321, 0x0321, 0x0321, 0x0321, 0x0321, 0x0321, 
	0x0301, 0x0301, 0x0301, 0x0301, 0x0301, 0x0301, 0x0301, 0x0301, 0x0301, 0x0301, 0x0301, 0x0301, 0x0301, 0x0301, 0x0301, 0x0301, 
	0x0301, 0x0301, 0x0301, 0x0301, 0x0301, 0x0301, 0x0301, 0x0301, 0x0301, 0x0301, 0x0301, 0x0301, 0x0301, 0x0301, 0x0301, 0x0301, 
	0x0301, 0x0301, 0x0301, 0x0301, 0x0301, 0x0301, 0x0301, 0x0301, 0x0301, 0x0301, 0x0301, 0x0301, 0x0301, 0x0301, 0x0301, 0x0301, 
	0x0301, 0x0301, 0x0301, 0x0301, 0x0301, 0x0301, 0x0301, 0x0301, 0x0301, 0x0301, 0x0301, 0x0301, 0x0301, 0x0301, 0x0301, 0x0301, 
	0x0301, 0x0301, 0x0301, 0x0301, 0x0301, 0x0301, 0x0301, 0x0301, 0x0301, 0x0301, 0x0301, 0x0301, 0x0301, 0x0301, 0x0301, 0x0301, 
	0x0301, 0x0301, 0x0301, 0x0301, 0x0301, 0x0301, 0x0301, 0x0301, 0x0301, 0x0301, 0x0301, 0x0301, 0x0301, 0x0301, 0x0301, 0x0301, 
	0x0301, 0x0301, 0x0301, 0x0301, 0x0301, 0x0301, 0x0301, 0x0301, 0x0301, 0x0301, 0x0301, 0x0301, 0x0301, 0x0301, 0x0301, 0x0301, 
	0x0301, 0x0301, 0x0301, 0x0301, 0x0301, 0x0301, 0x0301, 0x0301, 0x0301, 0x0301, 0x0301, 0x0301, 0x0301, 0x0301, 0x0301, 0x0301, 
	0x0301, 0x0301, 0x0301, 0x0301, 0x0301, 0x0301, 0x0301, 0x0301, 0x0301, 0x0301, 0x0301, 0x0301, 0x0301, 0x0301, 0x0301, 0x0301, 
	0x0301, 0x0301, 0x0301, 0x0301, 0x0301, 0x0301, 0x0301, 0x0301, 0x0301, 0x0301, 0x0301, 0x0301, 0x0301, 0x0301, 0x0301, 0x0301, 
	0x0301, 0x0301, 0x0301, 0x0301, 0x0301, 0x0301, 0x0301, 0x0301, 0x0301, 0x0301, 0x0301, 0x0301, 0x0301, 0x0301, 0x0301, 0x0301, 
	0x0301, 0x0301, 0x0301, 0x0301, 0x0301, 0x0301, 0x0301, 0x0301, 0x0301, 0x0301, 0x0301, 0x0301, 0x0301, 0x0301, 0x0301, 0x0301, 
	0x0301, 0x0301, 0x0301, 0x0301, 0x0301, 0x0301, 0x0301, 0x0301, 0x0301, 0x0301, 0x0301, 0x0301, 0x0301, 0x0301, 0x0301, 0x0301, 
	0x0301, 0x0301, 0x0301, 0x0301, 0x0301, 0x0301, 0x0301, 0x0301, 0x0301, 0x0301, 0x0301, 0x0301, 0x0301, 0x0301, 0x0301, 0x0301, 
	0x0301, 0x0301, 0x0301, 0x0301, 0x0301, 0x0301, 0x0301, 0x0301, 0x0301, 0x0301, 0x0301, 0x0301, 0x0301, 0x0301, 0x0301, 0x0301, 
	0x0301, 0x0301, 0x0301, 0x0301, 0x0301, 0x0301, 0x0301, 0x0301, 0x0301, 0x0301, 0x0301, 0x0301, 0x0301, 0x0301, 0x0301, 0x0301, 
	0x0301, 0x0301, 0x0301, 0x0301, 0x0301, 0x0301, 0x0301, 0x0301, 0x0301, 0x0301, 0x0301, 0x0301, 0x0301, 0x0301, 0x0301, 0x0301, 
	0x0301, 0x0301, 0x0301, 0x0301, 0x0301, 0x0301, 0x0301, 0x0301, 0x0301, 0x0301, 0x0301, 0x0301, 0x0301, 0x0301, 0x0301, 0x0301, 
	0x0301, 0x0301, 0x0301, 0x0301, 0x0301, 0x0301, 0x0301, 0x0301, 0x0301, 0x0301, 0x0301, 0x0301, 0x0301, 0x0301, 0x0301, 0x0301, 
	0x0301, 0x0301, 0x0301, 0x0301, 0x0301, 0x0301, 0x0301, 0x0301, 0x0301, 0x0301, 0x0301, 0x0301, 0x0301, 0x0301, 0x0301, 0x0301, 
	0x0301, 0x0301, 0x0301, 0x0301, 0x0301, 0x0301, 0x0301, 0x0301, 0x0301, 0x0301, 0x0301, 0x0301, 0x0301, 0x0301, 0x0301, 0x0301, 
	0x0301, 0x0301, 0x0301, 0x0301, 0x0301, 0x0301, 0x0301, 0x0301, 0x0301, 0x0301, 0x0301, 0x0301, 0x0301, 0x0321, 0x0301, 0x0301, 
	0x0301, 0x0301, 0x0301, 0x0301, 0x0301, 0x0301, 0x0301, 0x0301, 0x0301, 0x0301, 0x0301, 0x0301, 0x0301, 0x0301, 0x0301, 0x0301, 
	0x0301, 0x0301, 0x0301, 0x0301, 0x0301, 0x0301, 0x0301, 0x0301, 0x0301, 0x0301, 0x0301, 0x0301, 0x0301, 0x0301, 0x0301, 0x0301, 
	0x0301, 0x0301, 0x0301, 0x0321, 0x0301, 0x0301, 0x0301, 0x0301, 0x0301, 0x0301, 0x0301, 0x0301, 0x0301, 0x0301, 0x0301, 0x0301, 
	0x0301, 0x0301, 0x0301, 0x0301, 0x0301, 0x0301, 0x0301, 0x0301, 0x0301, 0x0301, 0x0301, 0x0301, 0x0301, 0x0301, 0x0301, 0x0301, 
	0x0301, 0x0301, 0x0301, 0x0301, 0x0301, 0x0301, 0x0301, 0x0301, 0x0301, 0x0301, 0x0301, 0x0301, 0x0301, 0x0301, 0x0301, 0x0301, 
	0x0301, 0x0301, 0x0301, 0x0301, 0x0301, 0x0301, 0x0301, 0x0301, 0x0301, 0x0301, 0x0301, 0x0301, 0x0301, 0x0301, 0x0301, 0x0301, 
	0x0301, 0x0301, 0x0301, 0x0301, 0x0301, 0x0301, 0x0301, 0x0301, 0x0301, 0x0301, 0x0301, 0x0301, 0x0301, 0x0301, 0x0301, 0x0301, 
	0x0301, 0x0301, 0x0301, 0x0301, 0x0301, 0x0301, 0x0301, 0x0301, 0x0301, 0x0301, 0x0301, 0x0301, 0x0301, 0x0301, 0x0301, 0x0301, 
	0x0301, 0x0301, 0x0301, 0x0301, 0x0301, 0x0301, 0x0301, 0x0301, 0x0301, 0x0301, 0x0301, 0x0301, 0x0301, 0x0301, 0x0301, 0x0301, 
	0x0301, 0x0301, 0x0301, 0x0301, 0x0301, 0x0301, 0x0301, 0x0301, 0x0301, 0x0301, 0x0301, 0x0301, 0x0301, 0x0301, 0x0301, 0x0301, 
	0x0301, 0x0301, 0x0301, 0x0301, 0x0301, 0x0301, 0x0301, 0x0301, 0x0301, 0x0301, 0x0301, 0x0301, 0x0301, 0x0301, 0x0301, 0x0301, 
	0x0301, 0x0301, 0x0301, 0x0301, 0x0301, 0x0301, 0x0301, 0x0301, 0x0301, 0x0301, 0x0301, 0x0301, 0x0301, 0x0301, 0x0301, 0x0301, 
	0x0301, 0x0301, 0x0301, 0x0301, 0x0301, 0x0301, 0x0301, 0x0301, 0x0301, 0x0301, 0x0301, 0x0301, 0x0301, 0x0301, 0x0301, 0x0301, 
	0x0301, 0x0301, 0x0301, 0x0301, 0x0301, 0x02e0, 0x02e0, 0x02e0, 0x0301, 0x0301, 0x0301, 0x0301, 0x0301, 0x0301, 0x0301, 0x0301, 
	0x0301, 0x0301, 0x02e0, 0x02c0, 0x0301, 0x0301, 0x0301, 0x0301, 0x0301, 0x02e0, 0x02e0, 0x0301, 0x02e0, 0x02c0, 0x02e1, 0x0301, 
	0x0301, 0x0301, 0x0301, 0x0301, 0x0301, 0x0301, 0x0301, 0x0301, 0x0301, 0x02e0, 0x02e0, 0x02e0, 0x0301, 0x0301, 0x0301, 0x0301, 
	0x0301, 0x0301, 0x0301, 0x0301, 0x0301, 0x0301, 0x0301, 0x0301, 0x0301, 0x0301, 0x0301, 0x0301, 0x0301, 0x02c0, 0x02e1, 0x0301, 
	0x0301, 0x0301, 0x0301, 0x02c0, 0x02c0, 0x0301, 0x0301, 0x0301, 0x0301, 0x0301, 0x0301, 0x0301, 0x0301, 0x0301, 0x0301, 0x0301, 
	0x0301, 0x0301, 0x0301, 0x0301, 0x0301, 0x0301, 0x0301, 0x0301, 0x0301, 0x0301, 0x0301, 0x0301, 0x0301, 0x0301, 0x0301, 0x0301, 
	0x0301, 0x0301, 0x0301, 0x0301, 0x0301, 0x0301, 0x0301, 0x0301, 0x0301, 0x0301, 0x0301, 0x0301, 0x0301, 0x0301, 0x0301, 0x0301, 
	0x0301, 0x0301, 0x0301, 0x0301, 0x0301, 0x0301, 0x0301, 0x0301, 0x0301, 0x0301, 0x0301, 0x0301, 0x0301, 0x0301, 0x0301, 0x0301, 
	0x0301, 0x0301, 0x0301, 0x0301, 0x0301, 0x0301, 0x0301, 0x0301, 0x0301, 0x0301, 0x0301, 0x0301, 0x0301, 0x0301, 0x0301, 0x0301, 
	0x0301, 0x0301, 0x0301, 0x0301, 0x0301, 0x0301, 0x0301, 0x0301, 0x0301, 0x0301, 0x0301, 0x0301, 0x0301, 0x0301, 0x0301, 0x0301, 
	0x0301, 0x0301, 0x0301, 0x0301, 0x0301, 0x0301, 0x0301, 0x0301, 0x0301, 0x0301, 0x0301, 0x0301, 0x0301, 0x0301, 0x0301, 0x0301, 
	0x0301, 0x0301, 0x0301, 0x0301, 0x0301, 0x0301, 0x0301, 0x0301, 0x0301, 0x0301, 0x0301, 0x0301, 0x0301, 0x0301, 0x0301, 0x0301, 
	0x0301, 0x0301, 0x0301, 0x0301, 0x0301, 0x0301, 0x0301, 0x0301, 0x0301, 0x0301, 0x0301, 0x0301, 0x0301, 0x0301, 0x0301, 0x0301, 
	0x0301, 0x0301, 0x0301, 0x0301, 0x0301, 0x0301, 0x0301, 0x0301, 0x0301, 0x0301, 0x0301, 0x0301, 0x0301, 0x0301, 0x0301, 0x0301, 
	0x0301, 0x0301, 0x0301, 0x0301, 0x0301, 0x0301, 0x0301, 0x0301, 0x0301, 0x0301, 0x0301, 0x0301, 0x0301, 0x0301, 0x0301, 0x0301, 
	0x0301, 0x0301, 0x0301, 0x0301, 0x0b42, 0x2be6, 0x33e7, 0x2be6, 0x0b43, 0x02e0, 0x0301, 0x0301, 0x0321, 0x0301, 0x0301, 0x0321, 
	0x0322, 0x02c0, 0x54ab, 0xa634, 0x1363, 0x0301, 0x0321, 0x0301, 0x0301, 0x7d70, 0x8590, 0x02e0, 0x3c28, 0xa634, 0x1ba4, 0x02e0, 
	0x0301, 0x0301, 0x0321, 0x0301, 0x0301, 0x0301, 0x0301, 0x0301, 0x0b42, 0x2be6, 0x33e7, 0x2be6, 0x0b43, 0x02e0, 0x0301, 0x0301, 
	0x0301, 0x0321, 0x0321, 0x0301, 0x0301, 0x0301, 0x0301, 0x0301, 0x0321, 0x0301, 0x0301, 0x02e0, 0x33e7, 0xa635, 0x3407, 0x02e0, 
	0x0301, 0x0301, 0x0301, 0x8dd2, 0x652d, 0x02e0, 0x0301, 0x0301, 0x0321, 0x0301, 0x0301, 0x0301, 0x0301, 0x0301, 0x0301, 0x0301, 
	0x0301, 0x0301, 0x0301, 0x0301, 0x0301, 0x0301, 0x0301, 0x0301, 0x0301, 0x0301, 0x0301, 0x0301, 0x0301, 0x0301, 0x0301, 0x0301, 
	0x0301, 0x0301, 0x0301, 0x0301, 0x0301, 0x0301, 0x0301, 0x0301, 0x0301, 0x0301, 0x0301, 0x0301, 0x0301, 0x0301, 0x0301, 0x0301, 
	0x0301, 0x0301, 0x0301, 0x0301, 0x0301, 0x0301, 0x0301, 0x0301, 0x0301, 0x0301, 0x0301, 0x0301, 0x0301, 0x0301, 0x0301, 0x0301, 
	0x0301, 0x0301, 0x0301, 0x0301, 0x0301, 0x0301, 0x0301, 0x0301, 0x0301, 0x0301, 0x0301, 0x0301, 0x0301, 0x0301, 0x0301, 0x0301, 
	0x0301, 0x0301, 0x0301, 0x0301, 0x0301, 0x0301, 0x0301, 0x0301, 0x0301, 0x0301, 0x0301, 0x0301, 0x0301, 0x0301, 0x0301, 0x0301, 
	0x0301, 0x0301, 0x0301, 0x0301, 0x0301, 0x0301, 0x0301, 0x0301, 0x0301, 0x0301, 0x0301, 0x0301, 0x0301, 0x0301, 0x0301, 0x0301, 
	0x0301, 0x0301, 0x0301, 0x0301, 0x0301, 0x0301, 0x0301, 0x0301, 0x0301, 0x0301, 0x0301, 0x0301, 0x0301, 0x0301, 0x0301, 0x0301, 
	0x0301, 0x0301, 0x0301, 0x0301, 0x0301, 0x0301, 0x0301, 0x0301, 0x0301, 0x0301, 0x0301, 0x0301, 0x0301, 0x0301, 0x0301, 0x0301, 
	0x0301, 0x0301, 0x0301, 0x0301, 0x0301, 0x0301, 0x0301, 0x0301, 0x0301, 0x0301, 0x0301, 0x0301, 0x0301, 0x0301, 0x0301, 0x0301, 
	0x0301, 0x0301, 0x0301, 0x0301, 0x0301, 0x0301, 0x0301, 0x0301, 0x0301, 0x0301, 0x0301, 0x0301, 0x0301, 0x0301, 0x0301, 0x0301, 
	0x0301, 0x0301, 0x0301, 0x02e0, 0x3407, 0xf7de, 0xf7df, 0xffff, 0xf7be, 0x64ec, 0x02e0, 0x02e0, 0x02c0, 0x0301, 0x0301, 0x02c0, 
	0x02e0, 0x02a0, 0x8dd2, 0xffff, 0x1263, 0x0280, 0x02e0, 0x0301, 0x0301, 0xcf3a, 0xd6da, 0x0200, 0x54cb, 0xe6fc, 0x22e5, 0x02e0, 
	0x0301, 0x02c0, 0x02a0, 0x02c0, 0x0301, 0x0301, 0x0301, 0x02e0, 0x3407, 0xf7de, 0xf7df, 0xffff, 0xf7be, 0x64ec, 0x02e0, 0x0321, 
	0x02e0, 0x02a0, 0x02c0, 0x02e1, 0x0301, 0x0301, 0x0301, 0x02c0, 0x02a0, 0x02c0, 0x0321, 0x02c0, 0x54ab, 0xffff, 0x53eb, 0x0280, 
	0x0322, 0x0301, 0x0301, 0xc6d8, 0x8cf2, 0x0260, 0x0321, 0x02e0, 0x02a0, 0x02c0, 0x0301, 0x0301, 0x0301, 0x0301, 0x0301, 0x0301, 
	0x0301, 0x0301, 0x0301, 0x0301, 0x0301, 0x0301, 0x0301, 0x0301, 0x0301, 0x0301, 0x0301, 0x0301, 0x0301, 0x0301, 0x0301, 0x0301, 
	0x0301, 0x0301, 0x0301, 0x0301, 0x0301, 0x0301, 0x0301, 0x0301, 0x0301, 0x0301, 0x0301, 0x0301, 0x0301, 0x0301, 0x0301, 0x0301, 
	0x0301, 0x0301, 0x0301, 0x0301, 0x0301, 0x0301, 0x0301, 0x0301, 0x0301, 0x0301, 0x0301, 0x0301, 0x0301, 0x0301, 0x0301, 0x0301, 
	0x0301, 0x0301, 0x0301, 0x0301, 0x0301, 0x0301, 0x0301, 0x0301, 0x0301, 0x0301, 0x0301, 0x0301, 0x0301, 0x0301, 0x0301, 0x0301, 
	0x0301, 0x0301, 0x0301, 0x0301, 0x0301, 0x0301, 0x0301, 0x0301, 0x0301, 0x0301, 0x0301, 0x0301, 0x0301, 0x0301, 0x0301, 0x0301, 
	0x0301, 0x0301, 0x0301, 0x0301, 0x0301, 0x0301, 0x0301, 0x0301, 0x0301, 0x0301, 0x0301, 0x0301, 0x0301, 0x0301, 0x0301, 0x0301, 
	0x0301, 0x0301, 0x0301, 0x0301, 0x0301, 0x0301, 0x0301, 0x0301, 0x0301, 0x0301, 0x0301, 0x0301, 0x0301, 0x0301, 0x0301, 0x0301, 
	0x0301, 0x0301, 0x0301, 0x0301, 0x0301, 0x0301, 0x0301, 0x0301, 0x0301, 0x0301, 0x0301, 0x0301, 0x0301, 0x0301, 0x0301, 0x0301, 
	0x0301, 0x0301, 0x0301, 0x0301, 0x0301, 0x0301, 0x0301, 0x0301, 0x0301, 0x0301, 0x0301, 0x0301, 0x0301, 0x0301, 0x0301, 0x0301, 
	0x0301, 0x0301, 0x0301, 0x0301, 0x0301, 0x0301, 0x0301, 0x0301, 0x0301, 0x0301, 0x0301, 0x0301, 0x0301, 0x0301, 0x0301, 0x0301, 
	0x0301, 0x0301, 0x0301, 0x02e0, 0x33e7, 0xffff, 0x9d33, 0x3267, 0xd6da, 0xf7be, 0x0ae2, 0x3407, 0x64ec, 0x0342, 0x0301, 0x4c6a, 
	0x54ab, 0x02c0, 0x8dd2, 0xffdf, 0x3aa7, 0x754f, 0x4c6a, 0x02e1, 0x02e1, 0xcf19, 0xce59, 0x01a0, 0x23e5, 0x63ec, 0x1202, 0x02e0, 
	0x1342, 0x5cec, 0x7d6f, 0x54ab, 0x0322, 0x0301, 0x0321, 0x02e0, 0x33e7, 0xffff, 0x9d33, 0x3267, 0xd6da, 0xf7be, 0x1303, 0x02e0, 
	0x2bc6, 0x754f, 0x6d2e, 0x1b84, 0x02e0, 0x0301, 0x0301, 0x4c8a, 0x7d90, 0x548b, 0x0b01, 0x02c0, 0x4c8a, 0xffff, 0x532a, 0x0260, 
	0x0322, 0x0301, 0x0321, 0x546b, 0x3aa8, 0x0260, 0x0300, 0x3407, 0x7d6f, 0x64ed, 0x1343, 0x02e0, 0x0301, 0x0301, 0x0301, 0x0301, 
	0x0301, 0x0301, 0x0301, 0x0301, 0x0301, 0x0301, 0x0301, 0x0301, 0x0301, 0x0301, 0x0301, 0x0301, 0x0301, 0x0301, 0x0301, 0x0301, 
	0x0301, 0x0301, 0x0301, 0x0301, 0x0301, 0x0301, 0x0301, 0x0301, 0x0301, 0x0301, 0x0301, 0x0301, 0x0301, 0x0301, 0x0301, 0x0301, 
	0x0301, 0x0301, 0x0301, 0x0301, 0x0301, 0x0301, 0x0301, 0x0301, 0x0301, 0x0301, 0x0301, 0x0301, 0x0301, 0x0301, 0x0301, 0x0301, 
	0x0301, 0x0301, 0x0301, 0x0301, 0x0301, 0x0301, 0x0301, 0x0301, 0x0301, 0x0301, 0x0301, 0x0301, 0x0301, 0x0301, 0x0301, 0x0301, 
	0x0301, 0x0301, 0x0301, 0x0301, 0x0301, 0x0301, 0x0301, 0x0301, 0x0301, 0x0301, 0x0301, 0x0301, 0x0301, 0x0301, 0x0301, 0x0301, 
	0x0301, 0x0301, 0x0301, 0x0301, 0x0301, 0x0301, 0x0301, 0x0301, 0x0301, 0x0301, 0x0301, 0x0301, 0x0301, 0x0301, 0x0301, 0x0301, 
	0x0301, 0x0301, 0x0301, 0x0301, 0x0301, 0x0301, 0x0301, 0x0301, 0x0301, 0x0301, 0x0301, 0x0301, 0x0301, 0x0301, 0x0301, 0x0301, 
	0x0301, 0x0301, 0x0301, 0x0301, 0x0301, 0x0301, 0x0301, 0x0301, 0x0301, 0x0301, 0x0301, 0x0301, 0x0301, 0x0301, 0x0301, 0x0301, 
	0x0301, 0x0301, 0x0301, 0x0301, 0x0301, 0x0301, 0x0301, 0x0301, 0x0301, 0x0301, 0x0301, 0x0301, 0x0301, 0x0301, 0x0301, 0x0301, 
	0x0301, 0x0301, 0x0301, 0x0301, 0x0301, 0x0301, 0x0301, 0x0301, 0x0301, 0x0301, 0x0301, 0x0301, 0x0301, 0x0301, 0x0301, 0x0301, 
	0x0301, 0x0301, 0x0301, 0x02e0, 0x33e7, 0xffff, 0x7bcf, 0x0080, 0x95d3, 0xffff, 0x09e2, 0x8dd2, 0xffff, 0x12c3, 0x02e0, 0xcf19, 
	0xdf1b, 0x0240, 0x8dd1, 0xffff, 0xceda, 0xef7d, 0xffff, 0x64ed, 0x02c0, 0xcf3a, 0xd69a, 0x0160, 0x754e, 0xffff, 0x33a7, 0x0301, 
	0xcef9, 0xffff, 0xef3d, 0xdefb, 0x0ae2, 0x02e0, 0x0301, 0x02c0, 0x33e7, 0xffff, 0x7bcf, 0x0080, 0x95d3, 0xffff, 0x1202, 0x3c28, 
	0xffff, 0xef7d, 0xf79e, 0xe79c, 0x2bc6, 0x02c0, 0x95f3, 0xffff, 0xe73c, 0xffff, 0xae55, 0x02a0, 0x548a, 0xffff, 0x534a, 0x0260, 
	0x0322, 0x0301, 0x0322, 0xf7be, 0xb636, 0x0260, 0x5cec, 0xffff, 0xef5d, 0xffbf, 0xd71a, 0x1363, 0x0301, 0x0301, 0x0301, 0x0301, 
	0x0301, 0x0301, 0x0301, 0x0301, 0x0301, 0x0301, 0x0301, 0x0301, 0x0301, 0x0301, 0x0301, 0x0301, 0x0301, 0x0301, 0x0301, 0x0301, 
	0x0301, 0x0301, 0x0301, 0x0301, 0x0301, 0x0301, 0x0301, 0x0301, 0x0301, 0x0301, 0x0301, 0x0301, 0x0301, 0x0301, 0x0301, 0x0301, 
	0x0301, 0x0301, 0x0301, 0x0301, 0x0301, 0x0301, 0x0301, 0x0301, 0x0301, 0x0301, 0x0301, 0x0301, 0x0301, 0x0301, 0x0301, 0x0301, 
	0x0301, 0x0301, 0x0301, 0x0301, 0x0301, 0x0301, 0x0301, 0x0301, 0x0301, 0x0301, 0x0301, 0x0301, 0x0301, 0x0301, 0x0301, 0x0301, 
	0x0301, 0x0301, 0x0301, 0x0301, 0x0301, 0x0301, 0x0301, 0x0301, 0x0301, 0x0301, 0x0301, 0x0301, 0x0301, 0x0301, 0x0301, 0x0301, 
	0x0321, 0x0321, 0x0321, 0x0321, 0x0321, 0x0321, 0x0321, 0x0321, 0x0321, 0x0321, 0x0321, 0x0321, 0x0321, 0x0321, 0x0321, 0x0321, 
	0x0321, 0x0321, 0x0321, 0x0321, 0x0321, 0x0321, 0x0321, 0x0321, 0x0321, 0x0321, 0x0321, 0x0321, 0x0321, 0x0321, 0x0321, 0x0321, 
	0x0321, 0x0321, 0x0321, 0x0321, 0x0321, 0x0321, 0x0321, 0x0321, 0x0321, 0x0321, 0x0321, 0x0321, 0x0321, 0x0321, 0x0321, 0x0321, 
	0x0321, 0x0321, 0x0321, 0x0321, 0x0321, 0x0321, 0x0321, 0x0321, 0x0321, 0x0321, 0x0321, 0x0321, 0x0321, 0x0321, 0x0321, 0x0321, 
	0x0321, 0x0321, 0x0321, 0x0321, 0x0321, 0x0321, 0x0321, 0x0321, 0x0321, 0x0321, 0x0321, 0x0321, 0x0321, 0x0321, 0x0321, 0x0321, 
	0x0301, 0x0301, 0x0301, 0x02e0, 0x3407, 0xffff, 0xc658, 0xa614, 0xffff, 0xc658, 0x00e0, 0x95f2, 0xffff, 0x11c2, 0x02c0, 0xcf19, 
	0xd69a, 0x0160, 0x8dd1, 0xffff, 0x4309, 0x0161, 0xef7d, 0xc679, 0x0280, 0xcf39, 0xd67a, 0x0160, 0x6d4e, 0xffff, 0x2264, 0x548b, 
	0xffff, 0x5b8c, 0x0100, 0x11a3, 0x01e1, 0x1383, 0x1b64, 0x0321, 0x3407, 0xffff, 0xc658, 0xa614, 0xffff, 0xc638, 0x0120, 0xbeb7, 
	0xef7d, 0x0942, 0x2225, 0xffff, 0x9572, 0x1b44, 0xffff, 0x9d13, 0x0060, 0x7cb0, 0xffff, 0x2b66, 0x4469, 0xffff, 0x534a, 0x0260, 
	0x0322, 0x0301, 0x0322, 0xefdd, 0xad95, 0x0200, 0xdf9c, 0xd6ba, 0x00e0, 0x3ae8, 0xffff, 0x7d0f, 0x02a0, 0x0322, 0x0301, 0x0301, 
	0x0321, 0x0321, 0x0321, 0x0321, 0x0321, 0x0321, 0x0321, 0x0321, 0x0321, 0x0321, 0x0321, 0x0321, 0x0321, 0x0321, 0x0321, 0x0321, 
	0x0321, 0x0321, 0x0321, 0x0321, 0x0321, 0x0321, 0x0321, 0x0321, 0x0321, 0x0321, 0x0321, 0x0321, 0x0321, 0x0321, 0x0321, 0x0321, 
	0x0321, 0x0321, 0x0321, 0x0321, 0x0321, 0x0321, 0x0321, 0x0321, 0x0321, 0x0321, 0x0321, 0x0321, 0x0321, 0x0321, 0x0321, 0x0321, 
	0x0321, 0x0321, 0x0321, 0x0321, 0x0321, 0x0321, 0x0321, 0x0321, 0x0321, 0x0321, 0x0321, 0x0321, 0x0321, 0x0321, 0x0321, 0x0321, 
	0x0321, 0x0321, 0x0321, 0x0321, 0x0321, 0x0321, 0x0321, 0x0321, 0x0321, 0x0321, 0x0321, 0x0321, 0x0321, 0x0321, 0x0321, 0x0321, 
	0x0a82, 0x0a82, 0x0a82, 0x0a82, 0x0a82, 0x0a82, 0x0a82, 0x0a82, 0x0a82, 0x0a82, 0x0a82, 0x0a82, 0x0a82, 0x0a82, 0x0a82, 0x0a82, 
	0x0a82, 0x0a82, 0x0a82, 0x0a82, 0x0a82, 0x0a82, 0x0a82, 0x0a82, 0x0a82, 0x0a82, 0x0a82, 0x0a82, 0x0a82, 0x0a82, 0x0a82, 0x0a82, 
	0x0a82, 0x0a82, 0x0a82, 0x0a82, 0x0a82, 0x0a82, 0x0a82, 0x0a82, 0x0a82, 0x0a82, 0x0a82, 0x0a82, 0x0a82, 0x0a82, 0x0a82, 0x0a82, 
	0x0a82, 0x0a82, 0x0a82, 0x0a82, 0x0a82, 0x0a82, 0x0a82, 0x0a82, 0x0a82, 0x0a82, 0x0a82, 0x0a82, 0x0a82, 0x0a82, 0x0a82, 0x0a82, 
	0x0a82, 0x0a82, 0x0a82, 0x0a82, 0x0a82, 0x0a82, 0x0a82, 0x0a82, 0x0a82, 0x0a82, 0x0a82, 0x0a82, 0x0a82, 0x0a82, 0x0a82, 0x02c1, 
	0x0321, 0x0301, 0x0301, 0x02e0, 0x3407, 0xffff, 0xe75d, 0xc658, 0x94f2, 0x2164, 0x0160, 0x9613, 0xffdf, 0x09c2, 0x02c0, 0xcf19, 
	0xde9b, 0x0160, 0x8df2, 0xffff, 0x1182, 0x0260, 0xbeb7, 0xef1d, 0x01e1, 0xcf39, 0xd67a, 0x0160, 0x6d4e, 0xffff, 0x1a64, 0x7d4f, 
	0xffff, 0x21e4, 0x0280, 0x02a0, 0x33e7, 0xf7de, 0xffff, 0x8db2, 0x2ba6, 0xffff, 0xef5d, 0xc658, 0x94f2, 0x1943, 0x01c0, 0xe7dd, 
	0xbdd7, 0x0140, 0x02e1, 0xe79c, 0xb5d6, 0x4389, 0xffff, 0x636c, 0x0160, 0x4469, 0xffff, 0x538b, 0x3be8, 0xffff, 0x534a, 0x0260, 
	0x0301, 0x02e1, 0x0322, 0xefdd, 0xad95, 0x0241, 0xffff, 0x9d13, 0x0160, 0x0b22, 0xffff, 0x9d54, 0x0260, 0x0321, 0x0301, 0x0321, 
	0x02c1, 0x0a82, 0x0a82, 0x0a82, 0x0a82, 0x0a82, 0x0a82, 0x0a82, 0x0a82, 0x0a82, 0x0a82, 0x0a82, 0x0a82, 0x0a82, 0x0a82, 0x0a82, 
	0x0a82, 0x0a82, 0x0a82, 0x0a82, 0x0a82, 0x0a82, 0x0a82, 0x0a82, 0x0a82, 0x0a82, 0x0a82, 0x0a82, 0x0a82, 0x0a82, 0x0a82, 0x0a82, 
	0x0a82, 0x0a82, 0x0a82, 0x0a82, 0x0a82, 0x0a82, 0x0a82, 0x0a82, 0x0a82, 0x0a82, 0x0a82, 0x0a82, 0x0a82, 0x0a82, 0x0a82, 0x0a82, 
	0x0a82, 0x0a82, 0x0a82, 0x0a82, 0x0a82, 0x0a82, 0x0a82, 0x0a82, 0x0a82, 0x0a82, 0x0a82, 0x0a82, 0x0a82, 0x0a82, 0x0a82, 0x0a82, 
	0x0a82, 0x0a82, 0x0a82, 0x0a82, 0x0a82, 0x0a82, 0x0a82, 0x0a82, 0x0a82, 0x0a82, 0x0a82, 0x0a82, 0x0a82, 0x0a82, 0x0a82, 0x0a82, 
	0x18c3, 0x18c3, 0x18c3, 0x18c3, 0x18c3, 0x18c3, 0x18c3, 0x18c3, 0x18c3, 0x18c3, 0x18c3, 0x18c3, 0x18c3, 0x18c3, 0x18c3, 0x18c3, 
	0x18c3, 0x18c3, 0x18c3, 0x18c3, 0x18c3, 0x18c3, 0x18c3, 0x18c3, 0x18c3, 0x18c3, 0x18c3, 0x18c3, 0x18c3, 0x18c3, 0x18c3, 0x18c3, 
	0x18c3, 0x18c3, 0x18c3, 0x18c3, 0x18c3, 0x18c3, 0x18c3, 0x18c3, 0x18c3, 0x18c3, 0x18c3, 0x18c3, 0x18c3, 0x18c3, 0x18c3, 0x18c3, 
	0x18c3, 0x18c3, 0x18c3, 0x18c3, 0x18c3, 0x18c3, 0x18c3, 0x18c3, 0x18c3, 0x18c3, 0x18c3, 0x18c3, 0x18c3, 0x18c3, 0x18c3, 0x18c3, 
	0x18c3, 0x18c3, 0x18c3, 0x18c3, 0x18c3, 0x18c3, 0x18c3, 0x18c3, 0x18c3, 0x18c3, 0x18c3, 0x18c3, 0x18c3, 0x18c3, 0x18a3, 0x18c3, 
	0x0261, 0x0321, 0x0301, 0x02e0, 0x33e7, 0xffff, 0x740e, 0x00a0, 0x0140, 0x01e1, 0x02a0, 0x95f2, 0xffff, 0x1a23, 0x0b01, 0xefdd, 
	0xce79, 0x0160, 0x85d1, 0xffff, 0x32e7, 0x02c0, 0xe79c, 0xd69a, 0x0180, 0xcf19, 0xd67a, 0x0160, 0x6d4e, 0xffff, 0x2264, 0x6d0d, 
	0xffff, 0x4b89, 0x0280, 0x0b43, 0x1ba4, 0x53ca, 0x5b4b, 0x2a05, 0x2b26, 0xffff, 0x740e, 0x00a0, 0x0140, 0x01e0, 0x02e1, 0xc6f8, 
	0xe6fc, 0x0200, 0x1363, 0xffff, 0x9d13, 0x1a64, 0xffff, 0x8cb1, 0x01c0, 0x6d2e, 0xffff, 0x3aa7, 0x43c8, 0xffff, 0x532a, 0x0260, 
	0x23c5, 0x0322, 0x0301, 0xefbd, 0xad95, 0x0220, 0xe7bd, 0xc638, 0x0200, 0x2be6, 0xffff, 0x8cb1, 0x01e0, 0x0342, 0x0321, 0x0281, 
	0x1903, 0x18c3, 0x18c3, 0x18c3, 0x18c3, 0x18c3, 0x18c3, 0x18c3, 0x18c3, 0x18c3, 0x18c3, 0x18c3, 0x18c3, 0x18c3, 0x18c3, 0x18c3, 
	0x18c3, 0x18c3, 0x18c3, 0x18c3, 0x18c3, 0x18c3, 0x18c3, 0x18c3, 0x18c3, 0x18c3, 0x18c3, 0x18c3, 0x18c3, 0x18c3, 0x18c3, 0x18c3, 
	0x18c3, 0x18c3, 0x18c3, 0x18c3, 0x18c3, 0x18c3, 0x18c3, 0x18c3, 0x18c3, 0x18c3, 0x18c3, 0x18c3, 0x18c3, 0x18c3, 0x18c3, 0x18c3, 
	0x18c3, 0x18c3, 0x18c3, 0x18c3, 0x18c3, 0x18c3, 0x18c3, 0x18c3, 0x18c3, 0x18c3, 0x18c3, 0x18c3, 0x18c3, 0x18c3, 0x18c3, 0x18c3, 
	0x18c3, 0x18c3, 0x18c3, 0x18c3, 0x18c3, 0x18c3, 0x18c3, 0x18c3, 0x18c3, 0x18c3, 0x18c3, 0x18c3, 0x18c3, 0x18c3, 0x18c3, 0x18c3, 
	0x2a23, 0x2a23, 0x2a23, 0x2a23, 0x2a23, 0x2a23, 0x2a23, 0x2a23, 0x2a23, 0x2a23, 0x2a23, 0x2a23, 0x2a23, 0x2a23, 0x2a23, 0x2a23, 
	0x2a23, 0x2a23, 0x2a23, 0x2a23, 0x2a23, 0x2a23, 0x2a23, 0x2a23, 0x2a23, 0x2a23, 0x2a23, 0x2a23, 0x2a23, 0x2a23, 0x2a23, 0x2a23, 
	0x2a23, 0x2a23, 0x2a23, 0x2a23, 0x2a23, 0x2a23, 0x2a23, 0x2a23, 0x2a23, 0x2a23, 0x2a23, 0x2a23, 0x2a23, 0x2a23, 0x2a23, 0x2a23, 
	0x2a23, 0x2a23, 0x2a23, 0x2a23, 0x2a23, 0x2a23, 0x2a23, 0x2a23, 0x2a23, 0x2a23, 0x2a23, 0x2a23, 0x2a23, 0x2a23, 0x2a23, 0x2a23, 
	0x2a23, 0x2a23, 0x2a23, 0x2a23, 0x2a23, 0x2a23, 0x2a23, 0x2a23, 0x2a23, 0x2a23, 0x2a23, 0x2a23, 0x2a23, 0x2a23, 0x2a23, 0x2a03, 
	0x2263, 0x0b01, 0x0301, 0x02e0, 0x33e7, 0xffff, 0x7c70, 0x01e0, 0x0b62, 0x0342, 0x02c0, 0x5ccc, 0xffff, 0xdf3b, 0xcf19, 0xffff, 
	0xd69a, 0x0180, 0x8dd1, 0xffff, 0xd71a, 0xd73a, 0xffff, 0x73ee, 0x0160, 0xd77a, 0xdebb, 0x0180, 0x756f, 0xffff, 0x32c6, 0x1b64, 
	0xef9d, 0xf7be, 0xc719, 0xdf5b, 0x0b22, 0x0240, 0x01e0, 0x01e0, 0x33c7, 0xffff, 0x7c6f, 0x01e0, 0x0b62, 0x0342, 0x02c0, 0x54ab, 
	0xffff, 0xd71a, 0xdf7c, 0xffff, 0x3a68, 0x01a0, 0xae75, 0xffff, 0xc6f8, 0xffff, 0xce79, 0x00c0, 0x546b, 0xffff, 0x4b2a, 0x2365, 
	0xffff, 0x754f, 0x02c0, 0xffff, 0xb5d6, 0x01e0, 0x752e, 0xffff, 0xcf19, 0xe7bc, 0xef7d, 0x29e5, 0x0260, 0x0341, 0x02c1, 0x1923, 
	0x18a3, 0x21c3, 0x2a43, 0x2a23, 0x2a23, 0x2a23, 0x2a23, 0x2a23, 0x2a23, 0x2a23, 0x2a23, 0x2a23, 0x2a23, 0x2a23, 0x2a23, 0x2a23, 
	0x2a23, 0x2a23, 0x2a23, 0x2a23, 0x2a23, 0x2a23, 0x2a23, 0x2a23, 0x2a23, 0x2a23, 0x2a23, 0x2a23, 0x2a23, 0x2a23, 0x2a23, 0x2a23, 
	0x2a23, 0x2a23, 0x2a23, 0x2a23, 0x2a23, 0x2a23, 0x2a23, 0x2a23, 0x2a23, 0x2a23, 0x2a23, 0x2a23, 0x2a23, 0x2a23, 0x2a23, 0x2a23, 
	0x2a23, 0x2a23, 0x2a23, 0x2a23, 0x2a23, 0x2a23, 0x2a23, 0x2a23, 0x2a23, 0x2a23, 0x2a23, 0x2a23, 0x2a23, 0x2a23, 0x2a23, 0x2a23, 
	0x2a23, 0x2a23, 0x2a23, 0x2a23, 0x2a23, 0x2a23, 0x2a23, 0x2a23, 0x2a23, 0x2a23, 0x2a23, 0x2a23, 0x2a23, 0x2a23, 0x2a23, 0x2a23, 
	0x55c3, 0x55c3, 0x55c3, 0x55c3, 0x55c3, 0x55c3, 0x55c3, 0x55c3, 0x55c3, 0x55c3, 0x55c3, 0x55c3, 0x55c3, 0x55c3, 0x55c3, 0x55c3, 
	0x55c3, 0x55c3, 0x55c3, 0x55c3, 0x55c3, 0x55c3, 0x55c3, 0x55c3, 0x55c3, 0x55c3, 0x55c3, 0x55c3, 0x55c3, 0x55c3, 0x55c3, 0x55c3, 
	0x55c3, 0x55c3, 0x55c3, 0x55c3, 0x55c3, 0x55c3, 0x55c3, 0x55c3, 0x55c3, 0x55c3, 0x55c3, 0x55c3, 0x55c3, 0x55c3, 0x55c3, 0x55c3, 
	0x55c3, 0x55c3, 0x55c3, 0x55c3, 0x55c3, 0x55c3, 0x55c3, 0x55c3, 0x55c3, 0x55c3, 0x55c3, 0x55c3, 0x55c3, 0x55c3, 0x55c3, 0x55c3, 
	0x55c3, 0x55c3, 0x55c3, 0x55c3, 0x55c3, 0x55c3, 0x55c3, 0x55c3, 0x55c3, 0x55c3, 0x55c3, 0x55c3, 0x55c3, 0x55c3, 0x55c3, 0x4dc3, 
	0x55e3, 0x3d03, 0x0321, 0x02e0, 0x1ba4, 0x8d31, 0x3a47, 0x0240, 0x0321, 0x0301, 0x0301, 0x0321, 0x644c, 0xa534, 0x638c, 0x4329, 
	0x6bcd, 0x0160, 0x4caa, 0x63cd, 0x4ac9, 0xa554, 0x6b8d, 0x00e0, 0x0260, 0x652d, 0x6b6d, 0x0180, 0x3c48, 0x8491, 0x19e3, 0x02c0, 
	0x2b66, 0x8c91, 0xa534, 0x6b8d, 0x01c1, 0x0341, 0x0342, 0x0301, 0x1ba4, 0x8d31, 0x3a47, 0x0240, 0x0321, 0x0301, 0x0301, 0x02e0, 
	0x4388, 0x9cf3, 0x94d2, 0x3a47, 0x00e0, 0x02e1, 0x0b02, 0x6c2d, 0xa534, 0x7c2f, 0x1142, 0x0180, 0x2c06, 0x84f1, 0x21c4, 0x1323, 
	0x9db3, 0x3a68, 0x0240, 0x7d2f, 0x5b0b, 0x0220, 0x0301, 0x4b8a, 0x9d13, 0x8cb1, 0x29e5, 0x0140, 0x0321, 0x0301, 0x1983, 0x1883, 
	0x2aa3, 0x55c3, 0x55c3, 0x55c3, 0x55c3, 0x55c3, 0x55c3, 0x55c3, 0x55c3, 0x55c3, 0x55c3, 0x55c3, 0x55c3, 0x55c3, 0x55c3, 0x55c3, 
	0x55c3, 0x55c3, 0x55c3, 0x55c3, 0x55c3, 0x55c3, 0x55c3, 0x55c3, 0x55c3, 0x55c3, 0x55c3, 0x55c3, 0x55c3, 0x55c3, 0x55c3, 0x55c3, 
	0x55c3, 0x55c3, 0x55c3, 0x55c3, 0x55c3, 0x55c3, 0x55c3, 0x55c3, 0x55c3, 0x55c3, 0x55c3, 0x55c3, 0x55c3, 0x55c3, 0x55c3, 0x55c3, 
	0x55c3, 0x55c3, 0x55c3, 0x55c3, 0x55c3, 0x55c3, 0x55c3, 0x55c3, 0x55c3, 0x55c3, 0x55c3, 0x55c3, 0x55c3, 0x55c3, 0x55c3, 0x55c3, 
	0x55c3, 0x55c3, 0x55c3, 0x55c3, 0x55c3, 0x55c3, 0x55c3, 0x55c3, 0x55c3, 0x55c3, 0x55c3, 0x55c3, 0x55c3, 0x55c3, 0x55c3, 0x55c3, 
	0x55c3, 0x55c3, 0x55c3, 0x55c3, 0x55c3, 0x55c3, 0x4dc3, 0x4dc3, 0x4dc3, 0x55c3, 0x55c3, 0x55c3, 0x55c3, 0x55c3, 0x55c3, 0x55c3, 
	0x55c3, 0x55c3, 0x55c3, 0x55c3, 0x55c3, 0x55c3, 0x55c3, 0x55c3, 0x55c3, 0x55c3, 0x55c3, 0x55c3, 0x55c3, 0x55c3, 0x4dc3, 0x4dc3, 
	0x4dc3, 0x55c3, 0x55c3, 0x55c3, 0x55c3, 0x55e3, 0x55e3, 0x55c3, 0x4dc3, 0x55e3, 0x55e3, 0x55e3, 0x55c3, 0x55e3, 0x55e3, 0x55e3, 
	0x55e3, 0x55c3, 0x55c3, 0x55c3, 0x55c3, 0x55c3, 0x55c3, 0x55c3, 0x55c3, 0x55c3, 0x55c3, 0x55c3, 0x55c3, 0x55c3, 0x55e3, 0x55e3, 
	0x55c3, 0x55c3, 0x55c3, 0x55c3, 0x55c3, 0x55c3, 0x55c3, 0x55c3, 0x55c3, 0x55c3, 0x55c3, 0x55c3, 0x55c3, 0x55c3, 0x55c3, 0x55c3, 
	0x4dc3, 0x5603, 0x34c2, 0x02e1, 0x0301, 0x0220, 0x01a0, 0x02e1, 0x0301, 0x0301, 0x0301, 0x0301, 0x0280, 0x0180, 0x0140, 0x0220, 
	0x01c0, 0x0261, 0x02e0, 0x01c0, 0x0200, 0x01c0, 0x0140, 0x0261, 0x0321, 0x02a0, 0x0160, 0x0261, 0x0300, 0x01a0, 0x0200, 0x0321, 
	0x02c0, 0x01c0, 0x0140, 0x0160, 0x0281, 0x0301, 0x0301, 0x0301, 0x0301, 0x0200, 0x01a0, 0x02e1, 0x0301, 0x0301, 0x0301, 0x0321, 
	0x02c0, 0x01c0, 0x0140, 0x01a0, 0x02c1, 0x0321, 0x0301, 0x0260, 0x0180, 0x0140, 0x0220, 0x0301, 0x0300, 0x01e0, 0x01a0, 0x0301, 
	0x0240, 0x0180, 0x02e1, 0x0240, 0x0180, 0x02a1, 0x0321, 0x0280, 0x0180, 0x0140, 0x01e0, 0x0301, 0x0321, 0x11c2, 0x1883, 0x2203, 
	0x4dc3, 0x55e3, 0x4dc3, 0x4dc3, 0x4dc3, 0x4dc3, 0x4dc3, 0x55c3, 0x55c3, 0x55c3, 0x55c3, 0x55c3, 0x55c3, 0x55c3, 0x55c3, 0x55c3, 
	0x55c3, 0x55c3, 0x55c3, 0x55c3, 0x55c3, 0x55c3, 0x55c3, 0x55c3, 0x55e3, 0x55e3, 0x55c3, 0x55c3, 0x55c3, 0x55c3, 0x4dc3, 0x4dc3, 
	0x55c3, 0x55c3, 0x4dc3, 0x4dc3, 0x55c3, 0x55c3, 0x55c3, 0x55c3, 0x55c3, 0x55c3, 0x55c3, 0x55c3, 0x55c3, 0x55c3, 0x55c3, 0x55c3, 
	0x55e3, 0x55e3, 0x55c3, 0x55c3, 0x55c3, 0x55c3, 0x55c3, 0x55c3, 0x55c3, 0x4dc3, 0x4dc3, 0x4dc3, 0x55c3, 0x55c3, 0x55c3, 0x55c3, 
	0x55c3, 0x55c3, 0x55c3, 0x55c3, 0x55c3, 0x55c3, 0x55c3, 0x55c3, 0x55c3, 0x55c3, 0x55c3, 0x55c3, 0x55c3, 0x55c3, 0x55c3, 0x55c3, 
	0x55c3, 0x55c3, 0x55c3, 0x55c3, 0x55c3, 0x55c3, 0x5623, 0x5624, 0x5624, 0x5623, 0x55e3, 0x55c3, 0x55c3, 0x55c3, 0x55c3, 0x55c3, 
	0x55c3, 0x55c3, 0x55c3, 0x55c3, 0x55c3, 0x55c3, 0x55c3, 0x55c3, 0x55e3, 0x55c3, 0x55c3, 0x55c3, 0x55c3, 0x55e3, 0x5623, 0x5624, 
	0x5624, 0x5603, 0x55c3, 0x55c3, 0x55c3, 0x4dc3, 0x4dc3, 0x55c3, 0x55e3, 0x4da3, 0x4d63, 0x4da3, 0x55e3, 0x4d83, 0x4d83, 0x4dc3, 
	0x4dc3, 0x55c3, 0x55c3, 0x55c3, 0x55c3, 0x55c3, 0x55c3, 0x55c3, 0x55c3, 0x55c3, 0x55c3, 0x55c3, 0x55c3, 0x4dc3, 0x4d83, 0x4da3, 
	0x55c3, 0x55e3, 0x55e3, 0x55c3, 0x55c3, 0x55c3, 0x55c3, 0x55c3, 0x55c3, 0x55c3, 0x55c3, 0x55c3, 0x55c3, 0x55c3, 0x55c3, 0x55c3, 
	0x55c3, 0x4dc3, 0x5603, 0x2462, 0x02e1, 0x0342, 0x0341, 0x0301, 0x0301, 0x0301, 0x0301, 0x0301, 0x0321, 0x0341, 0x0341, 0x0321, 
	0x0342, 0x0321, 0x0301, 0x0342, 0x0321, 0x0342, 0x0341, 0x0321, 0x0301, 0x0321, 0x0342, 0x0321, 0x0301, 0x0342, 0x0321, 0x0301, 
	0x0301, 0x0342, 0x0341, 0x0341, 0x0321, 0x0301, 0x0301, 0x0301, 0x0301, 0x0322, 0x0341, 0x0301, 0x0301, 0x0301, 0x0301, 0x0301, 
	0x0321, 0x0342, 0x0342, 0x0341, 0x0301, 0x0301, 0x0301, 0x0321, 0x0341, 0x0341, 0x0321, 0x0301, 0x0301, 0x0342, 0x0341, 0x0301, 
	0x0321, 0x0321, 0x0301, 0x0322, 0x0341, 0x0321, 0x0301, 0x0321, 0x0342, 0x0342, 0x0321, 0x0321, 0x0a02, 0x18a3, 0x2163, 0x4d43, 
	0x5603, 0x55e3, 0x5643, 0x5623, 0x5623, 0x5623, 0x5643, 0x55e3, 0x55c3, 0x55c3, 0x55c3, 0x55c3, 0x55c3, 0x55c3, 0x55e3, 0x55e3, 
	0x55c3, 0x55c3, 0x55c3, 0x55c3, 0x55c3, 0x55c3, 0x55c3, 0x55c3, 0x4d83, 0x4d83, 0x55c3, 0x55c3, 0x55c3, 0x55e3, 0x5624, 0x5603, 
	0x55c3, 0x55c3, 0x5624, 0x5603, 0x55c3, 0x55c3, 0x55c3, 0x55c3, 0x55c3, 0x55c3, 0x55c3, 0x55c3, 0x55c3, 0x55c3, 0x55c3, 0x4dc3, 
	0x4d83, 0x4da3, 0x55e3, 0x55c3, 0x55c3, 0x55c3, 0x55c3, 0x55c3, 0x55e3, 0x5623, 0x5623, 0x5623, 0x5603, 0x55c3, 0x55c3, 0x55c3, 
	0x55c3, 0x55c3, 0x55c3, 0x55c3, 0x55c3, 0x55c3, 0x55e3, 0x55c3, 0x55c3, 0x55c3, 0x55c3, 0x55c3, 0x55c3, 0x55c3, 0x55c3, 0x55c3, 
	0x55c3, 0x55c3, 0x55c3, 0x55c3, 0x55c3, 0x4da3, 0x3382, 0x22e1, 0x22e1, 0x3382, 0x4d43, 0x55e3, 0x55c3, 0x55c3, 0x55e3, 0x55c3, 
	0x55c3, 0x55c3, 0x4dc3, 0x55e3, 0x55e3, 0x55c3, 0x55c3, 0x4dc3, 0x4d83, 0x55c3, 0x55c3, 0x55c3, 0x55e3, 0x4d83, 0x2b22, 0x22e1, 
	0x2ae1, 0x33e2, 0x4da3, 0x55e3, 0x4da3, 0x1160, 0x22a1, 0x5624, 0x3c62, 0x0900, 0x0060, 0x33a2, 0x33c2, 0x0060, 0x0920, 0x22c1, 
	0x08e0, 0x4503, 0x55e3, 0x4dc3, 0x55e3, 0x55e3, 0x55c3, 0x55e3, 0x55e3, 0x55c3, 0x55c3, 0x55e3, 0x55e3, 0x4d63, 0x08c0, 0x2b42, 
	0x5623, 0x4da3, 0x4d83, 0x55e3, 0x55e3, 0x55e3, 0x55c3, 0x55c3, 0x55e3, 0x55e3, 0x55c3, 0x55c3, 0x55c3, 0x55c3, 0x55c3, 0x55c3, 
	0x55c3, 0x55c3, 0x55c3, 0x55e3, 0x1be2, 0x02e1, 0x0301, 0x0301, 0x0301, 0x0301, 0x0301, 0x0301, 0x0301, 0x0301, 0x0301, 0x0301, 
	0x0301, 0x0301, 0x0301, 0x0301, 0x0301, 0x0301, 0x0301, 0x0301, 0x0301, 0x0301, 0x0301, 0x0301, 0x0301, 0x0301, 0x0301, 0x0301, 
	0x0301, 0x0301, 0x0301, 0x0301, 0x0301, 0x0301, 0x0301, 0x0301, 0x0301, 0x0301, 0x0301, 0x0301, 0x0301, 0x0301, 0x0301, 0x0301, 
	0x0301, 0x0301, 0x0301, 0x0301, 0x0301, 0x0301, 0x0301, 0x0301, 0x0301, 0x0301, 0x0301, 0x0301, 0x0301, 0x0301, 0x0301, 0x0301, 
	0x0301, 0x0301, 0x0301, 0x0301, 0x0301, 0x0301, 0x0301, 0x0301, 0x0301, 0x0301, 0x0321, 0x0a62, 0x18c3, 0x18e3, 0x44a3, 0x5603, 
	0x55e3, 0x4503, 0x22a1, 0x22c1, 0x22e1, 0x22a1, 0x22c1, 0x4d43, 0x55e3, 0x55c3, 0x55e3, 0x55c3, 0x55c3, 0x55c3, 0x4da3, 0x4d83, 
	0x55e3, 0x55c3, 0x4dc3, 0x55e3, 0x55e3, 0x55c3, 0x4dc3, 0x4dc3, 0x19c1, 0x19e1, 0x55c3, 0x55c3, 0x55e3, 0x4d43, 0x22e1, 0x3ca2, 
	0x5603, 0x4da3, 0x2b22, 0x3402, 0x55e3, 0x4dc3, 0x55e3, 0x55e3, 0x55c3, 0x55c3, 0x55c3, 0x55c3, 0x55e3, 0x55e3, 0x55e3, 0x4d63, 
	0x08a0, 0x2b22, 0x5623, 0x55c3, 0x55c3, 0x55c3, 0x55c3, 0x55e3, 0x4d83, 0x2b01, 0x22c1, 0x22c1, 0x3402, 0x4dc3, 0x55e3, 0x4dc3, 
	0x55c3, 0x55e3, 0x55e3, 0x55c3, 0x55c3, 0x4dc3, 0x4d83, 0x4dc3, 0x55e3, 0x55c3, 0x55c3, 0x55e3, 0x55e3, 0x4dc3, 0x55c3, 0x55c3, 
	0x55c3, 0x55c3, 0x55c3, 0x55c3, 0x55e3, 0x4d63, 0x08a0, 0x0020, 0x08e0, 0x0000, 0x0900, 0x4d63, 0x55e3, 0x55e3, 0x4d63, 0x4dc3, 
	0x5603, 0x55c3, 0x5603, 0x4d83, 0x4d83, 0x55c3, 0x5643, 0x2b82, 0x19c1, 0x4da3, 0x4dc3, 0x55c3, 0x55e3, 0x4523, 0x0020, 0x0060, 
	0x08e0, 0x0000, 0x1161, 0x4d63, 0x4da3, 0x22c1, 0x3382, 0x5623, 0x1a21, 0x0000, 0x2b42, 0x3ca2, 0x08e0, 0x08e0, 0x33a2, 0x33e2, 
	0x2261, 0x4523, 0x55e3, 0x55e3, 0x4d83, 0x4da3, 0x55e3, 0x4dc3, 0x4da3, 0x55c3, 0x55c3, 0x4da3, 0x55c3, 0x4d43, 0x0000, 0x2281, 
	0x5e84, 0x22a1, 0x1a21, 0x55e3, 0x4d83, 0x4da3, 0x55c3, 0x55c3, 0x4dc3, 0x4da3, 0x55c3, 0x55c3, 0x55c3, 0x55c3, 0x55c3, 0x55c3, 
	0x55c3, 0x55c3, 0x4dc3, 0x55e3, 0x4dc3, 0x1381, 0x02e1, 0x0301, 0x0301, 0x0301, 0x0301, 0x0301, 0x0301, 0x0301, 0x0301, 0x0301, 
	0x0301, 0x0301, 0x0301, 0x0301, 0x0301, 0x0301, 0x0301, 0x0301, 0x0301, 0x0301, 0x0301, 0x0301, 0x0301, 0x0301, 0x0301, 0x0301, 
	0x0301, 0x0301, 0x0301, 0x0301, 0x0301, 0x0301, 0x0301, 0x0301, 0x0301, 0x0301, 0x0301, 0x0301, 0x0301, 0x0301, 0x0301, 0x0301, 
	0x0301, 0x0301, 0x0301, 0x0301, 0x0301, 0x0301, 0x0301, 0x0301, 0x0301, 0x0301, 0x0301, 0x0301, 0x0301, 0x0301, 0x0301, 0x0301, 
	0x0301, 0x0301, 0x0301, 0x0301, 0x0301, 0x0301, 0x0301, 0x0301, 0x0301, 0x0321, 0x02a1, 0x1903, 0x18a3, 0x3be3, 0x5623, 0x4dc3, 
	0x55e3, 0x3c82, 0x0900, 0x0080, 0x0000, 0x0880, 0x0900, 0x44e3, 0x5623, 0x4da3, 0x4d63, 0x55e3, 0x55c3, 0x5623, 0x22a1, 0x1a01, 
	0x4dc3, 0x4da3, 0x55e3, 0x4da3, 0x4d63, 0x4dc3, 0x55e3, 0x4da3, 0x1120, 0x1140, 0x4da3, 0x4dc3, 0x55e3, 0x3c82, 0x0000, 0x2b22, 
	0x5623, 0x4d63, 0x0040, 0x1a01, 0x55e3, 0x55e3, 0x4da3, 0x4d63, 0x4dc3, 0x55e3, 0x55e3, 0x55e3, 0x4d63, 0x4d83, 0x55e3, 0x4543, 
	0x0000, 0x22c1, 0x55e3, 0x4d63, 0x55e3, 0x55c3, 0x55c3, 0x55e3, 0x4523, 0x0020, 0x0060, 0x08c0, 0x0000, 0x22c1, 0x55e3, 0x55e3, 
	0x4dc3, 0x4d63, 0x4da3, 0x55e3, 0x5623, 0x3c02, 0x1120, 0x4d63, 0x4dc3, 0x55e3, 0x55e3, 0x4d63, 0x4da3, 0x5603, 0x55c3, 0x55c3, 
	0x55c3, 0x55c3, 0x55c3, 0x55c3, 0x55c3, 0x4d63, 0x0080, 0x19e1, 0x4da3, 0x1a21, 0x0000, 0x4503, 0x4d63, 0x1a01, 0x08c0, 0x1120, 
	0x3c42, 0x55e3, 0x2b02, 0x0900, 0x08c0, 0x22c1, 0x3c82, 0x0880, 0x0020, 0x0900, 0x3c62, 0x55e3, 0x55c3, 0x4523, 0x0000, 0x2281, 
	0x4d83, 0x3382, 0x0000, 0x22c1, 0x4dc3, 0x19c1, 0x2b42, 0x3c62, 0x0040, 0x0020, 0x1181, 0x22a1, 0x0000, 0x0040, 0x2261, 0x33c2, 
	0x1161, 0x4503, 0x4da3, 0x2281, 0x08c0, 0x08a0, 0x3c02, 0x3402, 0x0900, 0x4d43, 0x4da3, 0x1140, 0x2b62, 0x4d83, 0x0000, 0x22e1, 
	0x3c42, 0x0020, 0x0040, 0x1181, 0x22c1, 0x1120, 0x4503, 0x55e3, 0x1a01, 0x1a21, 0x4dc3, 0x4dc3, 0x55c3, 0x55c3, 0x55c3, 0x55c3, 
	0x55c3, 0x55c3, 0x55c3, 0x4dc3, 0x55e3, 0x4563, 0x0b41, 0x0301, 0x0301, 0x0301, 0x0301, 0x0301, 0x0301, 0x0301, 0x0301, 0x0301, 
	0x0301, 0x0301, 0x0301, 0x0301, 0x0301, 0x0301, 0x0301, 0x0301, 0x0301, 0x0301, 0x0301, 0x0301, 0x0301, 0x0301, 0x0301, 0x0301, 
	0x0301, 0x0301, 0x0301, 0x0301, 0x0301, 0x0301, 0x0301, 0x0301, 0x0301, 0x0301, 0x0301, 0x0301, 0x0301, 0x0301, 0x0301, 0x0301, 
	0x0301, 0x0301, 0x0301, 0x0301, 0x0301, 0x0301, 0x0301, 0x0301, 0x0301, 0x0301, 0x0301, 0x0301, 0x0301, 0x0301, 0x0301, 0x0301, 
	0x0301, 0x0301, 0x0301, 0x0301, 0x0301, 0x0301, 0x0301, 0x0301, 0x0321, 0x02e1, 0x1943, 0x1883, 0x3343, 0x5623, 0x55c3, 0x55c3, 
	0x4dc3, 0x4d83, 0x4d83, 0x2b62, 0x0000, 0x33c2, 0x4d83, 0x4dc3, 0x33c2, 0x08e0, 0x0080, 0x1a01, 0x4d83, 0x3c02, 0x0020, 0x0040, 
	0x0920, 0x4523, 0x3402, 0x08c0, 0x08a0, 0x1140, 0x44a3, 0x4dc3, 0x1120, 0x1140, 0x4da3, 0x4dc3, 0x55e3, 0x3c82, 0x0000, 0x2b42, 
	0x5603, 0x4d43, 0x0080, 0x19e1, 0x5623, 0x33e2, 0x08e0, 0x08a0, 0x1140, 0x44c3, 0x4dc3, 0x2261, 0x08e0, 0x08a0, 0x2b01, 0x4543, 
	0x0020, 0x1140, 0x1120, 0x0880, 0x33c2, 0x55e3, 0x4dc3, 0x55e3, 0x4523, 0x0000, 0x22a1, 0x4da3, 0x08e0, 0x08e0, 0x4dc3, 0x3c62, 
	0x0900, 0x08a0, 0x0900, 0x3c62, 0x4503, 0x08c0, 0x0000, 0x08c0, 0x33e2, 0x4d83, 0x19e1, 0x08a0, 0x0900, 0x3c02, 0x55e3, 0x4dc3, 
	0x55c3, 0x55c3, 0x55c3, 0x55c3, 0x55c3, 0x4d43, 0x08a0, 0x0060, 0x1160, 0x0020, 0x19e1, 0x4dc3, 0x2261, 0x0000, 0x33a2, 0x1181, 
	0x08a0, 0x44c3, 0x0000, 0x1160, 0x2b62, 0x33a2, 0x3c82, 0x08a0, 0x08a0, 0x2b42, 0x4503, 0x55c3, 0x55e3, 0x4523, 0x0000, 0x22a1, 
	0x55e3, 0x4d43, 0x08c0, 0x1160, 0x4d43, 0x0060, 0x1a21, 0x44c3, 0x08e0, 0x0060, 0x2b42, 0x3382, 0x0020, 0x0920, 0x3c22, 0x2ae1, 
	0x0000, 0x4503, 0x2b42, 0x0000, 0x2281, 0x22c1, 0x3ca2, 0x2b22, 0x0000, 0x44e3, 0x4d63, 0x0000, 0x2281, 0x4d63, 0x0000, 0x22c1, 
	0x3c82, 0x0020, 0x0900, 0x33a2, 0x33e2, 0x0000, 0x2b42, 0x4503, 0x0000, 0x22c1, 0x5603, 0x4dc3, 0x55c3, 0x55c3, 0x55c3, 0x55c3, 
	0x55c3, 0x55c3, 0x55c3, 0x55c3, 0x4dc3, 0x5603, 0x3d23, 0x0301, 0x0301, 0x0301, 0x0301, 0x0301, 0x0301, 0x0301, 0x0301, 0x0301, 
	0x0301, 0x0301, 0x0301, 0x0301, 0x0301, 0x0301, 0x0301, 0x0301, 0x0301, 0x0301, 0x0301, 0x0301, 0x0301, 0x0301, 0x0301, 0x0301, 
	0x0301, 0x0301, 0x0301, 0x0301, 0x0301, 0x0301, 0x0301, 0x0301, 0x0301, 0x0301, 0x0301, 0x0301, 0x0301, 0x0301, 0x0301, 0x0301, 
	0x0301, 0x0301, 0x0301, 0x0301, 0x0301, 0x0301, 0x0301, 0x0301, 0x0301, 0x0301, 0x0301, 0x0301, 0x0301, 0x0301, 0x0301, 0x0301, 
	0x0301, 0x0301, 0x0301, 0x0301, 0x0301, 0x0301, 0x0301, 0x0301, 0x0301, 0x1183, 0x1883, 0x2a63, 0x55e3, 0x55e3, 0x55c3, 0x55c3, 
	0x55c3, 0x4dc3, 0x55e3, 0x3382, 0x0000, 0x3402, 0x5603, 0x44c3, 0x0020, 0x1161, 0x2b22, 0x0000, 0x2261, 0x3c62, 0x0020, 0x0900, 
	0x3382, 0x4d43, 0x44a3, 0x2b22, 0x3382, 0x0000, 0x1a01, 0x55c3, 0x0920, 0x1140, 0x4da3, 0x4dc3, 0x55e3, 0x3c62, 0x0000, 0x08a0, 
	0x1140, 0x1120, 0x0000, 0x1a01, 0x55e3, 0x3c82, 0x2b22, 0x3382, 0x0000, 0x1a21, 0x3ca2, 0x0000, 0x19e1, 0x2b62, 0x3402, 0x4523, 
	0x0020, 0x0880, 0x2b22, 0x08c0, 0x08c0, 0x4d83, 0x55c3, 0x55e3, 0x4523, 0x0000, 0x1160, 0x22e1, 0x0020, 0x1a21, 0x55e3, 0x44e3, 
	0x2b02, 0x33a2, 0x0080, 0x1160, 0x4503, 0x1120, 0x0040, 0x2b22, 0x4503, 0x2281, 0x0000, 0x33a2, 0x11a1, 0x0080, 0x4d63, 0x55e3, 
	0x55c3, 0x55c3, 0x55c3, 0x55c3, 0x55c3, 0x4d43, 0x08a0, 0x08a0, 0x2261, 0x08e0, 0x08e0, 0x44c3, 0x1120, 0x0040, 0x11a1, 0x08e0, 
	0x0020, 0x3c82, 0x19c1, 0x0000, 0x1181, 0x3c82, 0x4dc3, 0x1140, 0x1120, 0x4da3, 0x4dc3, 0x4dc3, 0x55e3, 0x4523, 0x0000, 0x22a1, 
	0x5603, 0x4d83, 0x08c0, 0x1160, 0x4d43, 0x0080, 0x19e1, 0x5603, 0x19c1, 0x08c0, 0x4d83, 0x4d63, 0x0060, 0x1a01, 0x5623, 0x2b01, 
	0x0000, 0x44c3, 0x19c1, 0x08a0, 0x4d63, 0x4dc3, 0x5603, 0x2b01, 0x0000, 0x44e3, 0x4d63, 0x0000, 0x2281, 0x4d63, 0x0000, 0x22a1, 
	0x55c3, 0x08a0, 0x19c1, 0x55c3, 0x4d83, 0x1140, 0x1181, 0x2b01, 0x0000, 0x44c3, 0x55c3, 0x55c3, 0x55c3, 0x55c3, 0x55c3, 0x55c3, 
	0x55c3, 0x55c3, 0x55c3, 0x55c3, 0x55c3, 0x4dc3, 0x5603, 0x34c2, 0x02e1, 0x0301, 0x0341, 0x0321, 0x0321, 0x0321, 0x0321, 0x0321, 
	0x0321, 0x0321, 0x0321, 0x0321, 0x0321, 0x0321, 0x0321, 0x0321, 0x0321, 0x0321, 0x0321, 0x0321, 0x0321, 0x0321, 0x0321, 0x0321, 
	0x0321, 0x0321, 0x0321, 0x0321, 0x0321, 0x0321, 0x0321, 0x0321, 0x0321, 0x0321, 0x0321, 0x0321, 0x0321, 0x0321, 0x0321, 0x0321, 
	0x0321, 0x0321, 0x0321, 0x0321, 0x0321, 0x0321, 0x0321, 0x0321, 0x0321, 0x0321, 0x0321, 0x0321, 0x0321, 0x0321, 0x0321, 0x0321, 
	0x0321, 0x0321, 0x0321, 0x0321, 0x0321, 0x0321, 0x0321, 0x0321, 0x11c2, 0x1883, 0x21e3, 0x4da3, 0x55e3, 0x55c3, 0x55c3, 0x55c3, 
	0x55c3, 0x4dc3, 0x5603, 0x33a2, 0x0000, 0x3402, 0x5624, 0x3382, 0x0000, 0x3402, 0x4dc3, 0x1181, 0x08a0, 0x4d43, 0x08c0, 0x19c1, 
	0x55c3, 0x4da3, 0x33e2, 0x19c1, 0x1180, 0x0020, 0x11a1, 0x4d83, 0x1120, 0x1140, 0x4da3, 0x4dc3, 0x55e3, 0x3c62, 0x0000, 0x1140, 
	0x1a41, 0x1a01, 0x0000, 0x1a01, 0x55e3, 0x33e2, 0x19c1, 0x1180, 0x0020, 0x11a1, 0x4523, 0x1140, 0x0000, 0x19c1, 0x44e3, 0x4523, 
	0x0000, 0x2241, 0x5623, 0x1a41, 0x0020, 0x4d43, 0x55c3, 0x55e3, 0x4503, 0x0020, 0x0060, 0x0020, 0x0900, 0x4523, 0x4dc3, 0x3c42, 
	0x19e1, 0x1181, 0x0060, 0x0900, 0x4da3, 0x1a21, 0x0060, 0x4d63, 0x4d83, 0x0900, 0x0040, 0x1181, 0x08e0, 0x0020, 0x44a3, 0x55e3, 
	0x55c3, 0x55c3, 0x55c3, 0x55c3, 0x55c3, 0x4d63, 0x0060, 0x1a01, 0x5623, 0x2b21, 0x0000, 0x33c2, 0x1180, 0x0080, 0x33c2, 0x33e2, 
	0x33e2, 0x4523, 0x4d43, 0x33c2, 0x08a0, 0x08a0, 0x4d63, 0x1140, 0x1120, 0x4dc3, 0x4dc3, 0x4dc3, 0x55e3, 0x4523, 0x0000, 0x22a1, 
	0x5623, 0x33e2, 0x0000, 0x22a1, 0x4d83, 0x0080, 0x1a01, 0x55e3, 0x11a1, 0x08c0, 0x4d83, 0x4d43, 0x0060, 0x1a01, 0x5603, 0x2b22, 
	0x0000, 0x44a3, 0x19e1, 0x0060, 0x4d63, 0x4dc3, 0x55e3, 0x2b02, 0x0000, 0x44e3, 0x4503, 0x0000, 0x22a1, 0x4d63, 0x0000, 0x22c1, 
	0x4da3, 0x0080, 0x19e1, 0x55e3, 0x55e3, 0x2b62, 0x0040, 0x08c0, 0x1181, 0x4da3, 0x4dc3, 0x55c3, 0x55c3, 0x55c3, 0x55c3, 0x55c3, 
	0x55c3, 0x55c3, 0x55c3, 0x55c3, 0x55c3, 0x55c3, 0x55c3, 0x55e3, 0x34c2, 0x1b42, 0x09e2, 0x0a22, 0x0a22, 0x0a22, 0x0a22, 0x0a22, 
	0x0a22, 0x0a22, 0x0a22, 0x0a22, 0x0a22, 0x0a22, 0x0a22, 0x0a22, 0x0a22, 0x0a22, 0x0a22, 0x0a22, 0x0a22, 0x0a22, 0x0a22, 0x0a22, 
	0x0a22, 0x0a22, 0x0a22, 0x0a22, 0x0a22, 0x0a22, 0x0a22, 0x0a22, 0x0a22, 0x0a22, 0x0a22, 0x0a22, 0x0a22, 0x0a22, 0x0a22, 0x0a22, 
	0x0a22, 0x0a22, 0x0a22, 0x0a22, 0x0a22, 0x0a22, 0x0a22, 0x0a22, 0x0a22, 0x0a22, 0x0a22, 0x0a22, 0x0a22, 0x0a22, 0x0a22, 0x0a22, 
	0x0a22, 0x0a22, 0x0a22, 0x0a22, 0x0a22, 0x0a22, 0x0a42, 0x11e2, 0x18c3, 0x2143, 0x4d23, 0x5603, 0x55c3, 0x55c3, 0x55c3, 0x55c3, 
	0x55c3, 0x4dc3, 0x5603, 0x33a2, 0x0000, 0x3c02, 0x5623, 0x33e2, 0x0000, 0x33a2, 0x55e3, 0x1120, 0x0900, 0x4523, 0x08a0, 0x19c1, 
	0x5623, 0x4523, 0x0000, 0x11a1, 0x3c62, 0x0060, 0x11a1, 0x4d83, 0x1120, 0x1140, 0x4da3, 0x4dc3, 0x55e3, 0x3c62, 0x0000, 0x2b42, 
	0x5603, 0x4d43, 0x0060, 0x1a21, 0x4d43, 0x0000, 0x11a1, 0x3c62, 0x0060, 0x11a1, 0x4d83, 0x4523, 0x2b62, 0x0040, 0x1140, 0x4503, 
	0x0000, 0x2281, 0x5623, 0x2241, 0x0020, 0x4d43, 0x55c3, 0x55e3, 0x4523, 0x0000, 0x2281, 0x3382, 0x0000, 0x3c22, 0x4dc3, 0x0080, 
	0x1120, 0x3c82, 0x0900, 0x08e0, 0x4da3, 0x1a01, 0x0060, 0x4d83, 0x4da3, 0x1120, 0x0880, 0x33c2, 0x33e2, 0x33e2, 0x4d43, 0x4dc3, 
	0x55c3, 0x55c3, 0x55c3, 0x55c3, 0x55e3, 0x4d43, 0x0880, 0x0040, 0x1120, 0x0020, 0x0880, 0x44e3, 0x2b22, 0x0000, 0x19e1, 0x1a21, 
	0x2281, 0x44e3, 0x1181, 0x2281, 0x08c0, 0x08c0, 0x4d83, 0x1a21, 0x0000, 0x19c1, 0x3c62, 0x55e3, 0x4dc3, 0x4503, 0x0020, 0x0080, 
	0x1120, 0x0000, 0x1140, 0x4503, 0x4d43, 0x0040, 0x19e1, 0x55e3, 0x11a1, 0x08a0, 0x4d83, 0x4d63, 0x0020, 0x1a01, 0x5624, 0x2b01, 
	0x0000, 0x44c3, 0x3382, 0x0000, 0x1140, 0x1140, 0x3382, 0x3c42, 0x0000, 0x1120, 0x1140, 0x0000, 0x22a1, 0x4d63, 0x0000, 0x2281, 
	0x55e3, 0x1160, 0x0020, 0x19e1, 0x44c3, 0x4523, 0x08c0, 0x0000, 0x3382, 0x55e3, 0x4dc3, 0x55c3, 0x55c3, 0x55c3, 0x55c3, 0x55c3, 
	0x55c3, 0x55c3, 0x55c3, 0x55c3, 0x55c3, 0x55c3, 0x55c3, 0x55c3, 0x5603, 0x55a3, 0x2a03, 0x1843, 0x1883, 0x1863, 0x1863, 0x1863, 
	0x1863, 0x1863, 0x1863, 0x1863, 0x1863, 0x1863, 0x1863, 0x1863, 0x1863, 0x1863, 0x1863, 0x1863, 0x1863, 0x1863, 0x1863, 0x1863, 
	0x1863, 0x1863, 0x1863, 0x1863, 0x1863, 0x1863, 0x1863, 0x1863, 0x1863, 0x1863, 0x1863, 0x1863, 0x1863, 0x1863, 0x1863, 0x1863, 
	0x1863, 0x1863, 0x1863, 0x1863, 0x1863, 0x1863, 0x1863, 0x1863, 0x1863, 0x1863, 0x1863, 0x1863, 0x1863, 0x1863, 0x1863, 0x1863, 
	0x1863, 0x1863, 0x1863, 0x1863, 0x1863, 0x1863, 0x1883, 0x1863, 0x18e3, 0x4483, 0x5603, 0x4dc3, 0x55c3, 0x55c3, 0x55c3, 0x55c3, 
	0x55c3, 0x4dc3, 0x5603, 0x3382, 0x0000, 0x3402, 0x55e3, 0x4523, 0x08e0, 0x0080, 0x11a1, 0x0000, 0x2ae1, 0x4da3, 0x1161, 0x0020, 
	0x19e1, 0x3c22, 0x0060, 0x08e0, 0x1a41, 0x0000, 0x11a1, 0x4d83, 0x0900, 0x1120, 0x4da3, 0x4dc3, 0x55e3, 0x3c62, 0x0000, 0x2b01, 
	0x55e3, 0x4523, 0x0040, 0x1a01, 0x4523, 0x0040, 0x0900, 0x1a41, 0x0000, 0x19c1, 0x3c62, 0x1181, 0x2261, 0x0060, 0x1160, 0x4503, 
	0x0000, 0x2261, 0x5644, 0x2241, 0x0000, 0x4543, 0x55e3, 0x55e3, 0x4523, 0x0000, 0x2261, 0x4dc3, 0x1140, 0x0060, 0x44a3, 0x08e0, 
	0x08a0, 0x2261, 0x0040, 0x08e0, 0x4da3, 0x22c1, 0x0000, 0x1160, 0x3402, 0x2b62, 0x0000, 0x19e1, 0x1a21, 0x2241, 0x4d83, 0x55c3, 
	0x55c3, 0x55c3, 0x55c3, 0x55c3, 0x55c3, 0x4d63, 0x2ae1, 0x1a21, 0x1a21, 0x22a1, 0x3c82, 0x4da3, 0x4d63, 0x2b82, 0x19c1, 0x11a1, 
	0x3382, 0x4d43, 0x2281, 0x1181, 0x1a21, 0x3c62, 0x4da3, 0x44a2, 0x1a21, 0x19e1, 0x44a3, 0x55e3, 0x55c3, 0x4d43, 0x22a1, 0x1a21, 
	0x1a41, 0x2b62, 0x4523, 0x4da3, 0x4d83, 0x22c1, 0x3382, 0x4dc3, 0x2b62, 0x2ae1, 0x4d83, 0x4d83, 0x22a1, 0x33a2, 0x55e3, 0x3c42, 
	0x2261, 0x4503, 0x4d83, 0x2b62, 0x19c1, 0x19e1, 0x3c82, 0x4d83, 0x2b42, 0x11a1, 0x2b01, 0x2b02, 0x33c2, 0x4d83, 0x2261, 0x33e2, 
	0x55e3, 0x3c42, 0x1a01, 0x1a01, 0x4523, 0x5623, 0x19c1, 0x0040, 0x4523, 0x4dc3, 0x55c3, 0x55c3, 0x55c3, 0x55c3, 0x55c3, 0x55c3, 
	0x55c3, 0x55c3, 0x55c3, 0x55c3, 0x55c3, 0x55c3, 0x55c3, 0x55c3, 0x4dc3, 0x5603, 0x4d63, 0x3323, 0x3323, 0x3323, 0x3323, 0x3323, 
	0x3323, 0x3323, 0x3323, 0x3323, 0x3323, 0x3323, 0x3323, 0x3323, 0x3323, 0x3323, 0x3323, 0x3323, 0x3323, 0x3323, 0x3323, 0x3323, 
	0x3323, 0x3323, 0x3323, 0x3323, 0x3323, 0x3323, 0x3323, 0x3323, 0x3323, 0x3323, 0x3323, 0x3323, 0x3323, 0x3323, 0x3323, 0x3323, 
	0x3323, 0x3323, 0x3323, 0x3323, 0x3323, 0x3323, 0x3323, 0x3323, 0x3323, 0x3323, 0x3323, 0x3323, 0x3323, 0x3323, 0x3323, 0x3323, 
	0x3323, 0x3323, 0x3323, 0x3323, 0x3323, 0x3323, 0x3323, 0x32e3, 0x3c23, 0x5603, 0x55c3, 0x55c3, 0x55c3, 0x55c3, 0x55c3, 0x55c3, 
	0x55c3, 0x55c3, 0x55e3, 0x3c82, 0x2261, 0x44c3, 0x55c3, 0x4da3, 0x44c3, 0x2261, 0x11a1, 0x2b42, 0x4d63, 0x4da3, 0x3c62, 0x1a01, 
	0x1a01, 0x44e3, 0x33e2, 0x11a1, 0x22c1, 0x2b62, 0x2b42, 0x4d83, 0x2b22, 0x2b22, 0x4da3, 0x4dc3, 0x55e3, 0x44e3, 0x2261, 0x3c42, 
	0x55e3, 0x4d83, 0x22c1, 0x3382, 0x4da3, 0x33c2, 0x11a1, 0x22c1, 0x2b62, 0x2b62, 0x4503, 0x2261, 0x1181, 0x1a41, 0x44a3, 0x4d43, 
	0x2261, 0x33e2, 0x55e3, 0x33c2, 0x2281, 0x4d63, 0x55c3, 0x55c3, 0x4d63, 0x2261, 0x33e2, 0x55c3, 0x3c82, 0x1a21, 0x3c42, 0x3c42, 
	0x19c1, 0x2281, 0x33a2, 0x2b22, 0x4d83, 0x44e3, 0x2281, 0x11a1, 0x3c22, 0x4da3, 0x3382, 0x19c1, 0x11a1, 0x2b82, 0x4da3, 0x4dc3, 
	0x55c3, 0x55c3, 0x55c3, 0x55c3, 0x55c3, 0x4dc3, 0x4dc3, 0x4dc3, 0x4dc3, 0x4dc3, 0x4da3, 0x4dc3, 0x4dc3, 0x4dc3, 0x4da3, 0x4dc3, 
	0x55c3, 0x4da3, 0x55e3, 0x4da3, 0x4dc3, 0x4da3, 0x4dc3, 0x4dc3, 0x4da3, 0x4dc3, 0x4dc3, 0x4dc3, 0x55c3, 0x4dc3, 0x4dc3, 0x4dc3, 
	0x4dc3, 0x4dc3, 0x4da3, 0x4dc3, 0x4dc3, 0x55e3, 0x55c3, 0x4da3, 0x55c3, 0x55e3, 0x4dc3, 0x4dc3, 0x55e3, 0x55c3, 0x4da3, 0x4dc3, 
	0x55e3, 0x4dc3, 0x4da3, 0x4dc3, 0x4da3, 0x4dc3, 0x4dc3, 0x4da3, 0x4dc3, 0x4dc3, 0x4da3, 0x4dc3, 0x4dc3, 0x4da3, 0x55e3, 0x4dc3, 
	0x4da3, 0x4dc3, 0x4da3, 0x55e3, 0x44e3, 0x22c1, 0x0000, 0x2281, 0x4dc3, 0x4dc3, 0x55c3, 0x55c3, 0x55c3, 0x55c3, 0x55c3, 0x55c3, 
	0x55c3, 0x55c3, 0x55c3, 0x55c3, 0x55c3, 0x55c3, 0x55c3, 0x55c3, 0x55c3, 0x55c3, 0x55e3, 0x5623, 0x5623, 0x5623, 0x5623, 0x5623, 
	0x5623, 0x5623, 0x5603, 0x5603, 0x5623, 0x5623, 0x5603, 0x5603, 0x5623, 0x5603, 0x5603, 0x5623, 0x5623, 0x5603, 0x5603, 0x5603, 
	0x5623, 0x5623, 0x5603, 0x5603, 0x5603, 0x5603, 0x5623, 0x5623, 0x5603, 0x5603, 0x5623, 0x5623, 0x5603, 0x5603, 0x5623, 0x5603, 
	0x5603, 0x5603, 0x5623, 0x5623, 0x5603, 0x5603, 0x5603, 0x5623, 0x5623, 0x5623, 0x5603, 0x5603, 0x5603, 0x5623, 0x5623, 0x5623, 
	0x5623, 0x5623, 0x5623, 0x5623, 0x5623, 0x5623, 0x5623, 0x5623, 0x5603, 0x55c3, 0x55c3, 0x55c3, 0x55c3, 0x55c3, 0x55c3, 0x55c3, 
	0x55c3, 0x55c3, 0x4dc3, 0x4dc3, 0x55e3, 0x4dc3, 0x4dc3, 0x4dc3, 0x4da3, 0x4dc3, 0x4dc3, 0x4dc3, 0x4da3, 0x4dc3, 0x4dc3, 0x4da3, 
	0x55c3, 0x4da3, 0x4da3, 0x4dc3, 0x4dc3, 0x4da3, 0x55c3, 0x4da3, 0x55e3, 0x55c3, 0x4dc3, 0x55c3, 0x55c3, 0x4dc3, 0x55e3, 0x4dc3, 
	0x4dc3, 0x4dc3, 0x55e3, 0x55c3, 0x4da3, 0x4da3, 0x4dc3, 0x4dc3, 0x4da3, 0x4dc3, 0x4da3, 0x55c3, 0x4da3, 0x4dc3, 0x4da3, 0x4da3, 
	0x55e3, 0x4dc3, 0x4da3, 0x4dc3, 0x55e3, 0x4dc3, 0x55c3, 0x55c3, 0x4dc3, 0x55e3, 0x4dc3, 0x4da3, 0x4da3, 0x55e3, 0x4dc3, 0x4da3, 
	0x4dc3, 0x4dc3, 0x4da3, 0x55e3, 0x4dc3, 0x4dc3, 0x4dc3, 0x4dc3, 0x4dc3, 0x4da3, 0x4dc3, 0x4da3, 0x4dc3, 0x55c3, 0x4dc3, 0x55c3, 
	0x55c3, 0x55c3, 0x55c3, 0x55c3, 0x55c3, 0x55c3, 0x4dc3, 0x4da3, 0x4da3, 0x4dc3, 0x55c3, 0x55c3, 0x55c3, 0x4dc3, 0x4dc3, 0x4da3, 
	0x4dc3, 0x55c3, 0x4dc3, 0x4dc3, 0x4dc3, 0x55c3, 0x55c3, 0x55c3, 0x4dc3, 0x4dc3, 0x55c3, 0x55c3, 0x55c3, 0x55c3, 0x4dc3, 0x4da3, 
	0x4dc3, 0x4dc3, 0x55c3, 0x55c3, 0x55c3, 0x4dc3, 0x4dc3, 0x55c3, 0x4dc3, 0x4dc3, 0x55c3, 0x55c3, 0x4dc3, 0x4dc3, 0x55c3, 0x55c3, 
	0x4dc3, 0x55c3, 0x55c3, 0x4dc3, 0x4dc3, 0x4dc3, 0x55c3, 0x55c3, 0x4dc3, 0x4dc3, 0x4dc3, 0x4dc3, 0x4dc3, 0x55c3, 0x4dc3, 0x4dc3, 
	0x55c3, 0x55c3, 0x4da3, 0x55e3, 0x3c22, 0x08a0, 0x1a21, 0x4523, 0x4dc3, 0x55c3, 0x55c3, 0x55c3, 0x55c3, 0x55c3, 0x55c3, 0x55c3, 
	0x55c3, 0x55c3, 0x55c3, 0x55c3, 0x55c3, 0x55c3, 0x55c3, 0x55c3, 0x55c3, 0x55c3, 0x55c3, 0x4dc3, 0x4dc3, 0x4dc3, 0x4dc3, 0x4dc3, 
	0x4dc3, 0x4dc3, 0x55e3, 0x55e3, 0x4dc3, 0x55c3, 0x5603, 0x55c3, 0x4dc3, 0x55e3, 0x5603, 0x4dc3, 0x55c3, 0x5603, 0x5603, 0x5603, 
	0x4dc3, 0x4dc3, 0x55c3, 0x5603, 0x5603, 0x55e3, 0x55c3, 0x4dc3, 0x55c3, 0x5603, 0x55c3, 0x4dc3, 0x5603, 0x55e3, 0x55c3, 0x5603, 
	0x5603, 0x5603, 0x55e3, 0x55c3, 0x5603, 0x5603, 0x55e3, 0x55c3, 0x4dc3, 0x4dc3, 0x55e3, 0x5603, 0x5603, 0x4dc3, 0x4dc3, 0x4dc3, 
	0x4dc3, 0x4dc3, 0x4dc3, 0x4dc3, 0x4dc3, 0x4dc3, 0x4dc3, 0x4dc3, 0x55c3, 0x55c3, 0x55c3, 0x55c3, 0x55c3, 0x55c3, 0x55c3, 0x55c3, 
	0x55c3, 0x55c3, 0x55c3, 0x55c3, 0x4dc3, 0x55c3, 0x55c3, 0x55c3, 0x55c3, 0x4dc3, 0x4dc3, 0x4dc3, 0x55c3, 0x55c3, 0x55c3, 0x4dc3, 
	0x4dc3, 0x55c3, 0x55c3, 0x4dc3, 0x4dc3, 0x55c3, 0x4dc3, 0x55c3, 0x4dc3, 0x4dc3, 0x55c3, 0x55c3, 0x55c3, 0x55c3, 0x4dc3, 0x55c3, 
	0x55c3, 0x55c3, 0x4dc3, 0x4dc3, 0x55c3, 0x4dc3, 0x4dc3, 0x4dc3, 0x4dc3, 0x4dc3, 0x55c3, 0x4dc3, 0x4dc3, 0x4dc3, 0x55c3, 0x55c3, 
	0x4dc3, 0x4dc3, 0x55e3, 0x4dc3, 0x4dc3, 0x55c3, 0x55c3, 0x55c3, 0x55c3, 0x4dc3, 0x4dc3, 0x55c3, 0x55c3, 0x4dc3, 0x55c3, 0x55c3, 
	0x4dc3, 0x4dc3, 0x55c3, 0x4dc3, 0x55c3, 0x55c3, 0x4dc3, 0x4da3, 0x4dc3, 0x55c3, 0x4dc3, 0x4dc3, 0x4da3, 0x4dc3, 0x55c3, 0x55c3, 
	0x55c3, 0x55c3, 0x55c3, 0x55c3, 0x55c3, 0x55c3, 0x55c3, 0x55c3, 0x55c3, 0x55c3, 0x55c3, 0x55c3, 0x55c3, 0x55c3, 0x55c3, 0x55c3, 
	0x55c3, 0x55c3, 0x55c3, 0x55c3, 0x55c3, 0x55c3, 0x55c3, 0x55c3, 0x55c3, 0x55c3, 0x55c3, 0x55c3, 0x55c3, 0x55c3, 0x55c3, 0x55c3, 
	0x55c3, 0x55c3, 0x55c3, 0x55c3, 0x55c3, 0x55c3, 0x55c3, 0x55c3, 0x55c3, 0x55c3, 0x55c3, 0x55c3, 0x55c3, 0x55c3, 0x55c3, 0x55c3, 
	0x55c3, 0x55c3, 0x55c3, 0x55c3, 0x55c3, 0x55c3, 0x55c3, 0x55c3, 0x55c3, 0x55c3, 0x55c3, 0x55c3, 0x55c3, 0x55c3, 0x55c3, 0x55c3, 
	0x55c3, 0x55c3, 0x55c3, 0x4dc3, 0x4d83, 0x4d43, 0x4d83, 0x4da3, 0x4dc3, 0x55c3, 0x55c3, 0x55c3, 0x55c3, 0x55c3, 0x55c3, 0x55c3, 
	0x55c3, 0x55c3, 0x55c3, 0x55c3, 0x55c3, 0x55c3, 0x55c3, 0x55c3, 0x55c3, 0x55c3, 0x55c3, 0x55c3, 0x55c3, 0x55c3, 0x55c3, 0x55c3, 
	0x55c3, 0x4dc3, 0x33c2, 0x3402, 0x55e3, 0x4523, 0x2b42, 0x44e3, 0x5603, 0x3c62, 0x3382, 0x4dc3, 0x4523, 0x2b22, 0x2261, 0x2b62, 
	0x4d63, 0x55e3, 0x4503, 0x2b42, 0x2b01, 0x2b62, 0x4523, 0x55e3, 0x4503, 0x2b42, 0x4523, 0x55e3, 0x33a2, 0x33e2, 0x44c3, 0x2b22, 
	0x2b01, 0x22c1, 0x44c3, 0x44e3, 0x2b01, 0x2b01, 0x33a2, 0x4d43, 0x55e3, 0x4d83, 0x3382, 0x2281, 0x3382, 0x4d63, 0x55e3, 0x55c3, 
	0x55c3, 0x55c3, 0x55c3, 0x55c3, 0x55c3, 0x55c3, 0x55c3, 0x55c3, 0x55c3, 0x55c3, 0x55c3, 0x55c3, 0x55c3, 0x55c3, 0x55c3, 0x55c3, 
	0x55c3, 0x55c3, 0x55c3, 0x55c3, 0x55c3, 0x55c3, 0x55c3, 0x55c3, 0x55c3, 0x55c3, 0x55c3, 0x55c3, 0x55c3, 0x55c3, 0x55c3, 0x55c3, 
	0x55c3, 0x55c3, 0x55c3, 0x55c3, 0x55c3, 0x55c3, 0x55c3, 0x55c3, 0x55c3, 0x55c3, 0x55c3, 0x55c3, 0x55c3, 0x55c3, 0x55c3, 0x55c3, 
	0x55c3, 0x55c3, 0x55c3, 0x55c3, 0x55c3, 0x55c3, 0x55c3, 0x55c3, 0x55c3, 0x55c3, 0x55c3, 0x55c3, 0x55c3, 0x55c3, 0x55c3, 0x55c3, 
	0x55c3, 0x55c3, 0x55c3, 0x55c3, 0x55c3, 0x55c3, 0x55c3, 0x55c3, 0x55c3, 0x55c3, 0x55c3, 0x55c3, 0x55c3, 0x55c3, 0x55c3, 0x55c3, 
	0x55c3, 0x55c3, 0x55c3, 0x55c3, 0x55c3, 0x55c3, 0x55c3, 0x55c3, 0x55c3, 0x55c3, 0x55c3, 0x55c3, 0x55c3, 0x55c3, 0x55c3, 0x55c3, 
	0x55c3, 0x55c3, 0x55c3, 0x55c3, 0x55c3, 0x55c3, 0x55c3, 0x55c3, 0x55c3, 0x55c3, 0x55c3, 0x55c3, 0x55c3, 0x55c3, 0x55c3, 0x55c3, 
	0x55c3, 0x55c3, 0x55c3, 0x55c3, 0x55c3, 0x55c3, 0x55c3, 0x55c3, 0x55c3, 0x55c3, 0x55c3, 0x55c3, 0x55c3, 0x55c3, 0x55c3, 0x55c3, 
	0x55c3, 0x55c3, 0x55c3, 0x55c3, 0x55c3, 0x55c3, 0x55c3, 0x55c3, 0x55c3, 0x55c3, 0x55c3, 0x55c3, 0x55c3, 0x55c3, 0x55c3, 0x55c3, 
	0x55c3, 0x55c3, 0x55c3, 0x55c3, 0x55c3, 0x55c3, 0x55c3, 0x55c3, 0x55c3, 0x55c3, 0x55c3, 0x55c3, 0x55c3, 0x55c3, 0x55c3, 0x55c3, 
	0x55c3, 0x55c3, 0x55c3, 0x55c3, 0x55c3, 0x4dc3, 0x4dc3, 0x55c3, 0x55c3, 0x55c3, 0x55c3, 0x55c3, 0x55c3, 0x55c3, 0x55c3, 0x55c3, 
	0x55c3, 0x55c3, 0x55c3, 0x55c3, 0x55c3, 0x55c3, 0x55c3, 0x55c3, 0x55c3, 0x55c3, 0x55c3, 0x55c3, 0x55c3, 0x55c3, 0x55c3, 0x55c3, 
	0x4dc3, 0x5603, 0x1a21, 0x08c0, 0x55e3, 0x33a2, 0x0000, 0x2ae1, 0x5603, 0x1180, 0x1181, 0x4523, 0x08e0, 0x0040, 0x1161, 0x0020, 
	0x1180, 0x4da3, 0x3c02, 0x0000, 0x08e0, 0x0040, 0x08e0, 0x4d63, 0x3c22, 0x0000, 0x3c62, 0x33c2, 0x0000, 0x33e2, 0x3382, 0x0000, 
	0x1120, 0x0900, 0x3c42, 0x33a2, 0x0000, 0x0900, 0x0020, 0x1160, 0x4da3, 0x2261, 0x0020, 0x1160, 0x08e0, 0x44e3, 0x55e3, 0x55c3, 
	0x55c3, 0x55c3, 0x55c3, 0x55c3, 0x55c3, 0x55c3, 0x55c3, 0x55c3, 0x55c3, 0x55c3, 0x55c3, 0x55c3, 0x55c3, 0x55c3, 0x55c3, 0x55c3, 
	0x55c3, 0x55c3, 0x55c3, 0x55c3, 0x55c3, 0x55c3, 0x55c3, 0x55c3, 0x55c3, 0x55c3, 0x55c3, 0x55c3, 0x55c3, 0x55c3, 0x55c3, 0x55c3, 
	0x55c3, 0x55c3, 0x55c3, 0x55c3, 0x55c3, 0x55c3, 0x55c3, 0x55c3, 0x55c3, 0x55c3, 0x55c3, 0x55c3, 0x55c3, 0x55c3, 0x55c3, 0x55c3, 
	0x55c3, 0x55c3, 0x55c3, 0x55c3, 0x55c3, 0x55c3, 0x55c3, 0x55c3, 0x55c3, 0x55c3, 0x55c3, 0x55c3, 0x55c3, 0x55c3, 0x55c3, 0x55c3, 
	0x55c3, 0x55c3, 0x55c3, 0x55c3, 0x55c3, 0x55c3, 0x55c3, 0x55c3, 0x55c3, 0x55c3, 0x55c3, 0x55c3, 0x55c3, 0x55c3, 0x55c3, 0x55c3, 
	0x55c3, 0x55c3, 0x55c3, 0x55c3, 0x55c3, 0x55c3, 0x55c3, 0x55c3, 0x55c3, 0x55c3, 0x55c3, 0x55c3, 0x55c3, 0x55c3, 0x55c3, 0x55c3, 
	0x55c3, 0x55c3, 0x55c3, 0x55c3, 0x55c3, 0x55c3, 0x55c3, 0x55c3, 0x55c3, 0x55c3, 0x55c3, 0x55c3, 0x55c3, 0x55c3, 0x55c3, 0x55c3, 
	0x55c3, 0x55c3, 0x55c3, 0x55c3, 0x55c3, 0x55c3, 0x55c3, 0x55c3, 0x55c3, 0x55c3, 0x55c3, 0x55c3, 0x55c3, 0x55c3, 0x55c3, 0x55c3, 
	0x55c3, 0x55c3, 0x55c3, 0x55c3, 0x55c3, 0x55c3, 0x55c3, 0x55c3, 0x55c3, 0x55c3, 0x55c3, 0x55c3, 0x55c3, 0x55c3, 0x55c3, 0x55c3, 
	0x55c3, 0x55c3, 0x55c3, 0x55c3, 0x55c3, 0x55c3, 0x55c3, 0x55c3, 0x55c3, 0x55c3, 0x55c3, 0x55c3, 0x55c3, 0x55c3, 0x55c3, 0x55c3, 
	0x55c3, 0x55c3, 0x55c3, 0x55c3, 0x55c3, 0x55c3, 0x55c3, 0x55c3, 0x55c3, 0x55c3, 0x55c3, 0x55c3, 0x55c3, 0x55c3, 0x55c3, 0x55c3, 
	0x55c3, 0x55c3, 0x55c3, 0x55c3, 0x55c3, 0x55c3, 0x55c3, 0x55c3, 0x55c3, 0x55c3, 0x55c3, 0x55c3, 0x55c3, 0x55c3, 0x55c3, 0x55c3, 
	0x4dc3, 0x5603, 0x33a2, 0x0000, 0x4503, 0x2261, 0x0000, 0x19e1, 0x4543, 0x0060, 0x2b22, 0x2b42, 0x0000, 0x3c62, 0x5603, 0x33c2, 
	0x0000, 0x33e2, 0x3c42, 0x0000, 0x3c82, 0x33c2, 0x0000, 0x3c82, 0x3c22, 0x0020, 0x2b22, 0x0060, 0x22a1, 0x5643, 0x2b62, 0x0000, 
	0x3c82, 0x4d43, 0x4dc3, 0x2b62, 0x0000, 0x4543, 0x2b01, 0x0000, 0x44e3, 0x1140, 0x1120, 0x4d63, 0x4d83, 0x4da3, 0x55c3, 0x55c3, 
	0x55c3, 0x55c3, 0x55c3, 0x55c3, 0x55c3, 0x55c3, 0x55c3, 0x55c3, 0x55c3, 0x55c3, 0x55c3, 0x55c3, 0x55c3, 0x55c3, 0x55c3, 0x55c3, 
	0x55c3, 0x55c3, 0x55c3, 0x55c3, 0x55c3, 0x55c3, 0x55c3, 0x55c3, 0x55c3, 0x55c3, 0x55c3, 0x55c3, 0x55c3, 0x55c3, 0x55c3, 0x55c3, 
	0x55c3, 0x55c3, 0x55c3, 0x55c3, 0x55c3, 0x55c3, 0x55c3, 0x55c3, 0x55c3, 0x55c3, 0x55c3, 0x55c3, 0x55c3, 0x55c3, 0x55c3, 0x55c3, 
	0x55c3, 0x55c3, 0x55c3, 0x55c3, 0x55c3, 0x55c3, 0x55c3, 0x55c3, 0x55c3, 0x55c3, 0x55c3, 0x55c3, 0x55c3, 0x55c3, 0x55c3, 0x55c3, 
	0x55c3, 0x55c3, 0x55c3, 0x55c3, 0x55c3, 0x55c3, 0x55c3, 0x55c3, 0x55c3, 0x55c3, 0x55c3, 0x55c3, 0x55c3, 0x55c3, 0x55c3, 0x55c3, 
	0x55c3, 0x55c3, 0x55c3, 0x55c3, 0x55c3, 0x55c3, 0x55c3, 0x55c3, 0x55c3, 0x55c3, 0x55c3, 0x55c3, 0x55c3, 0x55c3, 0x55c3, 0x55c3, 
	0x55c3, 0x55c3, 0x55c3, 0x55c3, 0x55c3, 0x55c3, 0x55c3, 0x55c3, 0x55c3, 0x55c3, 0x55c3, 0x55c3, 0x55c3, 0x55c3, 0x55c3, 0x55c3, 
	0x55c3, 0x55c3, 0x55c3, 0x55c3, 0x55c3, 0x55c3, 0x55c3, 0x55c3, 0x55c3, 0x55c3, 0x55c3, 0x55c3, 0x55c3, 0x55c3, 0x55c3, 0x55c3, 
	0x55c3, 0x55c3, 0x55c3, 0x55c3, 0x55c3, 0x55c3, 0x55c3, 0x55c3, 0x55c3, 0x55c3, 0x55c3, 0x55c3, 0x55c3, 0x55c3, 0x55c3, 0x55c3, 
	0x55c3, 0x55c3, 0x55c3, 0x55c3, 0x55c3, 0x55c3, 0x55c3, 0x55c3, 0x55c3, 0x55c3, 0x55c3, 0x55c3, 0x55c3, 0x55c3, 0x55c3, 0x55c3, 
	0x55c3, 0x55c3, 0x55c3, 0x55c3, 0x55c3, 0x55c3, 0x55c3, 0x55c3, 0x55c3, 0x55c3, 0x55c3, 0x55c3, 0x55c3, 0x55c3, 0x55c3, 0x55c3, 
	0x55c3, 0x55c3, 0x55c3, 0x55c3, 0x55c3, 0x55c3, 0x55c3, 0x55c3, 0x55c3, 0x55c3, 0x55c3, 0x55c3, 0x55c3, 0x55c3, 0x55c3, 0x55c3, 
	0x55c3, 0x55e3, 0x44e3, 0x0020, 0x2b62, 0x1140, 0x19c1, 0x0900, 0x33c2, 0x0020, 0x3c62, 0x1a21, 0x08a0, 0x4d83, 0x55c3, 0x4d43, 
	0x0000, 0x2ae1, 0x3c62, 0x0000, 0x11a1, 0x0900, 0x0900, 0x4d63, 0x3c02, 0x0000, 0x0020, 0x08a0, 0x4d43, 0x5603, 0x2b62, 0x0000, 
	0x08c0, 0x08c0, 0x44c3, 0x3382, 0x0000, 0x19e1, 0x08c0, 0x1181, 0x4da3, 0x33a2, 0x0000, 0x08c0, 0x3402, 0x55c3, 0x55c3, 0x55c3, 
	0x55c3, 0x55c3, 0x55c3, 0x55c3, 0x55c3, 0x55c3, 0x55c3, 0x55c3, 0x55c3, 0x55c3, 0x55c3, 0x55c3, 0x55c3, 0x55c3, 0x55c3, 0x55c3, 
	0x55c3, 0x55c3, 0x55c3, 0x55c3, 0x55c3, 0x55c3, 0x55c3, 0x55c3, 0x55c3, 0x55c3, 0x55c3, 0x55c3, 0x55c3, 0x55c3, 0x55c3, 0x55c3, 
	0x55c3, 0x55c3, 0x55c3, 0x55c3, 0x55c3, 0x55c3, 0x55c3, 0x55c3, 0x55c3, 0x55c3, 0x55c3, 0x55c3, 0x55c3, 0x55c3, 0x55c3, 0x55c3, 
	0x55c3, 0x55c3, 0x55c3, 0x55c3, 0x55c3, 0x55c3, 0x55c3, 0x55c3, 0x55c3, 0x55c3, 0x55c3, 0x55c3, 0x55c3, 0x55c3, 0x55c3, 0x55c3, 
	0x55c3, 0x55c3, 0x55c3, 0x55c3, 0x55c3, 0x55c3, 0x55c3, 0x55c3, 0x55c3, 0x55c3, 0x55c3, 0x55c3, 0x55c3, 0x55c3, 0x55c3, 0x55c3, 
	0x55c3, 0x55c3, 0x55c3, 0x55c3, 0x55c3, 0x55c3, 0x55c3, 0x55c3, 0x55c3, 0x55c3, 0x55c3, 0x55c3, 0x55c3, 0x55c3, 0x55c3, 0x55c3, 
	0x55c3, 0x55c3, 0x55c3, 0x55c3, 0x55c3, 0x55c3, 0x55c3, 0x55c3, 0x55c3, 0x55c3, 0x55c3, 0x55c3, 0x55c3, 0x55c3, 0x55c3, 0x55c3, 
	0x55c3, 0x55c3, 0x55c3, 0x55c3, 0x55c3, 0x55c3, 0x55c3, 0x55c3, 0x55c3, 0x55c3, 0x55c3, 0x55c3, 0x55c3, 0x55c3, 0x55c3, 0x55c3, 
	0x55c3, 0x55c3, 0x55c3, 0x55c3, 0x55c3, 0x55c3, 0x55c3, 0x55c3, 0x55c3, 0x55c3, 0x55c3, 0x55c3, 0x55c3, 0x55c3, 0x55c3, 0x55c3, 
	0x55c3, 0x55c3, 0x55c3, 0x55c3, 0x55c3, 0x55c3, 0x55c3, 0x55c3, 0x55c3, 0x55c3, 0x55c3, 0x55c3, 0x55c3, 0x55c3, 0x55c3, 0x55c3, 
	0x55c3, 0x55c3, 0x55c3, 0x55c3, 0x55c3, 0x55c3, 0x55c3, 0x55c3, 0x55c3, 0x55c3, 0x55c3, 0x55c3, 0x55c3, 0x55c3, 0x55c3, 0x55c3, 
	0x55c3, 0x55c3, 0x55c3, 0x55c3, 0x55c3, 0x55c3, 0x55c3, 0x55c3, 0x55c3, 0x55c3, 0x55c3, 0x55c3, 0x55c3, 0x55c3, 0x55c3, 0x55c3, 
	0x55c3, 0x55c3, 0x4da3, 0x0920, 0x1180, 0x08c0, 0x3402, 0x0900, 0x1180, 0x08a0, 0x4d83, 0x1a41, 0x0060, 0x4d63, 0x5603, 0x4503, 
	0x0000, 0x2b22, 0x3c62, 0x0000, 0x1140, 0x0000, 0x2b62, 0x5623, 0x3402, 0x0000, 0x11a1, 0x0020, 0x2b22, 0x5623, 0x2b42, 0x0000, 
	0x2b42, 0x33e2, 0x4d83, 0x2b62, 0x0000, 0x1160, 0x0000, 0x3c02, 0x55e3, 0x5603, 0x3ca2, 0x1181, 0x0020, 0x3c82, 0x55e3, 0x4dc3, 
	0x55c3, 0x55c3, 0x55c3, 0x55c3, 0x55c3, 0x55c3, 0x55c3, 0x55c3, 0x55c3, 0x55c3, 0x55c3, 0x55c3, 0x55c3, 0x55c3, 0x55c3, 0x55c3, 
	0x55c3, 0x55c3, 0x55c3, 0x55c3, 0x55c3, 0x55c3, 0x55c3, 0x55c3, 0x55c3, 0x55c3, 0x55c3, 0x55c3, 0x55c3, 0x55c3, 0x55c3, 0x55c3, 
	0x55c3, 0x55c3, 0x55c3, 0x55c3, 0x55c3, 0x55c3, 0x55c3, 0x55c3, 0x55c3, 0x55c3, 0x55c3, 0x55c3, 0x55c3, 0x55c3, 0x55c3, 0x55c3, 
	0x55c3, 0x55c3, 0x55c3, 0x55c3, 0x55c3, 0x55c3, 0x55c3, 0x55c3, 0x55c3, 0x55c3, 0x55c3, 0x55c3, 0x55c3, 0x55c3, 0x55c3, 0x55c3, 
	0x55c3, 0x55c3, 0x55c3, 0x55c3, 0x55c3, 0x55c3, 0x55c3, 0x55c3, 0x55c3, 0x55c3, 0x55c3, 0x55c3, 0x55c3, 0x55c3, 0x55c3, 0x55c3, 
	0x55c3, 0x55c3, 0x55c3, 0x55c3, 0x55c3, 0x55c3, 0x55c3, 0x55c3, 0x55c3, 0x55c3, 0x55c3, 0x55c3, 0x55c3, 0x55c3, 0x55c3, 0x55c3, 
	0x55c3, 0x55c3, 0x55c3, 0x55c3, 0x55c3, 0x55c3, 0x55c3, 0x55c3, 0x55c3, 0x55c3, 0x55c3, 0x55c3, 0x55c3, 0x55c3, 0x55c3, 0x55c3, 
	0x55c3, 0x55c3, 0x55c3, 0x55c3, 0x55c3, 0x55c3, 0x55c3, 0x55c3, 0x55c3, 0x55c3, 0x55c3, 0x55c3, 0x55c3, 0x55c3, 0x55c3, 0x55c3, 
	0x55c3, 0x55c3, 0x55c3, 0x55c3, 0x55c3, 0x55c3, 0x55c3, 0x55c3, 0x55c3, 0x55c3, 0x55c3, 0x55c3, 0x55c3, 0x55c3, 0x55c3, 0x55c3, 
	0x55c3, 0x55c3, 0x55c3, 0x55c3, 0x55c3, 0x55c3, 0x55c3, 0x55c3, 0x55c3, 0x55c3, 0x55c3, 0x55c3, 0x55c3, 0x55c3, 0x55c3, 0x55c3, 
	0x55c3, 0x55c3, 0x55c3, 0x55c3, 0x55c3, 0x55c3, 0x55c3, 0x55c3, 0x55c3, 0x55c3, 0x55c3, 0x55c3, 0x55c3, 0x55c3, 0x55c3, 0x55c3, 
	0x55c3, 0x55c3, 0x55c3, 0x55c3, 0x55c3, 0x55c3, 0x55c3, 0x55c3, 0x55c3, 0x55c3, 0x55c3, 0x55c3, 0x55c3, 0x55c3, 0x55c3, 0x55c3, 
	0x55c3, 0x4dc3, 0x5603, 0x2281, 0x0000, 0x1140, 0x4d63, 0x1a01, 0x0000, 0x19e1, 0x5603, 0x33c2, 0x0000, 0x22c1, 0x44e3, 0x1a21, 
	0x0000, 0x44a3, 0x3c22, 0x0000, 0x3c82, 0x2261, 0x0080, 0x4d63, 0x3c22, 0x0000, 0x3c62, 0x2261, 0x0020, 0x4523, 0x2b82, 0x0000, 
	0x3402, 0x3ca2, 0x4d83, 0x2b62, 0x0000, 0x4503, 0x11a1, 0x0900, 0x4d43, 0x3382, 0x3c82, 0x33c2, 0x0000, 0x33c2, 0x5603, 0x4dc3, 
	0x55c3, 0x55c3, 0x55c3, 0x55c3, 0x55c3, 0x55c3, 0x55c3, 0x55c3, 0x55c3, 0x55c3, 0x55c3, 0x55c3, 0x55c3, 0x55c3, 0x55c3, 0x55c3, 
	0x55c3, 0x55c3, 0x55c3, 0x55c3, 0x55c3, 0x55c3, 0x55c3, 0x55c3, 0x55c3, 0x55c3, 0x55c3, 0x55c3, 0x55c3, 0x55c3, 0x55c3, 0x55c3, 
	0x55c3, 0x55c3, 0x55c3, 0x55c3, 0x55c3, 0x55c3, 0x55c3, 0x55c3, 0x55c3, 0x55c3, 0x55c3, 0x55c3, 0x55c3, 0x55c3, 0x55c3, 0x55c3, 
	0x55c3, 0x55c3, 0x55c3, 0x55c3, 0x55c3, 0x55c3, 0x55c3, 0x55c3, 0x55c3, 0x55c3, 0x55c3, 0x55c3, 0x55c3, 0x55c3, 0x55c3, 0x55c3, 
	0x55c3, 0x55c3, 0x55c3, 0x55c3, 0x55c3, 0x55c3, 0x55c3, 0x55c3, 0x55c3, 0x55c3, 0x55c3, 0x55c3, 0x55c3, 0x55c3, 0x55c3, 0x55c3, 
	0x55c3, 0x55c3, 0x55c3, 0x55c3, 0x55c3, 0x55c3, 0x55c3, 0x55c3, 0x55c3, 0x55c3, 0x55c3, 0x55c3, 0x55c3, 0x55c3, 0x55c3, 0x55c3, 
	0x55c3, 0x55c3, 0x55c3, 0x55c3, 0x55c3, 0x55c3, 0x55c3, 0x55c3, 0x55c3, 0x55c3, 0x55c3, 0x55c3, 0x55c3, 0x55c3, 0x55c3, 0x55c3, 
	0x55c3, 0x55c3, 0x55c3, 0x55c3, 0x55c3, 0x55c3, 0x55c3, 0x55c3, 0x55c3, 0x55c3, 0x55c3, 0x55c3, 0x55c3, 0x55c3, 0x55c3, 0x55c3, 
	0x55c3, 0x55c3, 0x55c3, 0x55c3, 0x55c3, 0x55c3, 0x55c3, 0x55c3, 0x55c3, 0x55c3, 0x55c3, 0x55c3, 0x55c3, 0x55c3, 0x55c3, 0x55c3, 
	0x55c3, 0x55c3, 0x55c3, 0x55c3, 0x55c3, 0x55c3, 0x55c3, 0x55c3, 0x55c3, 0x55c3, 0x55c3, 0x55c3, 0x55c3, 0x55c3, 0x55c3, 0x55c3, 
	0x55c3, 0x55c3, 0x55c3, 0x55c3, 0x55c3, 0x55c3, 0x55c3, 0x55c3, 0x55c3, 0x55c3, 0x55c3, 0x55c3, 0x55c3, 0x55c3, 0x55c3, 0x55c3, 
	0x55c3, 0x55c3, 0x55c3, 0x55c3, 0x55c3, 0x55c3, 0x55c3, 0x55c3, 0x55c3, 0x55c3, 0x55c3, 0x55c3, 0x55c3, 0x55c3, 0x55c3, 0x55c3, 
	0x55c3, 0x4dc3, 0x5603, 0x3402, 0x0000, 0x2281, 0x5623, 0x2b22, 0x0000, 0x2b62, 0x5603, 0x4da3, 0x22a1, 0x0040, 0x0040, 0x0060, 
	0x2b42, 0x5603, 0x3c22, 0x0040, 0x3c62, 0x4d63, 0x0880, 0x22c1, 0x3c62, 0x0040, 0x3c62, 0x4d63, 0x0880, 0x2281, 0x33c2, 0x0000, 
	0x0060, 0x0020, 0x33e2, 0x33e2, 0x0020, 0x4523, 0x44e3, 0x0040, 0x2b01, 0x19c1, 0x0020, 0x0040, 0x19e1, 0x4d63, 0x55c3, 0x55c3, 
	0x55c3, 0x55c3, 0x55c3, 0x55c3, 0x55c3, 0x55c3, 0x55c3, 0x55c3, 0x55c3, 0x55c3, 0x55c3, 0x55c3, 0x55c3, 0x55c3, 0x55c3, 0x55c3, 
	0x55c3, 0x55c3, 0x55c3, 0x55c3, 0x55c3, 0x55c3, 0x55c3, 0x55c3, 0x55c3, 0x55c3, 0x55c3, 0x55c3, 0x55c3, 0x55c3, 0x55c3, 0x55c3, 
	0x55c3, 0x55c3, 0x55c3, 0x55c3, 0x55c3, 0x55c3, 0x55c3, 0x55c3, 0x55c3, 0x55c3, 0x55c3, 0x55c3, 0x55c3, 0x55c3, 0x55c3, 0x55c3, 
	0x55c3, 0x55c3, 0x55c3, 0x55c3, 0x55c3, 0x55c3, 0x55c3, 0x55c3, 0x55c3, 0x55c3, 0x55c3, 0x55c3, 0x55c3, 0x55c3, 0x55c3, 0x55c3, 
	0x55c3, 0x55c3, 0x55c3, 0x55c3, 0x55c3, 0x55c3, 0x55c3, 0x55c3, 0x55c3, 0x55c3, 0x55c3, 0x55c3, 0x55c3, 0x55c3, 0x55c3, 0x55c3, 
	0x55c3, 0x55c3, 0x55c3, 0x55c3, 0x55c3, 0x55c3, 0x55c3, 0x55c3, 0x55c3, 0x55c3, 0x55c3, 0x55c3, 0x55c3, 0x55c3, 0x55c3, 0x55c3, 
	0x55c3, 0x55c3, 0x55c3, 0x55c3, 0x55c3, 0x55c3, 0x55c3, 0x55c3, 0x55c3, 0x55c3, 0x55c3, 0x55c3, 0x55c3, 0x55c3, 0x55c3, 0x55c3, 
	0x55c3, 0x55c3, 0x55c3, 0x55c3, 0x55c3, 0x55c3, 0x55c3, 0x55c3, 0x55c3, 0x55c3, 0x55c3, 0x55c3, 0x55c3, 0x55c3, 0x55c3, 0x55c3, 
	0x55c3, 0x55c3, 0x55c3, 0x55c3, 0x55c3, 0x55c3, 0x55c3, 0x55c3, 0x55c3, 0x55c3, 0x55c3, 0x55c3, 0x55c3, 0x55c3, 0x55c3, 0x55c3, 
	0x55c3, 0x55c3, 0x55c3, 0x55c3, 0x55c3, 0x55c3, 0x55c3, 0x55c3, 0x55c3, 0x55c3, 0x55c3, 0x55c3, 0x55c3, 0x55c3, 0x55c3, 0x55c3, 
	0x55c3, 0x55c3, 0x55c3, 0x55c3, 0x55c3, 0x55c3, 0x55c3, 0x55c3, 0x55c3, 0x55c3, 0x55c3, 0x55c3, 0x55c3, 0x55c3, 0x55c3, 0x55c3, 
	0x55c3, 0x55c3, 0x55c3, 0x55c3, 0x55c3, 0x55c3, 0x55c3, 0x55c3, 0x55c3, 0x55c3, 0x55c3, 0x55c3, 0x55c3, 0x55c3, 0x55c3, 0x55c3, 
	0x55c3, 0x55c3, 0x55c3, 0x4da3, 0x4523, 0x4d83, 0x55c3, 0x4d83, 0x4523, 0x4d83, 0x55c3, 0x55c3, 0x55c3, 0x4523, 0x44a2, 0x4d43, 
	0x55e3, 0x55c3, 0x4da3, 0x4523, 0x4da3, 0x4dc3, 0x4d63, 0x4523, 0x4d83, 0x4523, 0x4da3, 0x4dc3, 0x4d63, 0x4523, 0x4d83, 0x4523, 
	0x4503, 0x4503, 0x4d83, 0x4d83, 0x4523, 0x4da3, 0x4dc3, 0x4d43, 0x4543, 0x4d83, 0x44c3, 0x44e3, 0x4da3, 0x55c3, 0x55c3, 0x55c3, 
	0x55c3, 0x55c3, 0x55c3, 0x55c3, 0x55c3, 0x55c3, 0x55c3, 0x55c3, 0x55c3, 0x55c3, 0x55c3, 0x55c3, 0x55c3, 0x55c3, 0x55c3, 0x55c3, 
	0x55c3, 0x55c3, 0x55c3, 0x55c3, 0x55c3, 0x55c3, 0x55c3, 0x55c3, 0x55c3, 0x55c3, 0x55c3, 0x55c3, 0x55c3, 0x55c3, 0x55c3, 0x55c3, 
	0x55c3, 0x55c3, 0x55c3, 0x55c3, 0x55c3, 0x55c3, 0x55c3, 0x55c3, 0x55c3, 0x55c3, 0x55c3, 0x55c3, 0x55c3, 0x55c3, 0x55c3, 0x55c3, 
	0x55c3, 0x55c3, 0x55c3, 0x55c3, 0x55c3, 0x55c3, 0x55c3, 0x55c3, 0x55c3, 0x55c3, 0x55c3, 0x55c3, 0x55c3, 0x55c3, 0x55c3, 0x55c3, 
	0x55c3, 0x55c3, 0x55c3, 0x55c3, 0x55c3, 0x55c3, 0x55c3, 0x55c3, 0x55c3, 0x55c3, 0x55c3, 0x55c3, 0x55c3, 0x55c3, 0x55c3, 0x55c3, 
	0x55c3, 0x55c3, 0x55c3, 0x55c3, 0x55c3, 0x55c3, 0x55c3, 0x55c3, 0x55c3, 0x55c3, 0x55c3, 0x55c3, 0x55c3, 0x55c3, 0x55c3, 0x55c3, 
	0x55c3, 0x55c3, 0x55c3, 0x55c3, 0x55c3, 0x55c3, 0x55c3, 0x55c3, 0x55c3, 0x55c3, 0x55c3, 0x55c3, 0x55c3, 0x55c3, 0x55c3, 0x55c3, 
	0x55c3, 0x55c3, 0x55c3, 0x55c3, 0x55c3, 0x55c3, 0x55c3, 0x55c3, 0x55c3, 0x55c3, 0x55c3, 0x55c3, 0x55c3, 0x55c3, 0x55c3, 0x55c3, 
	0x55c3, 0x55c3, 0x55c3, 0x55c3, 0x55c3, 0x55c3, 0x55c3, 0x55c3, 0x55c3, 0x55c3, 0x55c3, 0x55c3, 0x55c3, 0x55c3, 0x55c3, 0x55c3, 
	0x55c3, 0x55c3, 0x55c3, 0x55c3, 0x55c3, 0x55c3, 0x55c3, 0x55c3, 0x55c3, 0x55c3, 0x55c3, 0x55c3, 0x55c3, 0x55c3, 0x55c3, 0x55c3, 
	0x55c3, 0x55c3, 0x55c3, 0x55c3, 0x55c3, 0x55c3, 0x55c3, 0x55c3, 0x55c3, 0x55c3, 0x55c3, 0x55c3, 0x55c3, 0x55c3, 0x55c3, 0x55c3, 
	0x55c3, 0x55c3, 0x55c3, 0x55c3, 0x55c3, 0x55c3, 0x55c3, 0x55c3, 0x55c3, 0x55c3, 0x55c3, 0x55c3, 0x55c3, 0x55c3, 0x55c3, 0x55c3, 
	0x55c3, 0x55c3, 0x55c3, 0x55c3, 0x55e3, 0x55e3, 0x55c3, 0x55e3, 0x55e3, 0x55e3, 0x55c3, 0x55c3, 0x4dc3, 0x55e3, 0x55e3, 0x55e3, 
	0x55c3, 0x55c3, 0x55e3, 0x55e3, 0x55e3, 0x55c3, 0x55e3, 0x55e3, 0x55e3, 0x55e3, 0x55e3, 0x55c3, 0x55e3, 0x55e3, 0x55e3, 0x55e3, 
	0x55e3, 0x55e3, 0x55e3, 0x55e3, 0x55e3, 0x55c3, 0x55c3, 0x55e3, 0x55e3, 0x55c3, 0x55e3, 0x55e3, 0x55c3, 0x55c3, 0x55c3, 0x55c3, 
	0x55c3, 0x55c3, 0x55c3, 0x55c3, 0x55c3, 0x55c3, 0x55c3, 0x55c3, 0x55c3, 0x55c3, 0x55c3, 0x55c3, 0x55c3, 0x55c3, 0x55c3, 0x55c3, 
	0x55c3, 0x55c3, 0x55c3, 0x55c3, 0x55c3, 0x55c3, 0x55c3, 0x55c3, 0x55c3, 0x55c3, 0x55c3, 0x55c3, 0x55c3, 0x55c3, 0x55c3, 0x55c3, 
	0x55c3, 0x55c3, 0x55c3, 0x55c3, 0x55c3, 0x55c3, 0x55c3, 0x55c3, 0x55c3, 0x55c3, 0x55c3, 0x55c3, 0x55c3, 0x55c3, 0x55c3, 0x55c3, 
	0x55c3, 0x55c3, 0x55c3, 0x55c3, 0x55c3, 0x55c3, 0x55c3, 0x55c3, 0x55c3, 0x55c3, 0x55c3, 0x55c3, 0x55c3, 0x55c3, 0x55c3, 0x55c3, 
	0x55c3, 0x55c3, 0x55c3, 0x55c3, 0x55c3, 0x55c3, 0x55c3, 0x55c3, 0x55c3, 0x55c3, 0x55c3, 0x55c3, 0x55c3, 0x55c3, 0x55c3, 0x55c3, 
	0x55c3, 0x55c3, 0x55c3, 0x55c3, 0x55c3, 0x55c3, 0x55c3, 0x55c3, 0x55c3, 0x55c3, 0x55c3, 0x55c3, 0x55c3, 0x55c3, 0x55c3, 0x55c3, 
	0x55c3, 0x55c3, 0x55c3, 0x55c3, 0x55c3, 0x55c3, 0x55c3, 0x55c3, 0x55c3, 0x55c3, 0x55c3, 0x55c3, 0x55c3, 0x55c3, 0x55c3, 0x55c3, 
	0x55c3, 0x55c3, 0x55c3, 0x55c3, 0x55c3, 0x55c3, 0x55c3, 0x55c3, 0x55c3, 0x55c3, 0x55c3, 0x55c3, 0x55c3, 0x55c3, 0x55c3, 0x55c3, 
	0x55c3, 0x55c3, 0x55c3, 0x55c3, 0x55c3, 0x55c3, 0x55c3, 0x55c3, 0x55c3, 0x55c3, 0x55c3, 0x55c3, 0x55c3, 0x55c3, 0x55c3, 0x55c3, 
	0x55c3, 0x55c3, 0x55c3, 0x55c3, 0x55c3, 0x55c3, 0x55c3, 0x55c3, 0x55c3, 0x55c3, 0x55c3, 0x55c3, 0x55c3, 0x55c3, 0x55c3, 0x55c3, 
	0x55c3, 0x55c3, 0x55c3, 0x55c3, 0x55c3, 0x55c3, 0x55c3, 0x55c3, 0x55c3, 0x55c3, 0x55c3, 0x55c3, 0x55c3, 0x55c3, 0x55c3, 0x55c3, 
	0x55c3, 0x55c3, 0x55c3, 0x55c3, 0x55c3, 0x55c3, 0x55c3, 0x55c3, 0x55c3, 0x55c3, 0x55c3, 0x55c3, 0x55c3, 0x55c3, 0x55c3, 0x55c3, 
	0x55c3, 0x55c3, 0x55c3, 0x55c3, 0x55c3, 0x55c3, 0x55c3, 0x55c3, 0x55c3, 0x55c3, 0x55c3, 0x55c3, 0x55c3, 0x55c3, 0x55c3, 0x55c3, 
	0x55c3, 0x55c3, 0x55c3, 0x55c3, 0x55c3, 0x55c3, 0x55c3, 0x55c3, 0x55c3, 0x55c3, 0x55c3, 0x55c3, 0x55c3, 0x55c3, 0x55c3, 0x55c3, 
	0x55c3, 0x55c3, 0x55c3, 0x55c3, 0x55c3, 0x55c3, 0x55c3, 0x55c3, 0x55c3, 0x55c3, 0x55c3, 0x55c3, 0x55c3, 0x55c3, 0x55c3, 0x55c3, 
	0x55c3, 0x55c3, 0x55c3, 0x55c3, 0x55c3, 0x55c3, 0x55c3, 0x55c3, 0x55c3, 0x55c3, 0x55c3, 0x55c3, 0x55c3, 0x55c3, 0x55c3, 0x55c3, 
	0x55c3, 0x55c3, 0x55c3, 0x55c3, 0x55c3, 0x55c3, 0x55c3, 0x55c3, 0x55c3, 0x55c3, 0x55c3, 0x55c3, 0x55c3, 0x55c3, 0x55c3, 0x55c3, 
	0x55c3, 0x55c3, 0x55c3, 0x55c3, 0x55c3, 0x55c3, 0x55c3, 0x55c3, 0x55c3, 0x55c3, 0x55c3, 0x55c3, 0x55c3, 0x55c3, 0x55c3, 0x55c3, 
	0x55c3, 0x55c3, 0x55c3, 0x55c3, 0x55c3, 0x55c3, 0x55c3, 0x55c3, 0x55c3, 0x55c3, 0x55c3, 0x55c3, 0x55c3, 0x55c3, 0x55c3, 0x55c3, 
	0x55c3, 0x55c3, 0x55c3, 0x55c3, 0x55c3, 0x55c3, 0x55c3, 0x55c3, 0x55c3, 0x55c3, 0x55c3, 0x55c3, 0x55c3, 0x55c3, 0x55c3, 0x55c3, 
	0x55c3, 0x55c3, 0x55c3, 0x55c3, 0x55c3, 0x55c3, 0x55c3, 0x55c3, 0x55c3, 0x55c3, 0x55c3, 0x55c3, 0x55c3, 0x55c3, 0x55c3, 0x55c3, 
	0x55c3, 0x55c3, 0x55c3, 0x55c3, 0x55c3, 0x55c3, 0x55c3, 0x55c3, 0x55c3, 0x55c3, 0x55c3, 0x55c3, 0x55c3, 0x55c3, 0x55c3, 0x55c3, 
	0x55c3, 0x55c3, 0x55c3, 0x55c3, 0x55c3, 0x55c3, 0x55c3, 0x55c3, 0x55c3, 0x55c3, 0x55c3, 0x55c3, 0x55c3, 0x55c3, 0x55c3, 0x55c3, 
	0x55c3, 0x55c3, 0x55c3, 0x55c3, 0x55c3, 0x55c3, 0x55c3, 0x55c3, 0x55c3, 0x55c3, 0x55c3, 0x55c3, 0x55c3, 0x55c3, 0x55c3, 0x55c3, 
	0x55c3, 0x55c3, 0x55c3, 0x55c3, 0x55c3, 0x55c3, 0x55c3, 0x55c3, 0x55c3, 0x55c3, 0x55c3, 0x55c3, 0x55c3, 0x55c3, 0x55c3, 0x55c3, 
	0x55c3, 0x55c3, 0x55c3, 0x55c3, 0x55c3, 0x55c3, 0x55c3, 0x55c3, 0x55c3, 0x55c3, 0x55c3, 0x55c3, 0x55c3, 0x55c3, 0x55c3, 0x55c3, 
	0x55c3, 0x55c3, 0x55c3, 0x55c3, 0x55c3, 0x55c3, 0x55c3, 0x55c3, 0x55c3, 0x55c3, 0x55c3, 0x55c3, 0x55c3, 0x55c3, 0x55c3, 0x55c3, 
	0x55c3, 0x55c3, 0x55c3, 0x55c3, 0x55c3, 0x55c3, 0x55c3, 0x55c3, 0x55c3, 0x55c3, 0x55c3, 0x55c3, 0x55c3, 0x55c3, 0x55c3, 0x55c3, 
	0x55c3, 0x55c3, 0x55c3, 0x55c3, 0x55c3, 0x55c3, 0x55c3, 0x55c3, 0x55c3, 0x55c3, 0x55c3, 0x55c3, 0x55c3, 0x55c3, 0x55c3, 0x55c3, 
	0x55c3, 0x55c3, 0x55c3, 0x55c3, 0x55c3, 0x55c3, 0x55c3, 0x55c3, 0x55c3, 0x55c3, 0x55c3, 0x55c3, 0x55c3, 0x55c3, 0x55c3, 0x55c3, 
	0x55c3, 0x55c3, 0x55c3, 0x55c3, 0x55c3, 0x55c3, 0x55c3, 0x55c3, 0x55c3, 0x55c3, 0x55c3, 0x55c3, 0x55c3, 0x55c3, 0x55c3, 0x55c3, 
	0x55c3, 0x55c3, 0x55c3, 0x55c3, 0x55c3, 0x55c3, 0x55c3, 0x55c3, 0x55c3, 0x55c3, 0x55c3, 0x55c3, 0x55c3, 0x55c3, 0x55c3, 0x55c3, 
	0x55c3, 0x55c3, 0x55c3, 0x55c3, 0x55c3, 0x55c3, 0x55c3, 0x55c3, 0x55c3, 0x55c3, 0x55c3, 0x55c3, 0x55c3, 0x55c3, 0x55c3, 0x55c3, 
	0x55c3, 0x55c3, 0x55c3, 0x55c3, 0x55c3, 0x55c3, 0x55c3, 0x55c3, 0x55c3, 0x55c3, 0x55c3, 0x55c3, 0x55c3, 0x55c3, 0x55c3, 0x55c3, 
	0x55c3, 0x55c3, 0x55c3, 0x55c3, 0x55c3, 0x55c3, 0x55c3, 0x55c3, 0x55c3, 0x55c3, 0x55c3, 0x55c3, 0x55c3, 0x55c3, 0x55c3, 0x55c3, 
	0x55c3, 0x55c3, 0x55c3, 0x55c3, 0x55c3, 0x55c3, 0x55c3, 0x55c3, 0x55c3, 0x55c3, 0x55c3, 0x55c3, 0x55c3, 0x55c3, 0x55c3, 0x55c3, 
	0x55c3, 0x55c3, 0x55c3, 0x55c3, 0x55c3, 0x55c3, 0x55c3, 0x55c3, 0x55c3, 0x55c3, 0x55c3, 0x55c3, 0x55c3, 0x55c3, 0x55c3, 0x55c3, 
	0x55c3, 0x55c3, 0x55c3, 0x55c3, 0x55c3, 0x55c3, 0x55c3, 0x55c3, 0x55c3, 0x55c3, 0x55c3, 0x55c3, 0x55c3, 0x55c3, 0x55c3, 0x55c3, 
	0x55c3, 0x55c3, 0x55c3, 0x55c3, 0x55c3, 0x55c3, 0x55c3, 0x55c3, 0x55c3, 0x55c3, 0x55c3, 0x55c3, 0x55c3, 0x55c3, 0x55c3, 0x55c3, 
	0x55c3, 0x55c3, 0x55c3, 0x55c3, 0x55c3, 0x55c3, 0x55c3, 0x55c3, 0x55c3, 0x55c3, 0x55c3, 0x55c3, 0x55c3, 0x55c3, 0x55c3, 0x55c3, 
	0x55c3, 0x55c3, 0x55c3, 0x55c3, 0x55c3, 0x55c3, 0x55c3, 0x55c3, 0x55c3, 0x55c3, 0x55c3, 0x55c3, 0x55c3, 0x55c3, 0x55c3, 0x55c3, 
	0x55c3, 0x55c3, 0x55c3, 0x55c3, 0x55c3, 0x55c3, 0x55c3, 0x55c3, 0x55c3, 0x55c3, 0x55c3, 0x55c3, 0x55c3, 0x55c3, 0x55c3, 0x55c3, 
	0x55c3, 0x55c3, 0x55c3, 0x55c3, 0x55c3, 0x55c3, 0x55c3, 0x55c3, 0x55c3, 0x55c3, 0x55c3, 0x55c3, 0x55c3, 0x55c3, 0x55c3, 0x55c3, 
	0x55c3, 0x55c3, 0x55c3, 0x55c3, 0x55c3, 0x55c3, 0x55c3, 0x55c3, 0x55c3, 0x55c3, 0x55c3, 0x55c3, 0x55c3, 0x55c3, 0x55c3, 0x55c3, 
	0x55c3, 0x55c3, 0x55c3, 0x55c3, 0x55c3, 0x55c3, 0x55c3, 0x55c3, 0x55c3, 0x55c3, 0x55c3, 0x55c3, 0x55c3, 0x55c3, 0x55c3, 0x55c3, 
	0x55c3, 0x55c3, 0x55c3, 0x55c3, 0x55c3, 0x55c3, 0x55c3, 0x55c3, 0x55c3, 0x55c3, 0x55c3, 0x55c3, 0x55c3, 0x55c3, 0x55c3, 0x55c3, 
	0x55c3, 0x55c3, 0x55c3, 0x55c3, 0x55c3, 0x55c3, 0x55c3, 0x55c3, 0x55c3, 0x55c3, 0x55c3, 0x55c3, 0x55c3, 0x55c3, 0x55c3, 0x55c3, 
	0x55c3, 0x55c3, 0x55c3, 0x55c3, 0x55c3, 0x55c3, 0x55c3, 0x55c3, 0x55c3, 0x55c3, 0x55c3, 0x55c3, 0x55c3, 0x55c3, 0x55c3, 0x55c3, 
	0x55c3, 0x55c3, 0x55c3, 0x55c3, 0x55c3, 0x55c3, 0x55c3, 0x55c3, 0x55c3, 0x55c3, 0x55c3, 0x55c3, 0x55c3, 0x55c3, 0x55c3, 0x55c3, 
	0x55c3, 0x55c3, 0x55c3, 0x55c3, 0x55c3, 0x55c3, 0x55c3, 0x55c3, 0x55c3, 0x55c3, 0x55c3, 0x55c3, 0x55c3, 0x55c3, 0x55c3, 0x55c3, 
	0x55c3, 0x55c3, 0x55c3, 0x55c3, 0x55c3, 0x55c3, 0x55c3, 0x55c3, 0x55c3, 0x55c3, 0x55c3, 0x55c3, 0x55c3, 0x55c3, 0x55c3, 0x55c3, 
	0x55c3, 0x55c3, 0x55c3, 0x55c3, 0x55c3, 0x55c3, 0x55c3, 0x55c3, 0x55c3, 0x55c3, 0x55c3, 0x55c3, 0x55c3, 0x55c3, 0x55c3, 0x55c3, 
	0x55c3, 0x55c3, 0x55c3, 0x55c3, 0x55c3, 0x55c3, 0x55c3, 0x55c3, 0x55c3, 0x55c3, 0x55c3, 0x55c3, 0x55c3, 0x55c3, 0x55c3, 0x55c3, 
	0x55c3, 0x55c3, 0x55c3, 0x55c3, 0x55c3, 0x55c3, 0x55c3, 0x55c3, 0x55c3, 0x55c3, 0x55c3, 0x55c3, 0x55c3, 0x55c3, 0x55c3, 0x55c3, 
	0x55c3, 0x55c3, 0x55c3, 0x55c3, 0x55c3, 0x55c3, 0x55c3, 0x55c3, 0x55c3, 0x55c3, 0x55c3, 0x55c3, 0x55c3, 0x55c3, 0x55c3, 0x55c3, 
	0x55c3, 0x55c3, 0x55c3, 0x55c3, 0x55c3, 0x55c3, 0x55c3, 0x55c3, 0x55c3, 0x55c3, 0x55c3, 0x55c3, 0x55c3, 0x55c3, 0x55c3, 0x55c3, 
	0x55c3, 0x55c3, 0x55c3, 0x55c3, 0x55c3, 0x55c3, 0x55c3, 0x55c3, 0x55c3, 0x55c3, 0x55c3, 0x55c3, 0x55c3, 0x55c3, 0x55c3, 0x55c3, 
	0x55c3, 0x55c3, 0x55c3, 0x55c3, 0x55c3, 0x55c3, 0x55c3, 0x55c3, 0x55c3, 0x55c3, 0x55c3, 0x55c3, 0x55c3, 0x55c3, 0x55c3, 0x55c3, 
	0x55c3, 0x55c3, 0x55c3, 0x55c3, 0x55c3, 0x55c3, 0x55c3, 0x55c3, 0x55c3, 0x55c3, 0x55c3, 0x55c3, 0x55c3, 0x55c3, 0x55c3, 0x55c3, 
	0x55c3, 0x55c3, 0x55c3, 0x55c3, 0x55c3, 0x55c3, 0x55c3, 0x55c3, 0x55c3, 0x55c3, 0x55c3, 0x55c3, 0x55c3, 0x55c3, 0x55c3, 0x55c3, 
	0x55c3, 0x55c3, 0x55c3, 0x55c3, 0x55c3, 0x55c3, 0x55c3, 0x55c3, 0x55c3, 0x55c3, 0x55c3, 0x55c3, 0x55c3, 0x55c3, 0x55c3, 0x55c3, 
	0x55c3, 0x55c3, 0x55c3, 0x55c3, 0x55c3, 0x55c3, 0x55c3, 0x55c3, 0x55c3, 0x55c3, 0x55c3, 0x55c3, 0x55c3, 0x55c3, 0x55c3, 0x55c3, 
	0x55c3, 0x55c3, 0x55c3, 0x55c3, 0x55c3, 0x55c3, 0x55c3, 0x55c3, 0x55c3, 0x55c3, 0x55c3, 0x55c3, 0x55c3, 0x55c3, 0x55c3, 0x55c3, 
	0x55c3, 0x55c3, 0x55c3, 0x55c3, 0x55c3, 0x55c3, 0x55c3, 0x55c3, 0x55c3, 0x55c3, 0x55c3, 0x55c3, 0x55c3, 0x55c3, 0x55c3, 0x55c3, 
	0x55c3, 0x55c3, 0x55c3, 0x55c3, 0x55c3, 0x55c3, 0x55c3, 0x55c3, 0x55c3, 0x55c3, 0x55c3, 0x55c3, 0x55c3, 0x55c3, 0x55c3, 0x55c3, 
	0x55c3, 0x55c3, 0x55c3, 0x55c3, 0x55c3, 0x55c3, 0x55c3, 0x55c3, 0x55c3, 0x55c3, 0x55c3, 0x55c3, 0x55c3, 0x55c3, 0x55c3, 0x55c3, 
	0x55c3, 0x55c3, 0x55c3, 0x55c3, 0x55c3, 0x55c3, 0x55c3, 0x55c3, 0x55c3, 0x55c3, 0x55c3, 0x55c3, 0x55c3, 0x55c3, 0x55c3, 0x55c3, 
	0x55c3, 0x55c3, 0x55c3, 0x55c3, 0x55c3, 0x55c3, 0x55c3, 0x55c3, 0x55c3, 0x55c3, 0x55c3, 0x55c3, 0x55c3, 0x55c3, 0x55c3, 0x55c3, 
	0x55c3, 0x55c3, 0x55c3, 0x55c3, 0x55c3, 0x55c3, 0x55c3, 0x55c3, 0x55c3, 0x55c3, 0x55c3, 0x55c3, 0x55c3, 0x55c3, 0x55c3, 0x55c3, 
	0x55c3, 0x55c3, 0x55c3, 0x55c3, 0x55c3, 0x55c3, 0x55c3, 0x55c3, 0x55c3, 0x55c3, 0x55c3, 0x55c3, 0x55c3, 0x55c3, 0x55c3, 0x55c3, 
	0x55c3, 0x55c3, 0x55c3, 0x55c3, 0x55c3, 0x55c3, 0x55c3, 0x55c3, 0x55c3, 0x55c3, 0x55c3, 0x55c3, 0x55c3, 0x55c3, 0x55c3, 0x55c3, 
	0x55c3, 0x55c3, 0x55c3, 0x55c3, 0x55c3, 0x55c3, 0x55c3, 0x55c3, 0x55c3, 0x55c3, 0x55c3, 0x55c3, 0x55c3, 0x55c3, 0x55c3, 0x55c3, 
	0x55c3, 0x55c3, 0x55c3, 0x55c3, 0x55c3, 0x55c3, 0x55c3, 0x55c3, 0x55c3, 0x55c3, 0x55c3, 0x55c3, 0x55c3, 0x55c3, 0x55c3, 0x55c3, 
	0x55c3, 0x55c3, 0x55c3, 0x55c3, 0x55c3, 0x55c3, 0x55c3, 0x55c3, 0x55c3, 0x55c3, 0x55c3, 0x55c3, 0x55c3, 0x55c3, 0x55c3, 0x55c3, 
	0x55c3, 0x55c3, 0x55c3, 0x55c3, 0x55c3, 0x55c3, 0x55c3, 0x55c3, 0x55c3, 0x55c3, 0x55c3, 0x55c3, 0x55c3, 0x55c3, 0x55c3, 0x55c3, 
	0x55c3, 0x55c3, 0x55c3, 0x55c3, 0x55c3, 0x55c3, 0x55c3, 0x55c3, 0x55c3, 0x55c3, 0x55c3, 0x55c3, 0x55c3, 0x55c3, 0x55c3, 0x55c3, 
	0x55c3, 0x55c3, 0x55c3, 0x55c3, 0x55c3, 0x55c3, 0x55c3, 0x55c3, 0x55c3, 0x55c3, 0x55c3, 0x55c3, 0x55c3, 0x55c3, 0x55c3, 0x55c3, 
	0x55c3, 0x55c3, 0x55c3, 0x55c3, 0x55c3, 0x55c3, 0x55c3, 0x55c3, 0x55c3, 0x55c3, 0x55c3, 0x55c3, 0x55c3, 0x55c3, 0x55c3, 0x55c3, 
	0x55c3, 0x55c3, 0x55c3, 0x55c3, 0x55c3, 0x55c3, 0x55c3, 0x55c3, 0x55c3, 0x55c3, 0x55c3, 0x55c3, 0x55c3, 0x55c3, 0x55c3, 0x55c3, 
	0x55c3, 0x55c3, 0x55c3, 0x55c3, 0x55c3, 0x55c3, 0x55c3, 0x55c3, 0x55c3, 0x55c3, 0x55c3, 0x55c3, 0x55c3, 0x55c3, 0x55c3, 0x55c3, 
	0x55c3, 0x55c3, 0x55c3, 0x55c3, 0x55c3, 0x55c3, 0x55c3, 0x55c3, 0x55c3, 0x55c3, 0x55c3, 0x55c3, 0x55c3, 0x55c3, 0x55c3, 0x55c3, 
	0x55c3, 0x55c3, 0x55c3, 0x55c3, 0x55c3, 0x55c3, 0x55c3, 0x55c3, 0x55c3, 0x55c3, 0x55c3, 0x55c3, 0x55c3, 0x55c3, 0x55c3, 0x55c3, 
	0x55c3, 0x55c3, 0x55c3, 0x55c3, 0x55c3, 0x55c3, 0x55c3, 0x55c3, 0x55c3, 0x55c3, 0x55c3, 0x55c3, 0x55c3, 0x55c3, 0x55c3, 0x55c3, 
	0x55c3, 0x55c3, 0x55c3, 0x55c3, 0x55c3, 0x55c3, 0x55c3, 0x55c3, 0x55c3, 0x55c3, 0x55c3, 0x55c3, 0x55c3, 0x55c3, 0x55c3, 0x55c3, 
	0x55c3, 0x55c3, 0x55c3, 0x55c3, 0x55c3, 0x55c3, 0x55c3, 0x55c3, 0x55c3, 0x55c3, 0x55c3, 0x55c3, 0x55c3, 0x55c3, 0x55c3, 0x55c3, 
	0x55c3, 0x55c3, 0x55c3, 0x55c3, 0x55c3, 0x55c3, 0x55c3, 0x55c3, 0x55c3, 0x55c3, 0x55c3, 0x55c3, 0x55c3, 0x55c3, 0x55c3, 0x55c3, 
	0x55c3, 0x55c3, 0x55c3, 0x55c3, 0x55c3, 0x55c3, 0x55c3, 0x55c3, 0x55c3, 0x55c3, 0x55c3, 0x55c3, 0x55c3, 0x55c3, 0x55c3, 0x55c3, 
	0x55c3, 0x55c3, 0x55c3, 0x55c3, 0x55c3, 0x55c3, 0x55c3, 0x55c3, 0x55c3, 0x55c3, 0x55c3, 0x55c3, 0x55c3, 0x55c3, 0x55c3, 0x55c3, 
	0x55c3, 0x55c3, 0x55c3, 0x55c3, 0x55c3, 0x55c3, 0x55c3, 0x55c3, 0x55c3, 0x55c3, 0x55c3, 0x55c3, 0x55c3, 0x55c3, 0x55c3, 0x55c3, 
	0x55c3, 0x55c3, 0x55c3, 0x55c3, 0x55c3, 0x55c3, 0x55c3, 0x55c3, 0x55c3, 0x55c3, 0x55c3, 0x55c3, 0x55c3, 0x55c3, 0x55c3, 0x55c3, 
	0x55c3, 0x55c3, 0x55c3, 0x55c3, 0x55c3, 0x55c3, 0x55c3, 0x55c3, 0x55c3, 0x55c3, 0x55c3, 0x55c3, 0x55c3, 0x55c3, 0x55c3, 0x55c3, 
	0x55c3, 0x55c3, 0x55c3, 0x55c3, 0x55c3, 0x55c3, 0x55c3, 0x55c3, 0x55c3, 0x55c3, 0x55c3, 0x55c3, 0x55c3, 0x55c3, 0x55c3, 0x55c3, 
	0x55c3, 0x55c3, 0x55c3, 0x55c3, 0x55c3, 0x55c3, 0x55c3, 0x55c3, 0x55c3, 0x55c3, 0x55c3, 0x55c3, 0x55c3, 0x55c3, 0x55c3, 0x55c3, 
	0x55c3, 0x55c3, 0x55c3, 0x55c3, 0x55c3, 0x55c3, 0x55c3, 0x55c3, 0x55c3, 0x55c3, 0x55c3, 0x55c3, 0x55c3, 0x55c3, 0x55c3, 0x55c3, 
	0x55c3, 0x55c3, 0x55c3, 0x55c3, 0x55c3, 0x55c3, 0x55c3, 0x55c3, 0x55c3, 0x55c3, 0x55c3, 0x55c3, 0x55c3, 0x55c3, 0x55c3, 0x55c3, 
	0x55c3, 0x55c3, 0x55c3, 0x55c3, 0x55c3, 0x55c3, 0x55c3, 0x55c3, 0x55c3, 0x55c3, 0x55c3, 0x55c3, 0x55c3, 0x55c3, 0x55c3, 0x55c3, 
	0x55c3, 0x55c3, 0x55c3, 0x55c3, 0x55c3, 0x55c3, 0x55c3, 0x55c3, 0x55c3, 0x55c3, 0x55c3, 0x55c3, 0x55c3, 0x55c3, 0x55c3, 0x55c3, 
	0x55c3, 0x55c3, 0x55c3, 0x55c3, 0x55c3, 0x55c3, 0x55c3, 0x55c3, 0x55c3, 0x55c3, 0x55c3, 0x55c3, 0x55c3, 0x55c3, 0x55c3, 0x55c3, 
	0x55c3, 0x55c3, 0x55c3, 0x55c3, 0x55c3, 0x55c3, 0x55c3, 0x55c3, 0x55c3, 0x55c3, 0x55c3, 0x55c3, 0x55c3, 0x55c3, 0x55c3, 0x55c3, 
	0x55c3, 0x55c3, 0x55c3, 0x55c3, 0x55c3, 0x55c3, 0x55c3, 0x55c3, 0x55c3, 0x55c3, 0x55c3, 0x55c3, 0x55c3, 0x55c3, 0x55c3, 0x55c3, 
	0x55c3, 0x55c3, 0x55c3, 0x55c3, 0x55c3, 0x55c3, 0x55c3, 0x55c3, 0x55c3, 0x55c3, 0x55c3, 0x55c3, 0x55c3, 0x55c3, 0x55c3, 0x55c3, 
	0x55c3, 0x55c3, 0x55c3, 0x55c3, 0x55c3, 0x55c3, 0x55c3, 0x55c3, 0x55c3, 0x55c3, 0x55c3, 0x55c3, 0x55c3, 0x55c3, 0x55c3, 0x55c3, 
	0x55c3, 0x55c3, 0x55c3, 0x55c3, 0x55c3, 0x55c3, 0x55c3, 0x55c3, 0x55c3, 0x55c3, 0x55c3, 0x55c3, 0x55c3, 0x55c3, 0x55c3, 0x55c3, 
	0x55c3, 0x55c3, 0x55c3, 0x55c3, 0x55c3, 0x55c3, 0x55c3, 0x55c3, 0x55c3, 0x55c3, 0x55c3, 0x55c3, 0x55c3, 0x55c3, 0x55c3, 0x55c3, 
	0x55c3, 0x55c3, 0x55c3, 0x55c3, 0x55c3, 0x55c3, 0x55c3, 0x55c3, 0x55c3, 0x55c3, 0x55c3, 0x55c3, 0x55c3, 0x55c3, 0x55c3, 0x55c3, 
	0x55c3, 0x55c3, 0x55c3, 0x55c3, 0x55c3, 0x55c3, 0x55c3, 0x55c3, 0x55c3, 0x55c3, 0x55c3, 0x55c3, 0x55c3, 0x55c3, 0x55c3, 0x55c3, 
	0x55c3, 0x55c3, 0x55c3, 0x55c3, 0x55c3, 0x55c3, 0x55c3, 0x55c3, 0x55c3, 0x55c3, 0x55c3, 0x55c3, 0x55c3, 0x55c3, 0x55c3, 0x55c3, 
	0x55c3, 0x55c3, 0x55c3, 0x55c3, 0x55c3, 0x55c3, 0x55c3, 0x55c3, 0x55c3, 0x55c3, 0x55c3, 0x55c3, 0x55c3, 0x55c3, 0x55c3, 0x55c3, 
	0x55c3, 0x55c3, 0x55c3, 0x55c3, 0x55c3, 0x55c3, 0x55c3, 0x55c3, 0x55c3, 0x55c3, 0x55c3, 0x55c3, 0x55c3, 0x55c3, 0x55c3, 0x55c3, 
	0x55c3, 0x55c3, 0x55c3, 0x55c3, 0x55c3, 0x55c3, 0x55c3, 0x55c3, 0x55c3, 0x55c3, 0x55c3, 0x55c3, 0x55c3, 0x55c3, 0x55c3, 0x55c3, 
	0x55c3, 0x55c3, 0x55c3, 0x55c3, 0x55c3, 0x55c3, 0x55c3, 0x55c3, 0x55c3, 0x55c3, 0x55c3, 0x55c3, 0x55c3, 0x55c3, 0x55c3, 0x55c3, 
	0x55c3, 0x55c3, 0x55c3, 0x55c3, 0x55c3, 0x55c3, 0x55c3, 0x55c3, 0x55c3, 0x55c3, 0x55c3, 0x55c3, 0x55c3, 0x55c3, 0x55c3, 0x55c3, 
	0x55c3, 0x55c3, 0x55c3, 0x55c3, 0x55c3, 0x55c3, 0x55c3, 0x55c3, 0x55c3, 0x55c3, 0x55c3, 0x55c3, 0x55c3, 0x55c3, 0x55c3, 0x55c3, 
	0x55c3, 0x55c3, 0x55c3, 0x55c3, 0x55c3, 0x55c3, 0x55c3, 0x55c3, 0x55c3, 0x55c3, 0x55c3, 0x55c3, 0x55c3, 0x55c3, 0x55c3, 0x55c3, 
	0x55c3, 0x55c3, 0x55c3, 0x55c3, 0x55c3, 0x55c3, 0x55c3, 0x55c3, 0x55c3, 0x55c3, 0x55c3, 0x55c3, 0x55c3, 0x55c3, 0x55c3, 0x55c3, 
	0x55c3, 0x55c3, 0x55c3, 0x55c3, 0x55c3, 0x55c3, 0x55c3, 0x55c3, 0x55c3, 0x55c3, 0x55c3, 0x55c3, 0x55c3, 0x55c3, 0x55c3, 0x55c3, 
	0x55c3, 0x55c3, 0x55c3, 0x55c3, 0x55c3, 0x55c3, 0x55c3, 0x55c3, 0x55c3, 0x55c3, 0x55c3, 0x55c3, 0x55c3, 0x55c3, 0x55c3, 0x55c3, 
	0x55c3, 0x55c3, 0x55c3, 0x55c3, 0x55c3, 0x55c3, 0x55c3, 0x55c3, 0x55c3, 0x55c3, 0x55c3, 0x55c3, 0x55c3, 0x55c3, 0x55c3, 0x55c3, 
	0x55c3, 0x55c3, 0x55c3, 0x55c3, 0x55c3, 0x55c3, 0x55c3, 0x55c3, 0x55c3, 0x55c3, 0x55c3, 0x55c3, 0x55c3, 0x55c3, 0x55c3, 0x55c3, 
	0x55c3, 0x55c3, 0x55c3, 0x55c3, 0x55c3, 0x55c3, 0x55c3, 0x55c3, 0x55c3, 0x55c3, 0x55c3, 0x55c3, 0x55c3, 0x55c3, 0x55c3, 0x55c3, 
	0x55c3, 0x55c3, 0x55c3, 0x55c3, 0x55c3, 0x55c3, 0x55c3, 0x55c3, 0x55c3, 0x55c3, 0x55c3, 0x55c3, 0x55c3, 0x55c3, 0x55c3, 0x55c3, 
	0x55c3, 0x55c3, 0x55c3, 0x55c3, 0x55c3, 0x55c3, 0x55c3, 0x55c3, 0x55c3, 0x55c3, 0x55c3, 0x55c3, 0x55c3, 0x55c3, 0x55c3, 0x55c3, 
	0x55c3, 0x55c3, 0x55c3, 0x55c3, 0x55c3, 0x55c3, 0x55c3, 0x55c3, 0x55c3, 0x55c3, 0x55c3, 0x55c3, 0x55c3, 0x55c3, 0x55c3, 0x55c3, 
	0x55c3, 0x55c3, 0x55c3, 0x55c3, 0x55c3, 0x55c3, 0x55c3, 0x55c3, 0x55c3, 0x55c3, 0x55c3, 0x55c3, 0x55c3, 0x55c3, 0x55c3, 0x55c3, 
	0x55c3, 0x55c3, 0x55c3, 0x55c3, 0x55c3, 0x55c3, 0x55c3, 0x55c3, 0x55c3, 0x55c3, 0x55c3, 0x55c3, 0x55c3, 0x55c3, 0x55c3, 0x55c3, 
	0x55c3, 0x55c3, 0x55c3, 0x55c3, 0x55c3, 0x55c3, 0x55c3, 0x55c3, 0x55c3, 0x55c3, 0x55c3, 0x55c3, 0x55c3, 0x55c3, 0x55c3, 0x55c3, 
	0x55c3, 0x55c3, 0x55c3, 0x55c3, 0x55c3, 0x55c3, 0x55c3, 0x55c3, 0x55c3, 0x55c3, 0x55c3, 0x55c3, 0x55c3, 0x55c3, 0x55c3, 0x55c3, 
	0x55c3, 0x55c3, 0x55c3, 0x55c3, 0x55c3, 0x55c3, 0x55c3, 0x55c3, 0x55c3, 0x55c3, 0x55c3, 0x55c3, 0x55c3, 0x55c3, 0x55c3, 0x55c3, 
	0x55c3, 0x55c3, 0x55c3, 0x55c3, 0x55c3, 0x55c3, 0x55c3, 0x55c3, 0x55c3, 0x55c3, 0x55c3, 0x55c3, 0x55c3, 0x55c3, 0x55c3, 0x55c3, 
	0x55c3, 0x55c3, 0x55c3, 0x55c3, 0x55c3, 0x55c3, 0x55c3, 0x55c3, 0x55c3, 0x55c3, 0x55c3, 0x55c3, 0x55c3, 0x55c3, 0x55c3, 0x55c3, 
	0x55c3, 0x55c3, 0x55c3, 0x55c3, 0x55c3, 0x55c3, 0x55c3, 0x55c3, 0x55c3, 0x55c3, 0x55c3, 0x55c3, 0x55c3, 0x55c3, 0x55c3, 0x55c3, 
	0x55c3, 0x55c3, 0x55c3, 0x55c3, 0x55c3, 0x55c3, 0x55c3, 0x55c3, 0x55c3, 0x55c3, 0x55c3, 0x55c3, 0x55c3, 0x55c3, 0x55c3, 0x55c3, 
	0x55c3, 0x55c3, 0x55c3, 0x55c3, 0x55c3, 0x55c3, 0x55c3, 0x55c3, 0x55c3, 0x55c3, 0x55c3, 0x55c3, 0x55c3, 0x55c3, 0x55c3, 0x55c3, 
	0x55c3, 0x55c3, 0x55c3, 0x55c3, 0x55c3, 0x55c3, 0x55c3, 0x55c3, 0x55c3, 0x55c3, 0x55c3, 0x55c3, 0x55c3, 0x55c3, 0x55c3, 0x55c3, 
	0x55c3, 0x55c3, 0x55c3, 0x55c3, 0x55c3, 0x55c3, 0x55c3, 0x55c3, 0x55c3, 0x55c3, 0x55c3, 0x55c3, 0x55c3, 0x55c3, 0x55c3, 0x55c3, 
	0x55c3, 0x55c3, 0x55c3, 0x55c3, 0x55c3, 0x55c3, 0x55c3, 0x55c3, 0x55c3, 0x55c3, 0x55c3, 0x55c3, 0x55c3, 0x55c3, 0x55c3, 0x55c3, 
	0x55c3, 0x55c3, 0x55c3, 0x55c3, 0x55c3, 0x55c3, 0x55c3, 0x55c3, 0x55c3, 0x55c3, 0x55c3, 0x55c3, 0x55c3, 0x55c3, 0x55c3, 0x55c3, 
	0x55c3, 0x55c3, 0x55c3, 0x55c3, 0x55c3, 0x55c3, 0x55c3, 0x55c3, 0x55c3, 0x55c3, 0x55c3, 0x55c3, 0x55c3, 0x55c3, 0x55c3, 0x55c3, 
	0x55c3, 0x55c3, 0x55c3, 0x55c3, 0x55c3, 0x55c3, 0x55c3, 0x55c3, 0x55c3, 0x55c3, 0x55c3, 0x55c3, 0x55c3, 0x55c3, 0x55c3, 0x55c3, 
	0x55c3, 0x55c3, 0x55c3, 0x55c3, 0x55c3, 0x55c3, 0x55c3, 0x55c3, 0x55c3, 0x55c3, 0x55c3, 0x55c3, 0x55c3, 0x55c3, 0x55c3, 0x55c3, 
	0x55c3, 0x55c3, 0x55c3, 0x55c3, 0x55c3, 0x55c3, 0x55c3, 0x55c3, 0x55c3, 0x55c3, 0x55c3, 0x55c3, 0x55c3, 0x55c3, 0x55c3, 0x55c3, 
	0x55c3, 0x55c3, 0x55c3, 0x55c3, 0x55c3, 0x55c3, 0x55c3, 0x55c3, 0x55c3, 0x55c3, 0x55c3, 0x55c3, 0x55c3, 0x55c3, 0x55c3, 0x55c3, 
	0x55c3, 0x55c3, 0x55c3, 0x55c3, 0x55c3, 0x55c3, 0x55c3, 0x55c3, 0x55c3, 0x55c3, 0x55c3, 0x55c3, 0x55c3, 0x55c3, 0x55c3, 0x55c3, 
	0x55c3, 0x55c3, 0x55c3, 0x55c3, 0x55c3, 0x55c3, 0x55c3, 0x55c3, 0x55c3, 0x55c3, 0x55c3, 0x55c3, 0x55c3, 0x55c3, 0x55c3, 0x55c3, 
	0x55c3, 0x55c3, 0x55c3, 0x55c3, 0x55c3, 0x55c3, 0x55c3, 0x55c3, 0x55c3, 0x55c3, 0x55c3, 0x55c3, 0x55c3, 0x55c3, 0x55c3, 0x55c3, 
	0x55c3, 0x55c3, 0x55c3, 0x55c3, 0x55c3, 0x55c3, 0x55c3, 0x55c3, 0x55c3, 0x55c3, 0x55c3, 0x55c3, 0x55c3, 0x55c3, 0x55c3, 0x55c3, 
	0x55c3, 0x55c3, 0x55c3, 0x55c3, 0x55c3, 0x55c3, 0x55c3, 0x55c3, 0x55c3, 0x55c3, 0x55c3, 0x55c3, 0x55c3, 0x55c3, 0x55c3, 0x55c3, 
	0x55c3, 0x55c3, 0x55c3, 0x55c3, 0x55c3, 0x55c3, 0x55c3, 0x55c3, 0x55c3, 0x55c3, 0x55c3, 0x55c3, 0x55c3, 0x55c3, 0x55c3, 0x55c3, 
	0x55c3, 0x55c3, 0x55c3, 0x55c3, 0x55c3, 0x55c3, 0x55c3, 0x55c3, 0x55c3, 0x55c3, 0x55c3, 0x55c3, 0x55c3, 0x55c3, 0x55c3, 0x55c3, 
	0x55c3, 0x55c3, 0x55c3, 0x55c3, 0x55c3, 0x55c3, 0x55c3, 0x55c3, 0x55c3, 0x55c3, 0x55c3, 0x55c3, 0x55c3, 0x55c3, 0x55c3, 0x55c3, 
	0x55c3, 0x55c3, 0x55c3, 0x55c3, 0x55c3, 0x55c3, 0x55c3, 0x55c3, 0x55c3, 0x55c3, 0x55c3, 0x55c3, 0x55c3, 0x55c3, 0x55c3, 0x55c3, 
	0x55c3, 0x55c3, 0x55c3, 0x55c3, 0x55c3, 0x55c3, 0x55c3, 0x55c3, 0x55c3, 0x55c3, 0x55c3, 0x55c3, 0x55c3, 0x55c3, 0x55c3, 0x55c3, 
	0x55c3, 0x55c3, 0x55c3, 0x55c3, 0x55c3, 0x55c3, 0x55c3, 0x55c3, 0x55c3, 0x55c3, 0x55c3, 0x55c3, 0x55c3, 0x55c3, 0x55c3, 0x55c3, 
	0x55c3, 0x55c3, 0x55c3, 0x55c3, 0x55c3, 0x55c3, 0x55c3, 0x55c3, 0x55c3, 0x55c3, 0x55c3, 0x55c3, 0x55c3, 0x55c3, 0x55c3, 0x55c3, 
	0x55c3, 0x55c3, 0x55c3, 0x55c3, 0x55c3, 0x55c3, 0x55c3, 0x55c3, 0x55c3, 0x55c3, 0x55c3, 0x55c3, 0x55c3, 0x55c3, 0x55c3, 0x55c3, 
	0x55c3, 0x55c3, 0x55c3, 0x55c3, 0x55c3, 0x55c3, 0x55c3, 0x55c3, 0x55c3, 0x55c3, 0x55c3, 0x55c3, 0x55c3, 0x55c3, 0x55c3, 0x55c3, 
	0x55c3, 0x55c3, 0x55c3, 0x55c3, 0x55c3, 0x55c3, 0x55c3, 0x55c3, 0x55c3, 0x55c3, 0x55c3, 0x55c3, 0x55c3, 0x55c3, 0x55c3, 0x55c3, 
	0x55c3, 0x55c3, 0x55c3, 0x55c3, 0x55c3, 0x55c3, 0x55c3, 0x55c3, 0x55c3, 0x55c3, 0x55c3, 0x55c3, 0x55c3, 0x55c3, 0x55c3, 0x55c3, 
	0x55c3, 0x55c3, 0x55c3, 0x55c3, 0x55c3, 0x55c3, 0x55c3, 0x55c3, 0x55c3, 0x55c3, 0x55c3, 0x55c3, 0x55c3, 0x55c3, 0x55c3, 0x55c3, 
	0x55c3, 0x55c3, 0x55c3, 0x55c3, 0x55c3, 0x55c3, 0x55c3, 0x55c3, 0x55c3, 0x55c3, 0x55c3, 0x55c3, 0x55c3, 0x55c3, 0x55c3, 0x55c3, 
	0x55c3, 0x55c3, 0x55c3, 0x55c3, 0x55c3, 0x55c3, 0x55c3, 0x55c3, 0x55c3, 0x55c3, 0x55c3, 0x55c3, 0x55c3, 0x55c3, 0x55c3, 0x55c3, 
	0x55c3, 0x55c3, 0x55c3, 0x55c3, 0x55c3, 0x55c3, 0x55c3, 0x55c3, 0x55c3, 0x55c3, 0x55c3, 0x55c3, 0x55c3, 0x55c3, 0x55c3, 0x55c3, 
	0x55c3, 0x55c3, 0x55c3, 0x55c3, 0x55c3, 0x55c3, 0x55c3, 0x55c3, 0x55c3, 0x55c3, 0x55c3, 0x55c3, 0x55c3, 0x55c3, 0x55c3, 0x55c3, 
	0x55c3, 0x55c3, 0x55c3, 0x55c3, 0x55c3, 0x55c3, 0x55c3, 0x55c3, 0x55c3, 0x55c3, 0x55c3, 0x55c3, 0x55c3, 0x55c3, 0x55c3, 0x55c3, 
	0x55c3, 0x55c3, 0x55c3, 0x55c3, 0x55c3, 0x55c3, 0x55c3, 0x55c3, 0x55c3, 0x55c3, 0x55c3, 0x55c3, 0x55c3, 0x55c3, 0x55c3, 0x55c3, 
	0x55c3, 0x55c3, 0x55c3, 0x55c3, 0x55c3, 0x55c3, 0x55c3, 0x55c3, 0x55c3, 0x55c3, 0x55c3, 0x55c3, 0x55c3, 0x55c3, 0x55c3, 0x55c3, 
	0x55c3, 0x55c3, 0x55c3, 0x55c3, 0x55c3, 0x55c3, 0x55c3, 0x55c3, 0x55c3, 0x55c3, 0x55c3, 0x55c3, 0x55c3, 0x55c3, 0x55c3, 0x55c3, 
	0x55c3, 0x55c3, 0x55c3, 0x55c3, 0x55c3, 0x55c3, 0x55c3, 0x55c3, 0x55c3, 0x55c3, 0x55c3, 0x55c3, 0x55c3, 0x55c3, 0x55c3, 0x55c3, 
	0x55c3, 0x55c3, 0x55c3, 0x55c3, 0x55c3, 0x55c3, 0x55c3, 0x55c3, 0x55c3, 0x55c3, 0x55c3, 0x55c3, 0x55c3, 0x55c3, 0x55c3, 0x55c3, 
	0x55c3, 0x55c3, 0x55c3, 0x55c3, 0x55c3, 0x55c3, 0x55c3, 0x55c3, 0x55c3, 0x55c3, 0x55c3, 0x55c3, 0x55c3, 0x55c3, 0x55c3, 0x55c3, 
	0x55c3, 0x55c3, 0x55c3, 0x55c3, 0x55c3, 0x55c3, 0x55c3, 0x55c3, 0x55c3, 0x55c3, 0x55c3, 0x55c3, 0x55c3, 0x55c3, 0x55c3, 0x55c3, 
	0x55c3, 0x55c3, 0x55c3, 0x55c3, 0x55c3, 0x55c3, 0x55c3, 0x55c3, 0x55c3, 0x55c3, 0x55c3, 0x55c3, 0x55c3, 0x55c3, 0x55c3, 0x55c3, 
	0x55c3, 0x55c3, 0x55c3, 0x55c3, 0x55c3, 0x55c3, 0x55c3, 0x55c3, 0x55c3, 0x55c3, 0x55c3, 0x55c3, 0x55c3, 0x55c3, 0x55c3, 0x55c3, 
	0x55c3, 0x55c3, 0x55c3, 0x55c3, 0x55c3, 0x55c3, 0x55c3, 0x55c3, 0x55c3, 0x55c3, 0x55c3, 0x55c3, 0x55c3, 0x55c3, 0x55c3, 0x55c3, 
	0x55c3, 0x55c3, 0x55c3, 0x55c3, 0x55c3, 0x55c3, 0x55c3, 0x55c3, 0x55c3, 0x55c3, 0x55c3, 0x55c3, 0x55c3, 0x55c3, 0x55c3, 0x55c3, 
	0x55c3, 0x55c3, 0x55c3, 0x55c3, 0x55c3, 0x55c3, 0x55c3, 0x55c3, 0x55c3, 0x55c3, 0x55c3, 0x55c3, 0x55c3, 0x55c3, 0x55c3, 0x55c3, 
	0x55c3, 0x55c3, 0x55c3, 0x55c3, 0x55c3, 0x55c3, 0x55c3, 0x55c3, 0x55c3, 0x55c3, 0x55c3, 0x55c3, 0x55c3, 0x55c3, 0x55c3, 0x55c3, 
	0x55c3, 0x55c3, 0x55c3, 0x55c3, 0x55c3, 0x55c3, 0x55c3, 0x55c3, 0x55c3, 0x55c3, 0x55c3, 0x55c3, 0x55c3, 0x55c3, 0x55c3, 0x55c3, 
	0x55c3, 0x55c3, 0x55c3, 0x55c3, 0x55c3, 0x55c3, 0x55c3, 0x55c3, 0x55c3, 0x55c3, 0x55c3, 0x55c3, 0x55c3, 0x55c3, 0x55c3, 0x55c3, 
	0x55c3, 0x55c3, 0x55c3, 0x55c3, 0x55c3, 0x55c3, 0x55c3, 0x55c3, 0x55c3, 0x55c3, 0x55c3, 0x55c3, 0x55c3, 0x55c3, 0x55c3, 0x55c3, 
	0x55c3, 0x55c3, 0x55c3, 0x55c3, 0x55c3, 0x55c3, 0x55c3, 0x55c3, 0x55c3, 0x55c3, 0x55c3, 0x55c3, 0x55c3, 0x55c3, 0x55c3, 0x55c3, 
	0x55c3, 0x55c3, 0x55c3, 0x55c3, 0x55c3, 0x55c3, 0x55c3, 0x55c3, 0x55c3, 0x55c3, 0x55c3, 0x55c3, 0x55c3, 0x55c3, 0x55c3, 0x55c3, 
	0x55c3, 0x55c3, 0x55c3, 0x55c3, 0x55c3, 0x55c3, 0x55c3, 0x55c3, 0x55c3, 0x55c3, 0x55c3, 0x55c3, 0x55c3, 0x55c3, 0x55c3, 0x55c3, 
	0x55c3, 0x55c3, 0x55c3, 0x55c3, 0x55c3, 0x55c3, 0x55c3, 0x55c3, 0x55c3, 0x55c3, 0x55c3, 0x55c3, 0x55c3, 0x55c3, 0x55c3, 0x55c3, 
	0x55c3, 0x55c3, 0x55c3, 0x55c3, 0x55c3, 0x55c3, 0x55c3, 0x55c3, 0x55c3, 0x55c3, 0x55c3, 0x55c3, 0x55c3, 0x55c3, 0x55c3, 0x55c3, 
	0x55c3, 0x55c3, 0x55c3, 0x55c3, 0x55c3, 0x55c3, 0x55c3, 0x55c3, 0x55c3, 0x55c3, 0x55c3, 0x55c3, 0x55c3, 0x55c3, 0x55c3, 0x55c3, 
	0x55c3, 0x55c3, 0x55c3, 0x55c3, 0x55c3, 0x55c3, 0x55c3, 0x55c3, 0x55c3, 0x55c3, 0x55c3, 0x55c3, 0x55c3, 0x55c3, 0x55c3, 0x55c3, 
	0x55c3, 0x55c3, 0x55c3, 0x55c3, 0x55c3, 0x55c3, 0x55c3, 0x55c3, 0x55c3, 0x55c3, 0x55c3, 0x55c3, 0x55c3, 0x55c3, 0x55c3, 0x55c3, 
	0x55c3, 0x55c3, 0x55c3, 0x55c3, 0x55c3, 0x55c3, 0x55c3, 0x55c3, 0x55c3, 0x55c3, 0x55c3, 0x55c3, 0x55c3, 0x55c3, 0x55c3, 0x55c3, 
	0x55c3, 0x55c3, 0x55c3, 0x55c3, 0x55c3, 0x55c3, 0x55c3, 0x55c3, 0x55c3, 0x55c3, 0x55c3, 0x55c3, 0x55c3, 0x55c3, 0x55c3, 0x55c3, 
	0x55c3, 0x55c3, 0x55c3, 0x55c3, 0x55c3, 0x55c3, 0x55c3, 0x55c3, 0x55c3, 0x55c3, 0x55c3, 0x55c3, 0x55c3, 0x55c3, 0x55c3, 0x55c3, 
	0x55c3, 0x55c3, 0x55c3, 0x55c3, 0x55c3, 0x55c3, 0x55c3, 0x55c3, 0x55c3, 0x55c3, 0x55c3, 0x55c3, 0x55c3, 0x55c3, 0x55c3, 0x55c3, 
	0x55c3, 0x55c3, 0x55c3, 0x55c3, 0x55c3, 0x55c3, 0x55c3, 0x55c3, 0x55c3, 0x55c3, 0x55c3, 0x55c3, 0x55c3, 0x55c3, 0x55c3, 0x55c3, 
	0x55c3, 0x55c3, 0x55c3, 0x55c3, 0x55c3, 0x55c3, 0x55c3, 0x55c3, 0x55c3, 0x55c3, 0x55c3, 0x55c3, 0x55c3, 0x55c3, 0x55c3, 0x55c3, 
	0x55c3, 0x55c3, 0x55c3, 0x55c3, 0x55c3, 0x55c3, 0x55c3, 0x55c3, 0x55c3, 0x55c3, 0x55c3, 0x55c3, 0x55c3, 0x55c3, 0x55c3, 0x55c3, 
	0x55c3, 0x55c3, 0x55c3, 0x55c3, 0x55c3, 0x55c3, 0x55c3, 0x55c3, 0x55c3, 0x55c3, 0x55c3, 0x55c3, 0x55c3, 0x55c3, 0x55c3, 0x55c3, 
	0x55c3, 0x55c3, 0x55c3, 0x55c3, 0x55c3, 0x55c3, 0x55c3, 0x55c3, 0x55c3, 0x55c3, 0x55c3, 0x55c3, 0x55c3, 0x55c3, 0x55c3, 0x55c3, 
	0x55c3, 0x55c3, 0x55c3, 0x55c3, 0x55c3, 0x55c3, 0x55c3, 0x55c3, 0x55c3, 0x55c3, 0x55c3, 0x55c3, 0x55c3, 0x55c3, 0x55c3, 0x55c3, 
	0x55c3, 0x55c3, 0x55c3, 0x55c3, 0x55c3, 0x55c3, 0x55c3, 0x55c3, 0x55c3, 0x55c3, 0x55c3, 0x55c3, 0x55c3, 0x55c3, 0x55c3, 0x55c3, 
	0x55c3, 0x55c3, 0x55c3, 0x55c3, 0x55c3, 0x55c3, 0x55c3, 0x55c3, 0x55c3, 0x55c3, 0x55c3, 0x55c3, 0x55c3, 0x55c3, 0x55c3, 0x55c3, 
	0x55c3, 0x55c3, 0x55c3, 0x55c3, 0x55c3, 0x55c3, 0x55c3, 0x55c3, 0x55c3, 0x55c3, 0x55c3, 0x55c3, 0x55c3, 0x55c3, 0x55c3, 0x55c3, 
	0x55c3, 0x55c3, 0x55c3, 0x55c3, 0x55c3, 0x55c3, 0x55c3, 0x55c3, 0x55c3, 0x55c3, 0x55c3, 0x55c3, 0x55c3, 0x55c3, 0x55c3, 0x55c3, 
	0x55c3, 0x55c3, 0x55c3, 0x55c3, 0x55c3, 0x55c3, 0x55c3, 0x55c3, 0x55c3, 0x55c3, 0x55c3, 0x55c3, 0x55c3, 0x55c3, 0x55c3, 0x55c3, 
	0x55c3, 0x55c3, 0x55c3, 0x55c3, 0x55c3, 0x55c3, 0x55c3, 0x55c3, 0x55c3, 0x55c3, 0x55c3, 0x55c3, 0x55c3, 0x55c3, 0x55c3, 0x55c3, 
	0x55c3, 0x55c3, 0x55c3, 0x55c3, 0x55c3, 0x55c3, 0x55c3, 0x55c3, 0x55c3, 0x55c3, 0x55c3, 0x55c3, 0x55c3, 0x55c3, 0x55c3, 0x55c3, 
	0x55c3, 0x55c3, 0x55c3, 0x55c3, 0x55c3, 0x55c3, 0x55c3, 0x55c3, 0x55c3, 0x55c3, 0x55c3, 0x55c3, 0x55c3, 0x55c3, 0x55c3, 0x55c3, 
	0x55c3, 0x55c3, 0x55c3, 0x55c3, 0x55c3, 0x55c3, 0x55c3, 0x55c3, 0x55c3, 0x55c3, 0x55c3, 0x55c3, 0x55c3, 0x55c3, 0x55c3, 0x55c3, 
	0x55c3, 0x55c3, 0x55c3, 0x55c3, 0x55c3, 0x55c3, 0x55c3, 0x55c3, 0x55c3, 0x55c3, 0x55c3, 0x55c3, 0x55c3, 0x55c3, 0x55c3, 0x55c3, 
	0x55c3, 0x55c3, 0x55c3, 0x55c3, 0x55c3, 0x55c3, 0x55c3, 0x55c3, 0x55c3, 0x55c3, 0x55c3, 0x55c3, 0x55c3, 0x55c3, 0x55c3, 0x55c3, 
	0x55c3, 0x55c3, 0x55c3, 0x55c3, 0x55c3, 0x55c3, 0x55c3, 0x55c3, 0x55c3, 0x55c3, 0x55c3, 0x55c3, 0x55c3, 0x55c3, 0x55c3, 0x55c3, 
	0x55c3, 0x55c3, 0x55c3, 0x55c3, 0x55c3, 0x55c3, 0x55c3, 0x55c3, 0x55c3, 0x55c3, 0x55c3, 0x55c3, 0x55c3, 0x55c3, 0x55c3, 0x55c3, 
	0x55c3, 0x55c3, 0x55c3, 0x55c3, 0x55c3, 0x55c3, 0x55c3, 0x55c3, 0x55c3, 0x55c3, 0x55c3, 0x55c3, 0x55c3, 0x55c3, 0x55c3, 0x55c3, 
	0x55c3, 0x55c3, 0x55c3, 0x55c3, 0x55c3, 0x55c3, 0x55c3, 0x55c3, 0x55c3, 0x55c3, 0x55c3, 0x55c3, 0x55c3, 0x55c3, 0x55c3, 0x55c3, 
	0x55c3, 0x55c3, 0x55c3, 0x55c3, 0x55c3, 0x55c3, 0x55c3, 0x55c3, 0x55c3, 0x55c3, 0x55c3, 0x55c3, 0x55c3, 0x55c3, 0x55c3, 0x55c3, 
	0x55c3, 0x55c3, 0x55c3, 0x55c3, 0x55c3, 0x55c3, 0x55c3, 0x55c3, 0x55c3, 0x55c3, 0x55c3, 0x55c3, 0x55c3, 0x55c3, 0x55c3, 0x55c3, 
	0x55c3, 0x55c3, 0x55c3, 0x55c3, 0x55c3, 0x55c3, 0x55c3, 0x55c3, 0x55c3, 0x55c3, 0x55c3, 0x55c3, 0x55c3, 0x55c3, 0x55c3, 0x55c3, 
	0x55c3, 0x55c3, 0x55c3, 0x55c3, 0x55c3, 0x55c3, 0x55c3, 0x55c3, 0x55c3, 0x55c3, 0x55c3, 0x55c3, 0x55c3, 0x55c3, 0x55c3, 0x55c3, 
	0x55c3, 0x55c3, 0x55c3, 0x55c3, 0x55c3, 0x55c3, 0x55c3, 0x55c3, 0x55c3, 0x55c3, 0x55c3, 0x55c3, 0x55c3, 0x55c3, 0x55c3, 0x55c3, 
	0x55c3, 0x55c3, 0x55c3, 0x55c3, 0x55c3, 0x55c3, 0x55c3, 0x55c3, 0x55c3, 0x55c3, 0x55c3, 0x55c3, 0x55c3, 0x55c3, 0x55c3, 0x55c3, 
	0x55c3, 0x55c3, 0x55c3, 0x55c3, 0x55c3, 0x55c3, 0x55c3, 0x55c3, 0x55c3, 0x55c3, 0x55c3, 0x55c3, 0x55c3, 0x55c3, 0x55c3, 0x55c3, 
	0x55c3, 0x55c3, 0x55c3, 0x55c3, 0x55c3, 0x55c3, 0x55c3, 0x55c3, 0x55c3, 0x55c3, 0x55c3, 0x55c3, 0x55c3, 0x55c3, 0x55c3, 0x55c3, 
	0x55c3, 0x55c3, 0x55c3, 0x55c3, 0x55c3, 0x55c3, 0x55c3, 0x55c3, 0x55c3, 0x55c3, 0x55c3, 0x55c3, 0x55c3, 0x55c3, 0x55c3, 0x55c3, 
	0x55c3, 0x55c3, 0x55c3, 0x55c3, 0x55c3, 0x55c3, 0x55c3, 0x55c3, 0x55c3, 0x55c3, 0x55c3, 0x55c3, 0x55c3, 0x55c3, 0x55c3, 0x55c3, 
	0x55c3, 0x55c3, 0x55c3, 0x55c3, 0x55c3, 0x55c3, 0x55c3, 0x55c3, 0x55c3, 0x55c3, 0x55c3, 0x55c3, 0x55c3, 0x55c3, 0x55c3, 0x55c3, 
	0x55c3, 0x55c3, 0x55c3, 0x55c3, 0x55c3, 0x55c3, 0x55c3, 0x55c3, 0x55c3, 0x55c3, 0x55c3, 0x55c3, 0x55c3, 0x55c3, 0x55c3, 0x55c3, 
	0x55c3, 0x55c3, 0x55c3, 0x55c3, 0x55c3, 0x55c3, 0x55c3, 0x55c3, 0x55c3, 0x55c3, 0x55c3, 0x55c3, 0x55c3, 0x55c3, 0x55c3, 0x55c3, 
	0x55c3, 0x55c3, 0x55c3, 0x55c3, 0x55c3, 0x55c3, 0x55c3, 0x55c3, 0x55c3, 0x55c3, 0x55c3, 0x55c3, 0x55c3, 0x55c3, 0x55c3, 0x55c3, 
	0x55c3, 0x55c3, 0x55c3, 0x55c3, 0x55c3, 0x55c3, 0x55c3, 0x55c3, 0x55c3, 0x55c3, 0x55c3, 0x55c3, 0x55c3, 0x55c3, 0x55c3, 0x55c3, 
	0x55c3, 0x55c3, 0x55c3, 0x55c3, 0x55c3, 0x55c3, 0x55c3, 0x55c3, 0x55c3, 0x55c3, 0x55c3, 0x55c3, 0x55c3, 0x55c3, 0x55c3, 0x55c3, 
	0x55c3, 0x55c3, 0x55c3, 0x55c3, 0x55c3, 0x55c3, 0x55c3, 0x55c3, 0x55c3, 0x55c3, 0x55c3, 0x55c3, 0x55c3, 0x55c3, 0x55c3, 0x55c3, 
	0x55c3, 0x55c3, 0x55c3, 0x55c3, 0x55c3, 0x55c3, 0x55c3, 0x55c3, 0x55c3, 0x55c3, 0x55c3, 0x55c3, 0x55c3, 0x55c3, 0x55c3, 0x55c3, 
	0x55c3, 0x55c3, 0x55c3, 0x55c3, 0x55c3, 0x55c3, 0x55c3, 0x55c3, 0x55c3, 0x55c3, 0x55c3, 0x55c3, 0x55c3, 0x55c3, 0x55c3, 0x55c3, 
	0x55c3, 0x55c3, 0x55c3, 0x55c3, 0x55c3, 0x55c3, 0x55c3, 0x55c3, 0x55c3, 0x55c3, 0x55c3, 0x55c3, 0x55c3, 0x55c3, 0x55c3, 0x55c3, 
	0x55c3, 0x55c3, 0x55c3, 0x55c3, 0x55c3, 0x55c3, 0x55c3, 0x55c3, 0x55c3, 0x55c3, 0x55c3, 0x55c3, 0x55c3, 0x55c3, 0x55c3, 0x55c3, 
	0x55c3, 0x55c3, 0x55c3, 0x55c3, 0x55c3, 0x55c3, 0x55c3, 0x55c3, 0x55c3, 0x55c3, 0x55c3, 0x55c3, 0x55c3, 0x55c3, 0x55c3, 0x55c3, 
	0x55c3, 0x55c3, 0x55c3, 0x55c3, 0x55c3, 0x55c3, 0x55c3, 0x55c3, 0x55c3, 0x55c3, 0x55c3, 0x55c3, 0x55c3, 0x55c3, 0x55c3, 0x55c3, 
	0x55c3, 0x55c3, 0x55c3, 0x55c3, 0x55c3, 0x55c3, 0x55c3, 0x55c3, 0x55c3, 0x55c3, 0x55c3, 0x55c3, 0x55c3, 0x55c3, 0x55c3, 0x55c3, 
	0x55c3, 0x55c3, 0x55c3, 0x55c3, 0x55c3, 0x55c3, 0x55c3, 0x55c3, 0x55c3, 0x55c3, 0x55c3, 0x55c3, 0x55c3, 0x55c3, 0x55c3, 0x55c3, 
	0x55c3, 0x55c3, 0x55c3, 0x55c3, 0x55c3, 0x55c3, 0x55c3, 0x55c3, 0x55c3, 0x55c3, 0x55c3, 0x55c3, 0x55c3, 0x55c3, 0x55c3, 0x55c3, 
	0x55c3, 0x55c3, 0x55c3, 0x55c3, 0x55c3, 0x55c3, 0x55c3, 0x55c3, 0x55c3, 0x55c3, 0x55c3, 0x55c3, 0x55c3, 0x55c3, 0x55c3, 0x55c3, 
	0x55c3, 0x55c3, 0x55c3, 0x55c3, 0x55c3, 0x55c3, 0x55c3, 0x55c3, 0x55c3, 0x55c3, 0x55c3, 0x55c3, 0x55c3, 0x55c3, 0x55c3, 0x55c3, 
	0x55c3, 0x55c3, 0x55c3, 0x55c3, 0x55c3, 0x55c3, 0x55c3, 0x55c3, 0x55c3, 0x55c3, 0x55c3, 0x55c3, 0x55c3, 0x55c3, 0x55c3, 0x55c3, 
	0x55c3, 0x55c3, 0x55c3, 0x55c3, 0x55c3, 0x55c3, 0x55c3, 0x55c3, 0x55c3, 0x55c3, 0x55c3, 0x55c3, 0x55c3, 0x55c3, 0x55c3, 0x55c3, 
	0x55c3, 0x55c3, 0x55c3, 0x55c3, 0x55c3, 0x55c3, 0x55c3, 0x55c3, 0x55c3, 0x55c3, 0x55c3, 0x55c3, 0x55c3, 0x55c3, 0x55c3, 0x55c3, 
	0x55c3, 0x55c3, 0x55c3, 0x55c3, 0x55c3, 0x55c3, 0x55c3, 0x55c3, 0x55c3, 0x55c3, 0x55c3, 0x55c3, 0x55c3, 0x55c3, 0x55c3, 0x55c3, 
	0x55c3, 0x55c3, 0x55c3, 0x55c3, 0x55c3, 0x55c3, 0x55c3, 0x55c3, 0x55c3, 0x55c3, 0x55c3, 0x55c3, 0x55c3, 0x55c3, 0x55c3, 0x55c3, 
	0x55c3, 0x55c3, 0x55c3, 0x55c3, 0x55c3, 0x55c3, 0x55c3, 0x55c3, 0x55c3, 0x55c3, 0x55c3, 0x55c3, 0x55c3, 0x55c3, 0x55c3, 0x55c3, 
	0x55c3, 0x55c3, 0x55c3, 0x55c3, 0x55c3, 0x55c3, 0x55c3, 0x55c3, 0x55c3, 0x55c3, 0x55c3, 0x55c3, 0x55c3, 0x55c3, 0x55c3, 0x55c3, 
	0x55c3, 0x55c3, 0x55c3, 0x55c3, 0x55c3, 0x55c3, 0x55c3, 0x55c3, 0x55c3, 0x55c3, 0x55c3, 0x55c3, 0x55c3, 0x55c3, 0x55c3, 0x55c3, 
	0x55c3, 0x55c3, 0x55c3, 0x55c3, 0x55c3, 0x55c3, 0x55c3, 0x55c3, 0x55c3, 0x55c3, 0x55c3, 0x55c3, 0x55c3, 0x55c3, 0x55c3, 0x55c3, 
	0x55c3, 0x55c3, 0x55c3, 0x55c3, 0x55c3, 0x55c3, 0x55c3, 0x55c3, 0x55c3, 0x55c3, 0x55c3, 0x55c3, 0x55c3, 0x55c3, 0x55c3, 0x55c3, 
	0x55c3, 0x55c3, 0x55c3, 0x55c3, 0x55c3, 0x55c3, 0x55c3, 0x55c3, 0x55c3, 0x55c3, 0x55c3, 0x55c3, 0x55c3, 0x55c3, 0x55c3, 0x55c3, 
	0x55c3, 0x55c3, 0x55c3, 0x55c3, 0x55c3, 0x55c3, 0x55c3, 0x55c3, 0x55c3, 0x55c3, 0x55c3, 0x55c3, 0x55c3, 0x55c3, 0x55c3, 0x55c3, 
	0x55c3, 0x55c3, 0x55c3, 0x55c3, 0x55c3, 0x55c3, 0x55c3, 0x55c3, 0x55c3, 0x55c3, 0x55c3, 0x55c3, 0x55c3, 0x55c3, 0x55c3, 0x55c3, 
	0x55c3, 0x55c3, 0x55c3, 0x55c3, 0x55c3, 0x55c3, 0x55c3, 0x55c3, 0x55c3, 0x55c3, 0x55c3, 0x55c3, 0x55c3, 0x55c3, 0x55c3, 0x55c3, 
	0x55c3, 0x55c3, 0x55c3, 0x55c3, 0x55c3, 0x55c3, 0x55c3, 0x55c3, 0x55c3, 0x55c3, 0x55c3, 0x55c3, 0x55c3, 0x55c3, 0x55c3, 0x55c3, 
	0x55c3, 0x55c3, 0x55c3, 0x55c3, 0x55c3, 0x55c3, 0x55c3, 0x55c3, 0x55c3, 0x55c3, 0x55c3, 0x55c3, 0x55c3, 0x55c3, 0x55c3, 0x55c3, 
	0x55c3, 0x55c3, 0x55c3, 0x55c3, 0x55c3, 0x55c3, 0x55c3, 0x55c3, 0x55c3, 0x55c3, 0x55c3, 0x55c3, 0x55c3, 0x55c3, 0x55c3, 0x55c3, 
	0x55c3, 0x55c3, 0x55c3, 0x55c3, 0x55c3, 0x55c3, 0x55c3, 0x55c3, 0x55c3, 0x55c3, 0x55c3, 0x55c3, 0x55c3, 0x55c3, 0x55c3, 0x55c3, 
	0x55c3, 0x55c3, 0x55c3, 0x55c3, 0x55c3, 0x55c3, 0x55c3, 0x55c3, 0x55c3, 0x55c3, 0x55c3, 0x55c3, 0x55c3, 0x55c3, 0x55c3, 0x55c3, 
	0x55c3, 0x55c3, 0x55c3, 0x55c3, 0x55c3, 0x55c3, 0x55c3, 0x55c3, 0x55c3, 0x55c3, 0x55c3, 0x55c3, 0x55c3, 0x55c3, 0x55c3, 0x55c3, 
	0x55c3, 0x55c3, 0x55c3, 0x55c3, 0x55c3, 0x55c3, 0x55c3, 0x55c3, 0x55c3, 0x55c3, 0x55c3, 0x55c3, 0x55c3, 0x55c3, 0x55c3, 0x55c3, 
	0x55c3, 0x55c3, 0x55c3, 0x55c3, 0x55c3, 0x55c3, 0x55c3, 0x55c3, 0x55c3, 0x55c3, 0x55c3, 0x55c3, 0x55c3, 0x55c3, 0x55c3, 0x55c3, 
	0x55c3, 0x55c3, 0x55c3, 0x55c3, 0x55c3, 0x55c3, 0x55c3, 0x55c3, 0x55c3, 0x55c3, 0x55c3, 0x55c3, 0x55c3, 0x55c3, 0x55c3, 0x55c3, 
	0x55c3, 0x55c3, 0x55c3, 0x55c3, 0x55c3, 0x55c3, 0x55c3, 0x55c3, 0x55c3, 0x55c3, 0x55c3, 0x55c3, 0x55c3, 0x55c3, 0x55c3, 0x55c3, 
	0x55c3, 0x55c3, 0x55c3, 0x55c3, 0x55c3, 0x55c3, 0x55c3, 0x55c3, 0x55c3, 0x55c3, 0x55c3, 0x55c3, 0x55c3, 0x55c3, 0x55c3, 0x55c3, 
	0x55c3, 0x55c3, 0x55c3, 0x55c3, 0x55c3, 0x55c3, 0x55c3, 0x55c3, 0x55c3, 0x55c3, 0x55c3, 0x55c3, 0x55c3, 0x55c3, 0x55c3, 0x55c3, 
	0x55c3, 0x55c3, 0x55c3, 0x55c3, 0x55c3, 0x55c3, 0x55c3, 0x55c3, 0x55c3, 0x55c3, 0x55c3, 0x55c3, 0x55c3, 0x55c3, 0x55c3, 0x55c3, 
	0x55c3, 0x55c3, 0x55c3, 0x55c3, 0x55c3, 0x55c3, 0x55c3, 0x55c3, 0x55c3, 0x55c3, 0x55c3, 0x55c3, 0x55c3, 0x55c3, 0x55c3, 0x55c3, 
	0x55c3, 0x55c3, 0x55c3, 0x55c3, 0x55c3, 0x55c3, 0x55c3, 0x55c3, 0x55c3, 0x55c3, 0x55c3, 0x55c3, 0x55c3, 0x55c3, 0x55c3, 0x55c3, 
	0x55c3, 0x55c3, 0x55c3, 0x55c3, 0x55c3, 0x55c3, 0x55c3, 0x55c3, 0x55c3, 0x55c3, 0x55c3, 0x55c3, 0x55c3, 0x55c3, 0x55c3, 0x55c3, 
	0x55c3, 0x55c3, 0x55c3, 0x55c3, 0x55c3, 0x55c3, 0x55c3, 0x55c3, 0x55c3, 0x55c3, 0x55c3, 0x55c3, 0x55c3, 0x55c3, 0x55c3, 0x55c3, 
	0x55c3, 0x55c3, 0x55c3, 0x55c3, 0x55c3, 0x55c3, 0x55c3, 0x55c3, 0x55c3, 0x55c3, 0x55c3, 0x55c3, 0x55c3, 0x55c3, 0x55c3, 0x55c3, 
	0x55c3, 0x55c3, 0x55c3, 0x55c3, 0x55c3, 0x55c3, 0x55c3, 0x55c3, 0x55c3, 0x55c3, 0x55c3, 0x55c3, 0x55c3, 0x55c3, 0x55c3, 0x55c3, 
	0x55c3, 0x55c3, 0x55c3, 0x55c3, 0x55c3, 0x55c3, 0x55c3, 0x55c3, 0x55c3, 0x55c3, 0x55c3, 0x55c3, 0x55c3, 0x55c3, 0x55c3, 0x55c3, 
	0x55c3, 0x55c3, 0x55c3, 0x55c3, 0x55c3, 0x55c3, 0x55c3, 0x55c3, 0x55c3, 0x55c3, 0x55c3, 0x55c3, 0x55c3, 0x55c3, 0x55c3, 0x55c3, 
	0x55c3, 0x55c3, 0x55c3, 0x55c3, 0x55c3, 0x55c3, 0x55c3, 0x55c3, 0x55c3, 0x55c3, 0x55c3, 0x55c3, 0x55c3, 0x55c3, 0x55c3, 0x55c3, 
	0x55c3, 0x55c3, 0x55c3, 0x55c3, 0x55c3, 0x55c3, 0x55c3, 0x55c3, 0x55c3, 0x55c3, 0x55c3, 0x55c3, 0x55c3, 0x55c3, 0x55c3, 0x55c3, 
	0x55c3, 0x55c3, 0x55c3, 0x55c3, 0x55c3, 0x55c3, 0x55c3, 0x55c3, 0x55c3, 0x55c3, 0x55c3, 0x55c3, 0x55c3, 0x55c3, 0x55c3, 0x55c3, 
	0x55c3, 0x55c3, 0x55c3, 0x55c3, 0x55c3, 0x55c3, 0x55c3, 0x55c3, 0x55c3, 0x55c3, 0x55c3, 0x55c3, 0x55c3, 0x55c3, 0x55c3, 0x55c3, 
	0x55c3, 0x55c3, 0x55c3, 0x55c3, 0x55c3, 0x55c3, 0x55c3, 0x55c3, 0x55c3, 0x55c3, 0x55c3, 0x55c3, 0x55c3, 0x55c3, 0x55c3, 0x55c3, 
	0x55c3, 0x55c3, 0x55c3, 0x55c3, 0x55c3, 0x55c3, 0x55c3, 0x55c3, 0x55c3, 0x55c3, 0x55c3, 0x55c3, 0x55c3, 0x55c3, 0x55c3, 0x55c3, 
	0x55c3, 0x55c3, 0x55c3, 0x55c3, 0x55c3, 0x55c3, 0x55c3, 0x55c3, 0x55c3, 0x55c3, 0x55c3, 0x55c3, 0x55c3, 0x55c3, 0x55c3, 0x55c3, 
	0x55c3, 0x55c3, 0x55c3, 0x55c3, 0x55c3, 0x55c3, 0x55c3, 0x55c3, 0x55c3, 0x55c3, 0x55c3, 0x55c3, 0x55c3, 0x55c3, 0x55c3, 0x55c3, 
	0x55c3, 0x55c3, 0x55c3, 0x55c3, 0x55c3, 0x55c3, 0x55c3, 0x55c3, 0x55c3, 0x55c3, 0x55c3, 0x55c3, 0x55c3, 0x55c3, 0x55c3, 0x55c3, 
	0x55c3, 0x55c3, 0x55c3, 0x55c3, 0x55c3, 0x55c3, 0x55c3, 0x55c3, 0x55c3, 0x55c3, 0x55c3, 0x55c3, 0x55c3, 0x55c3, 0x55c3, 0x55c3, 
	0x55c3, 0x55c3, 0x55c3, 0x55c3, 0x55c3, 0x55c3, 0x55c3, 0x55c3, 0x55c3, 0x55c3, 0x55c3, 0x55c3, 0x55c3, 0x55c3, 0x55c3, 0x55c3, 
	0x55c3, 0x55c3, 0x55c3, 0x55c3, 0x55c3, 0x55c3, 0x55c3, 0x55c3, 0x55c3, 0x55c3, 0x55c3, 0x55c3, 0x55c3, 0x55c3, 0x55c3, 0x55c3, 
	0x55c3, 0x55c3, 0x55c3, 0x55c3, 0x55c3, 0x55c3, 0x55c3, 0x55c3, 0x55c3, 0x55c3, 0x55c3, 0x55c3, 0x55c3, 0x55c3, 0x55c3, 0x55c3, 
	0x55c3, 0x55c3, 0x55c3, 0x55c3, 0x55c3, 0x55c3, 0x55c3, 0x55c3, 0x55c3, 0x55c3, 0x55c3, 0x55c3, 0x55c3, 0x55c3, 0x55c3, 0x55c3, 
	0x55c3, 0x55c3, 0x55c3, 0x55c3, 0x55c3, 0x55c3, 0x55c3, 0x55c3, 0x55c3, 0x55c3, 0x55c3, 0x55c3, 0x55c3, 0x55c3, 0x55c3, 0x55c3, 
	0x55c3, 0x55c3, 0x55c3, 0x55c3, 0x55c3, 0x55c3, 0x55c3, 0x55c3, 0x55c3, 0x55c3, 0x55c3, 0x55c3, 0x55c3, 0x55c3, 0x55c3, 0x55c3, 
	0x55c3, 0x55c3, 0x55c3, 0x55c3, 0x55c3, 0x55c3, 0x55c3, 0x55c3, 0x55c3, 0x55c3, 0x55c3, 0x55c3, 0x55c3, 0x55c3, 0x55c3, 0x55c3, 
	0x55c3, 0x55c3, 0x55c3, 0x55c3, 0x55c3, 0x55c3, 0x55c3, 0x55c3, 0x55c3, 0x55c3, 0x55c3, 0x55c3, 0x55c3, 0x55c3, 0x55c3, 0x55c3, 
	0x55c3, 0x55c3, 0x55c3, 0x55c3, 0x55c3, 0x55c3, 0x55c3, 0x55c3, 0x55c3, 0x55c3, 0x55c3, 0x55c3, 0x55c3, 0x55c3, 0x55c3, 0x55c3, 
	0x55c3, 0x55c3, 0x55c3, 0x55c3, 0x55c3, 0x55c3, 0x55c3, 0x55c3, 0x55c3, 0x55c3, 0x55c3, 0x55c3, 0x55c3, 0x55c3, 0x55c3, 0x55c3, 
	0x55c3, 0x55c3, 0x55c3, 0x55c3, 0x55c3, 0x55c3, 0x55c3, 0x55c3, 0x55c3, 0x55c3, 0x55c3, 0x55c3, 0x55c3, 0x55c3, 0x55c3, 0x55c3, 
	0x55c3, 0x55c3, 0x55c3, 0x55c3, 0x55c3, 0x55c3, 0x55c3, 0x55c3, 0x55c3, 0x55c3, 0x55c3, 0x55c3, 0x55c3, 0x55c3, 0x55c3, 0x55c3, 
	0x55c3, 0x55c3, 0x55c3, 0x55c3, 0x55c3, 0x55c3, 0x55c3, 0x55c3, 0x55c3, 0x55c3, 0x55c3, 0x55c3, 0x55c3, 0x55c3, 0x55c3, 0x55c3, 
	0x55c3, 0x55c3, 0x55c3, 0x55c3, 0x55c3, 0x55c3, 0x55c3, 0x55c3, 0x55c3, 0x55c3, 0x55c3, 0x55c3, 0x55c3, 0x55c3, 0x55c3, 0x55c3, 
	0x55c3, 0x55c3, 0x55c3, 0x55c3, 0x55c3, 0x55c3, 0x55c3, 0x55c3, 0x55c3, 0x55c3, 0x55c3, 0x55c3, 0x55c3, 0x55c3, 0x55c3, 0x55c3, 
	0x55c3, 0x55c3, 0x55c3, 0x55c3, 0x55c3, 0x55c3, 0x55c3, 0x55c3, 0x55c3, 0x55c3, 0x55c3, 0x55c3, 0x55c3, 0x55c3, 0x55c3, 0x55c3, 
	0x55c3, 0x55c3, 0x55c3, 0x55c3, 0x55c3, 0x55c3, 0x55c3, 0x55c3, 0x55c3, 0x55c3, 0x55c3, 0x55c3, 0x55c3, 0x55c3, 0x55c3, 0x55c3, 
	0x55c3, 0x55c3, 0x55c3, 0x55c3, 0x55c3, 0x55c3, 0x55c3, 0x55c3, 0x55c3, 0x55c3, 0x55c3, 0x55c3, 0x55c3, 0x55c3, 0x55c3, 0x55c3, 
	0x55c3, 0x55c3, 0x55c3, 0x55c3, 0x55c3, 0x55c3, 0x55c3, 0x55c3, 0x55c3, 0x55c3, 0x55c3, 0x55c3, 0x55c3, 0x55c3, 0x55c3, 0x55c3, 
	0x55c3, 0x55c3, 0x55c3, 0x55c3, 0x55c3, 0x55c3, 0x55c3, 0x55c3, 0x55c3, 0x55c3, 0x55c3, 0x55c3, 0x55c3, 0x55c3, 0x55c3, 0x55c3, 
	0x55c3, 0x55c3, 0x55c3, 0x55c3, 0x55c3, 0x55c3, 0x55c3, 0x55c3, 0x55c3, 0x55c3, 0x55c3, 0x55c3, 0x55c3, 0x55c3, 0x55c3, 0x55c3, 
	0x55c3, 0x55c3, 0x55c3, 0x55c3, 0x55c3, 0x55c3, 0x55c3, 0x55c3, 0x55c3, 0x55c3, 0x55c3, 0x55c3, 0x55c3, 0x55c3, 0x55c3, 0x55c3, 
	0x55c3, 0x55c3, 0x55c3, 0x55c3, 0x55c3, 0x55c3, 0x55c3, 0x55c3, 0x55c3, 0x55c3, 0x55c3, 0x55c3, 0x55c3, 0x55c3, 0x55c3, 0x55c3, 
	0x55c3, 0x55c3, 0x55c3, 0x55c3, 0x55c3, 0x55c3, 0x55c3, 0x55c3, 0x55c3, 0x55c3, 0x55c3, 0x55c3, 0x55c3, 0x55c3, 0x55c3, 0x55c3, 
	0x55c3, 0x55c3, 0x55c3, 0x55c3, 0x55c3, 0x55c3, 0x55c3, 0x55c3, 0x55c3, 0x55c3, 0x55c3, 0x55c3, 0x55c3, 0x55c3, 0x55c3, 0x55c3, 
	0x55c3, 0x55c3, 0x55c3, 0x55c3, 0x55c3, 0x55c3, 0x55c3, 0x55c3, 0x55c3, 0x55c3, 0x55c3, 0x55c3, 0x55c3, 0x55c3, 0x55c3, 0x55c3, 
	0x55c3, 0x55c3, 0x55c3, 0x55c3, 0x55c3, 0x55c3, 0x55c3, 0x55c3, 0x55c3, 0x55c3, 0x55c3, 0x55c3, 0x55c3, 0x55c3, 0x55c3, 0x55c3, 
	0x55c3, 0x55c3, 0x55c3, 0x55c3, 0x55c3, 0x55c3, 0x55c3, 0x55c3, 0x55c3, 0x55c3, 0x55c3, 0x55c3, 0x55c3, 0x55c3, 0x55c3, 0x55c3, 
	0x55c3, 0x55c3, 0x55c3, 0x55c3, 0x55c3, 0x55c3, 0x55c3, 0x55c3, 0x55c3, 0x55c3, 0x55c3, 0x55c3, 0x55c3, 0x55c3, 0x55c3, 0x55c3, 
	0x55c3, 0x55c3, 0x55c3, 0x55c3, 0x55c3, 0x55c3, 0x55c3, 0x55c3, 0x55c3, 0x55c3, 0x55c3, 0x55c3, 0x55c3, 0x55c3, 0x55c3, 0x55c3, 
	0x55c3, 0x55c3, 0x55c3, 0x55c3, 0x55c3, 0x55c3, 0x55c3, 0x55c3, 0x55c3, 0x55c3, 0x55c3, 0x55c3, 0x55c3, 0x55c3, 0x55c3, 0x55c3, 
	0x55c3, 0x55c3, 0x55c3, 0x55c3, 0x55c3, 0x55c3, 0x55c3, 0x55c3, 0x55c3, 0x55c3, 0x55c3, 0x55c3, 0x55c3, 0x55c3, 0x55c3, 0x55c3, 
	0x55c3, 0x55c3, 0x55c3, 0x55c3, 0x55c3, 0x55c3, 0x55c3, 0x55c3, 0x55c3, 0x55c3, 0x55c3, 0x55c3, 0x55c3, 0x55c3, 0x55c3, 0x55c3, 
	0x55c3, 0x55c3, 0x55c3, 0x55c3, 0x55c3, 0x55c3, 0x55c3, 0x55c3, 0x55c3, 0x55c3, 0x55c3, 0x55c3, 0x55c3, 0x55c3, 0x55c3, 0x55c3, 
	0x55c3, 0x55c3, 0x55c3, 0x55c3, 0x55c3, 0x55c3, 0x55c3, 0x55c3, 0x55c3, 0x55c3, 0x55c3, 0x55c3, 0x55c3, 0x55c3, 0x55c3, 0x55c3, 
	0x55c3, 0x55c3, 0x55c3, 0x55c3, 0x55c3, 0x55c3, 0x55c3, 0x55c3, 0x55c3, 0x55c3, 0x55c3, 0x55c3, 0x55c3, 0x55c3, 0x55c3, 0x55c3, 
	0x55c3, 0x55c3, 0x55c3, 0x55c3, 0x55c3, 0x55c3, 0x55c3, 0x55c3, 0x55c3, 0x55c3, 0x55c3, 0x55c3, 0x55c3, 0x55c3, 0x55c3, 0x55c3, 
	0x55c3, 0x55c3, 0x55c3, 0x55c3, 0x55c3, 0x55c3, 0x55c3, 0x55c3, 0x55c3, 0x55c3, 0x55c3, 0x55c3, 0x55c3, 0x55c3, 0x55c3, 0x55c3, 
	0x55c3, 0x55c3, 0x55c3, 0x55c3, 0x55c3, 0x55c3, 0x55c3, 0x55c3, 0x55c3, 0x55c3, 0x55c3, 0x55c3, 0x55c3, 0x55c3, 0x55c3, 0x55c3, 
	0x55c3, 0x55c3, 0x55c3, 0x55c3, 0x55c3, 0x55c3, 0x55c3, 0x55c3, 0x55c3, 0x55c3, 0x55c3, 0x55c3, 0x55c3, 0x55c3, 0x55c3, 0x55c3, 
	0x55c3, 0x55c3, 0x55c3, 0x55c3, 0x55c3, 0x55c3, 0x55c3, 0x55c3, 0x55c3, 0x55c3, 0x55c3, 0x55c3, 0x55c3, 0x55c3, 0x55c3, 0x55c3, 
	0x55c3, 0x55c3, 0x55c3, 0x55c3, 0x55c3, 0x55c3, 0x55c3, 0x55c3, 0x55c3, 0x55c3, 0x55c3, 0x55c3, 0x55c3, 0x55c3, 0x55c3, 0x55c3, 
	0x55c3, 0x55c3, 0x55c3, 0x55c3, 0x55c3, 0x55c3, 0x55c3, 0x55c3, 0x55c3, 0x55c3, 0x55c3, 0x55c3, 0x55c3, 0x55c3, 0x55c3, 0x55c3, 
	0x55c3, 0x55c3, 0x55c3, 0x55c3, 0x55c3, 0x55c3, 0x55c3, 0x55c3, 0x55c3, 0x55c3, 0x55c3, 0x55c3, 0x55c3, 0x55c3, 0x55c3, 0x55c3, 
	0x55c3, 0x55c3, 0x55c3, 0x55c3, 0x55c3, 0x55c3, 0x55c3, 0x55c3, 0x55c3, 0x55c3, 0x55c3, 0x55c3, 0x55c3, 0x55c3, 0x55c3, 0x55c3, 
	0x55c3, 0x55c3, 0x55c3, 0x55c3, 0x55c3, 0x55c3, 0x55c3, 0x55c3, 0x55c3, 0x55c3, 0x55c3, 0x55c3, 0x55c3, 0x55c3, 0x55c3, 0x55c3, 
	0x55c3, 0x55c3, 0x55c3, 0x55c3, 0x55c3, 0x55c3, 0x55c3, 0x55c3, 0x55c3, 0x55c3, 0x55c3, 0x55c3, 0x55c3, 0x55c3, 0x55c3, 0x55c3, 
	0x55c3, 0x55c3, 0x55c3, 0x55c3, 0x55c3, 0x55c3, 0x55c3, 0x55c3, 0x55c3, 0x55c3, 0x55c3, 0x55c3, 0x55c3, 0x55c3, 0x55c3, 0x55c3, 
	0x55c3, 0x55c3, 0x55c3, 0x55c3, 0x55c3, 0x55c3, 0x55c3, 0x55c3, 0x55c3, 0x55c3, 0x55c3, 0x55c3, 0x55c3, 0x55c3, 0x55c3, 0x55c3, 
	0x55c3, 0x55c3, 0x55c3, 0x55c3, 0x55c3, 0x55c3, 0x55c3, 0x55c3, 0x55c3, 0x55c3, 0x55c3, 0x55c3, 0x55c3, 0x55c3, 0x55c3, 0x55c3, 
	0x55c3, 0x55c3, 0x55c3, 0x55c3, 0x55c3, 0x55c3, 0x55c3, 0x55c3, 0x55c3, 0x55c3, 0x55c3, 0x55c3, 0x55c3, 0x55c3, 0x55c3, 0x55c3, 
	0x55c3, 0x55c3, 0x55c3, 0x55c3, 0x55c3, 0x55c3, 0x55c3, 0x55c3, 0x55c3, 0x55c3, 0x55c3, 0x55c3, 0x55c3, 0x55c3, 0x55c3, 0x55c3, 
	0x55c3, 0x55c3, 0x55c3, 0x55c3, 0x55c3, 0x55c3, 0x55c3, 0x55c3, 0x55c3, 0x55c3, 0x55c3, 0x55c3, 0x55c3, 0x55c3, 0x55c3, 0x55c3, 
	0x55c3, 0x55c3, 0x55c3, 0x55c3, 0x55c3, 0x55c3, 0x55c3, 0x55c3, 0x55c3, 0x55c3, 0x55c3, 0x55c3, 0x55c3, 0x55c3, 0x55c3, 0x55c3, 
	0x55c3, 0x55c3, 0x55c3, 0x55c3, 0x55c3, 0x55c3, 0x55c3, 0x55c3, 0x55c3, 0x55c3, 0x55c3, 0x55c3, 0x55c3, 0x55c3, 0x55c3, 0x55c3, 
	0x55c3, 0x55c3, 0x55c3, 0x55c3, 0x55c3, 0x55c3, 0x55c3, 0x55c3, 0x55c3, 0x55c3, 0x55c3, 0x55c3, 0x55c3, 0x55c3, 0x55c3, 0x55c3, 
	0x55c3, 0x55c3, 0x55c3, 0x55c3, 0x55c3, 0x55c3, 0x55c3, 0x55c3, 0x55c3, 0x55c3, 0x55c3, 0x55c3, 0x55c3, 0x55c3, 0x55c3, 0x55c3, 
	0x55c3, 0x55c3, 0x55c3, 0x55c3, 0x55c3, 0x55c3, 0x55c3, 0x55c3, 0x55c3, 0x55c3, 0x55c3, 0x55c3, 0x55c3, 0x55c3, 0x55c3, 0x55c3, 
	0x55c3, 0x55c3, 0x55c3, 0x55c3, 0x55c3, 0x55c3, 0x55c3, 0x55c3, 0x55c3, 0x55c3, 0x55c3, 0x55c3, 0x55c3, 0x55c3, 0x55c3, 0x55c3, 
	0x55c3, 0x55c3, 0x55c3, 0x55c3, 0x55c3, 0x55c3, 0x55c3, 0x55c3, 0x55c3, 0x55c3, 0x55c3, 0x55c3, 0x55c3, 0x55c3, 0x55c3, 0x55c3, 
	0x55c3, 0x55c3, 0x55c3, 0x55c3, 0x55c3, 0x55c3, 0x55c3, 0x55c3, 0x55c3, 0x55c3, 0x55c3, 0x55c3, 0x55c3, 0x55c3, 0x55c3, 0x55c3, 
	0x55c3, 0x55c3, 0x55c3, 0x55c3, 0x55c3, 0x55c3, 0x55c3, 0x55c3, 0x55c3, 0x55c3, 0x55c3, 0x55c3, 0x55c3, 0x55c3, 0x55c3, 0x55c3, 
	0x55c3, 0x55c3, 0x55c3, 0x55c3, 0x55c3, 0x55c3, 0x55c3, 0x55c3, 0x55c3, 0x55c3, 0x55c3, 0x55c3, 0x55c3, 0x55c3, 0x55c3, 0x55c3, 
	0x55c3, 0x55c3, 0x55c3, 0x55c3, 0x55c3, 0x55c3, 0x55c3, 0x55c3, 0x55c3, 0x55c3, 0x55c3, 0x55c3, 0x55c3, 0x55c3, 0x55c3, 0x55c3, 
	0x55c3, 0x55c3, 0x55c3, 0x55c3, 0x55c3, 0x55c3, 0x55c3, 0x55c3, 0x55c3, 0x55c3, 0x55c3, 0x55c3, 0x55c3, 0x55c3, 0x55c3, 0x55c3, 
	0x55c3, 0x55c3, 0x55c3, 0x55c3, 0x55c3, 0x55c3, 0x55c3, 0x55c3, 0x55c3, 0x55c3, 0x55c3, 0x55c3, 0x55c3, 0x55c3, 0x55c3, 0x55c3, 
	0x55c3, 0x55c3, 0x55c3, 0x55c3, 0x55c3, 0x55c3, 0x55c3, 0x55c3, 0x55c3, 0x55c3, 0x55c3, 0x55c3, 0x55c3, 0x55c3, 0x55c3, 0x55c3, 
	0x55c3, 0x55c3, 0x55c3, 0x55c3, 0x55c3, 0x55c3, 0x55c3, 0x55c3, 0x55c3, 0x55c3, 0x55c3, 0x55c3, 0x55c3, 0x55c3, 0x55c3, 0x55c3, 
	0x55c3, 0x55c3, 0x55c3, 0x55c3, 0x55c3, 0x55c3, 0x55c3, 0x55c3, 0x55c3, 0x55c3, 0x55c3, 0x55c3, 0x55c3, 0x55c3, 0x55c3, 0x55c3, 
	0x55c3, 0x55c3, 0x55c3, 0x55c3, 0x55c3, 0x55c3, 0x55c3, 0x55c3, 0x55c3, 0x55c3, 0x55c3, 0x55c3, 0x55c3, 0x55c3, 0x55c3, 0x55c3, 
	0x55c3, 0x55c3, 0x55c3, 0x55c3, 0x55c3, 0x55c3, 0x55c3, 0x55c3, 0x55c3, 0x55c3, 0x55c3, 0x55c3, 0x55c3, 0x55c3, 0x55c3, 0x55c3, 
	0x55c3, 0x55c3, 0x55c3, 0x55c3, 0x55c3, 0x55c3, 0x55c3, 0x55c3, 0x55c3, 0x55c3, 0x55c3, 0x55c3, 0x55c3, 0x55c3, 0x55c3, 0x55c3, 
	0x55c3, 0x55c3, 0x55c3, 0x55c3, 0x55c3, 0x55c3, 0x55c3, 0x55c3, 0x55c3, 0x55c3, 0x55c3, 0x55c3, 0x55c3, 0x55c3, 0x55c3, 0x55c3, 
	0x55c3, 0x55c3, 0x55c3, 0x55c3, 0x55c3, 0x55c3, 0x55c3, 0x55c3, 0x55c3, 0x55c3, 0x55c3, 0x55c3, 0x55c3, 0x55c3, 0x55c3, 0x55c3, 
	0x55c3, 0x55c3, 0x55c3, 0x55c3, 0x55c3, 0x55c3, 0x55c3, 0x55c3, 0x55c3, 0x55c3, 0x55c3, 0x55c3, 0x55c3, 0x55c3, 0x55c3, 0x55c3, 
	0x55c3, 0x55c3, 0x55c3, 0x55c3, 0x55c3, 0x55c3, 0x55c3, 0x55c3, 0x55c3, 0x55c3, 0x55c3, 0x55c3, 0x55c3, 0x55c3, 0x55c3, 0x55c3, 
	0x55c3, 0x55c3, 0x55c3, 0x55c3, 0x55c3, 0x55c3, 0x55c3, 0x55c3, 0x55c3, 0x55c3, 0x55c3, 0x55c3, 0x55c3, 0x55c3, 0x55c3, 0x55c3, 
	0x55c3, 0x55c3, 0x55c3, 0x55c3, 0x55c3, 0x55c3, 0x55c3, 0x55c3, 0x55c3, 0x55c3, 0x55c3, 0x55c3, 0x55c3, 0x55c3, 0x55c3, 0x55c3, 
	0x55c3, 0x55c3, 0x55c3, 0x55c3, 0x55c3, 0x55c3, 0x55c3, 0x55c3, 0x55c3, 0x55c3, 0x55c3, 0x55c3, 0x55c3, 0x55c3, 0x55c3, 0x55c3, 
	0x55c3, 0x55c3, 0x55c3, 0x55c3, 0x55c3, 0x55c3, 0x55c3, 0x55c3, 0x55c3, 0x55c3, 0x55c3, 0x55c3, 0x55c3, 0x55c3, 0x55c3, 0x55c3, 
	0x55c3, 0x55c3, 0x55c3, 0x55c3, 0x55c3, 0x55c3, 0x55c3, 0x55c3, 0x55c3, 0x55c3, 0x55c3, 0x55c3, 0x55c3, 0x55c3, 0x55c3, 0x55c3, 
	0x55c3, 0x55c3, 0x55c3, 0x55c3, 0x55c3, 0x55c3, 0x55c3, 0x55c3, 0x55c3, 0x55c3, 0x55c3, 0x55c3, 0x55c3, 0x55c3, 0x55c3, 0x55c3, 
	0x55c3, 0x55c3, 0x55c3, 0x55c3, 0x55c3, 0x55c3, 0x55c3, 0x55c3, 0x55c3, 0x55c3, 0x55c3, 0x55c3, 0x55c3, 0x55c3, 0x55c3, 0x55c3, 
	0x55c3, 0x55c3, 0x55c3, 0x55c3, 0x55c3, 0x55c3, 0x55c3, 0x55c3, 0x55c3, 0x55c3, 0x55c3, 0x55c3, 0x55c3, 0x55c3, 0x55c3, 0x55c3, 
	0x55c3, 0x55c3, 0x55c3, 0x55c3, 0x55c3, 0x55c3, 0x55c3, 0x55c3, 0x55c3, 0x55c3, 0x55c3, 0x55c3, 0x55c3, 0x55c3, 0x55c3, 0x55c3, 
	0x55c3, 0x55c3, 0x55c3, 0x55c3, 0x55c3, 0x55c3, 0x55c3, 0x55c3, 0x55c3, 0x55c3, 0x55c3, 0x55c3, 0x55c3, 0x55c3, 0x55c3, 0x55c3, 
	0x55c3, 0x55c3, 0x55c3, 0x55c3, 0x55c3, 0x55c3, 0x55c3, 0x55c3, 0x55c3, 0x55c3, 0x55c3, 0x55c3, 0x55c3, 0x55c3, 0x55c3, 0x55c3, 
	0x55c3, 0x55c3, 0x55c3, 0x55c3, 0x55c3, 0x55c3, 0x55c3, 0x55c3, 0x55c3, 0x55c3, 0x55c3, 0x55c3, 0x55c3, 0x55c3, 0x55c3, 0x55c3, 
	0x55c3, 0x55c3, 0x55c3, 0x55c3, 0x55c3, 0x55c3, 0x55c3, 0x55c3, 0x55c3, 0x55c3, 0x55c3, 0x55c3, 0x55c3, 0x55c3, 0x55c3, 0x55c3, 
	0x55c3, 0x55c3, 0x55c3, 0x55c3, 0x55c3, 0x55c3, 0x55c3, 0x55c3, 0x55c3, 0x55c3, 0x55c3, 0x55c3, 0x55c3, 0x55c3, 0x55c3, 0x55c3, 
	0x55c3, 0x55c3, 0x55c3, 0x55c3, 0x55c3, 0x55c3, 0x55c3, 0x55c3, 0x55c3, 0x55c3, 0x55c3, 0x55c3, 0x55c3, 0x55c3, 0x55c3, 0x55c3, 
	0x55c3, 0x55c3, 0x55c3, 0x55c3, 0x55c3, 0x55c3, 0x55c3, 0x55c3, 0x55c3, 0x55c3, 0x55c3, 0x55c3, 0x55c3, 0x55c3, 0x55c3, 0x55c3, 
	0x55c3, 0x55c3, 0x55c3, 0x55c3, 0x55c3, 0x55c3, 0x55c3, 0x55c3, 0x55c3, 0x55c3, 0x55c3, 0x55c3, 0x55c3, 0x55c3, 0x55c3, 0x55c3, 
	0x55c3, 0x55c3, 0x55c3, 0x55c3, 0x55c3, 0x55c3, 0x55c3, 0x55c3, 0x55c3, 0x55c3, 0x55c3, 0x55c3, 0x55c3, 0x55c3, 0x55c3, 0x55c3, 
	0x55c3, 0x55c3, 0x55c3, 0x55c3, 0x55c3, 0x55c3, 0x55c3, 0x55c3, 0x55c3, 0x55c3, 0x55c3, 0x55c3, 0x55c3, 0x55c3, 0x55c3, 0x55c3, 
	0x55c3, 0x55c3, 0x55c3, 0x55c3, 0x55c3, 0x55c3, 0x55c3, 0x55c3, 0x55c3, 0x55c3, 0x55c3, 0x55c3, 0x55c3, 0x55c3, 0x55c3, 0x55c3, 
	0x55c3, 0x55c3, 0x55c3, 0x55c3, 0x55c3, 0x55c3, 0x55c3, 0x55c3, 0x55c3, 0x55c3, 0x55c3, 0x55c3, 0x55c3, 0x55c3, 0x55c3, 0x55c3, 
	0x55c3, 0x55c3, 0x55c3, 0x55c3, 0x55c3, 0x55c3, 0x55c3, 0x55c3, 0x55c3, 0x55c3, 0x55c3, 0x55c3, 0x55c3, 0x55c3, 0x55c3, 0x55c3, 
	0x55c3, 0x55c3, 0x55c3, 0x55c3, 0x55c3, 0x55c3, 0x55c3, 0x55c3, 0x55c3, 0x55c3, 0x55c3, 0x55c3, 0x55c3, 0x55c3, 0x55c3, 0x55c3, 
	0x55c3, 0x55c3, 0x55c3, 0x55c3, 0x55c3, 0x55c3, 0x55c3, 0x55c3, 0x55c3, 0x55c3, 0x55c3, 0x55c3, 0x55c3, 0x55c3, 0x55c3, 0x55c3, 
	0x55c3, 0x55c3, 0x55c3, 0x55c3, 0x55c3, 0x55c3, 0x55c3, 0x55c3, 0x55c3, 0x55c3, 0x55c3, 0x55c3, 0x55c3, 0x55c3, 0x55c3, 0x55c3, 
	0x55c3, 0x55c3, 0x55c3, 0x55c3, 0x55c3, 0x55c3, 0x55c3, 0x55c3, 0x55c3, 0x55c3, 0x55c3, 0x55c3, 0x55c3, 0x55c3, 0x55c3, 0x55c3, 
	0x55c3, 0x55c3, 0x55c3, 0x55c3, 0x55c3, 0x55c3, 0x55c3, 0x55c3, 0x55c3, 0x55c3, 0x55c3, 0x55c3, 0x55c3, 0x55c3, 0x55c3, 0x55c3, 
	0x55c3, 0x55c3, 0x55c3, 0x55c3, 0x55c3, 0x55c3, 0x55c3, 0x55c3, 0x55c3, 0x55c3, 0x55c3, 0x55c3, 0x55c3, 0x55c3, 0x55c3, 0x55c3, 
	0x55c3, 0x55c3, 0x55c3, 0x55c3, 0x55c3, 0x55c3, 0x55c3, 0x55c3, 0x55c3, 0x55c3, 0x55c3, 0x55c3, 0x55c3, 0x55c3, 0x55c3, 0x55c3, 
	0x55c3, 0x55c3, 0x55c3, 0x55c3, 0x55c3, 0x55c3, 0x55c3, 0x55c3, 0x55c3, 0x55c3, 0x55c3, 0x55c3, 0x55c3, 0x55c3, 0x55c3, 0x55c3, 
	0x55c3, 0x55c3, 0x55c3, 0x55c3, 0x55c3, 0x55c3, 0x55c3, 0x55c3, 0x55c3, 0x55c3, 0x55c3, 0x55c3, 0x55c3, 0x55c3, 0x55c3, 0x55c3, 
	0x55c3, 0x55c3, 0x55c3, 0x55c3, 0x55c3, 0x55c3, 0x55c3, 0x55c3, 0x55c3, 0x55c3, 0x55c3, 0x55c3, 0x55c3, 0x55c3, 0x55c3, 0x55c3, 
	0x55c3, 0x55c3, 0x55c3, 0x55c3, 0x55c3, 0x55c3, 0x55c3, 0x55c3, 0x55c3, 0x55c3, 0x55c3, 0x55c3, 0x55c3, 0x55c3, 0x55c3, 0x55c3, 
	0x55c3, 0x55c3, 0x55c3, 0x55c3, 0x55c3, 0x55c3, 0x55c3, 0x55c3, 0x55c3, 0x55c3, 0x55c3, 0x55c3, 0x55c3, 0x55c3, 0x55c3, 0x55c3, 
	0x55c3, 0x55c3, 0x55c3, 0x55c3, 0x55c3, 0x55c3, 0x55c3, 0x55c3, 0x55c3, 0x55c3, 0x55c3, 0x55c3, 0x55c3, 0x55c3, 0x55c3, 0x55c3, 
	0x55c3, 0x55c3, 0x55c3, 0x55c3, 0x55c3, 0x55c3, 0x55c3, 0x55c3, 0x55c3, 0x55c3, 0x55c3, 0x55c3, 0x55c3, 0x55c3, 0x55c3, 0x55c3, 
	0x55c3, 0x55c3, 0x55c3, 0x55c3, 0x55c3, 0x55c3, 0x55c3, 0x55c3, 0x55c3, 0x55c3, 0x55c3, 0x55c3, 0x55c3, 0x55c3, 0x55c3, 0x55c3, 
	0x55c3, 0x55c3, 0x55c3, 0x55c3, 0x55c3, 0x55c3, 0x55c3, 0x55c3, 0x55c3, 0x55c3, 0x55c3, 0x55c3, 0x55c3, 0x55c3, 0x55c3, 0x55c3, 
	0x55c3, 0x55c3, 0x55c3, 0x55c3, 0x55c3, 0x55c3, 0x55c3, 0x55c3, 0x55c3, 0x55c3, 0x55c3, 0x55c3, 0x55c3, 0x55c3, 0x55c3, 0x55c3, 
	0x55c3, 0x55c3, 0x55c3, 0x55c3, 0x55c3, 0x55c3, 0x55c3, 0x55c3, 0x55c3, 0x55c3, 0x55c3, 0x55c3, 0x55c3, 0x55c3, 0x55c3, 0x55c3, 
	0x55c3, 0x55c3, 0x55c3, 0x55c3, 0x55c3, 0x55c3, 0x55c3, 0x55c3, 0x55c3, 0x55c3, 0x55c3, 0x55c3, 0x55c3, 0x55c3, 0x55c3, 0x55c3, 
	0x55c3, 0x55c3, 0x55c3, 0x55c3, 0x55c3, 0x55c3, 0x55c3, 0x55c3, 0x55c3, 0x55c3, 0x55c3, 0x55c3, 0x55c3, 0x55c3, 0x55c3, 0x55c3, 
	0x55c3, 0x55c3, 0x55c3, 0x55c3, 0x55c3, 0x55c3, 0x55c3, 0x55c3, 0x55c3, 0x55c3, 0x55c3, 0x55c3, 0x55c3, 0x55c3, 0x55c3, 0x55c3, 
	0x55c3, 0x55c3, 0x55c3, 0x55c3, 0x55c3, 0x55c3, 0x55c3, 0x55c3, 0x55c3, 0x55c3, 0x55c3, 0x55c3, 0x55c3, 0x55c3, 0x55c3, 0x55c3, 
	0x55c3, 0x55c3, 0x55c3, 0x55c3, 0x55c3, 0x55c3, 0x55c3, 0x55c3, 0x55c3, 0x55c3, 0x55c3, 0x55c3, 0x55c3, 0x55c3, 0x55c3, 0x55c3, 
	0x55c3, 0x55c3, 0x55c3, 0x55c3, 0x55c3, 0x55c3, 0x55c3, 0x55c3, 0x55c3, 0x55c3, 0x55c3, 0x55c3, 0x55c3, 0x55c3, 0x55c3, 0x55c3, 
	0x55c3, 0x55c3, 0x55c3, 0x55c3, 0x55c3, 0x55c3, 0x55c3, 0x55c3, 0x55c3, 0x55c3, 0x55c3, 0x55c3, 0x55c3, 0x55c3, 0x55c3, 0x55c3, 
	0x55c3, 0x55c3, 0x55c3, 0x55c3, 0x55c3, 0x55c3, 0x55c3, 0x55c3, 0x55c3, 0x55c3, 0x55c3, 0x55c3, 0x55c3, 0x55c3, 0x55c3, 0x55c3, 
	0x55c3, 0x55c3, 0x55c3, 0x55c3, 0x55c3, 0x55c3, 0x55c3, 0x55c3, 0x55c3, 0x55c3, 0x55c3, 0x55c3, 0x55c3, 0x55c3, 0x55c3, 0x55c3, 
	0x55c3, 0x55c3, 0x55c3, 0x55c3, 0x55c3, 0x55c3, 0x55c3, 0x55c3, 0x55c3, 0x55c3, 0x55c3, 0x55c3, 0x55c3, 0x55c3, 0x55c3, 0x55c3, 
	0x55c3, 0x55c3, 0x55c3, 0x55c3, 0x55c3, 0x55c3, 0x55c3, 0x55c3, 0x55c3, 0x55c3, 0x55c3, 0x55c3, 0x55c3, 0x55c3, 0x55c3, 0x55c3, 
	0x55c3, 0x55c3, 0x55c3, 0x55c3, 0x55c3, 0x55c3, 0x55c3, 0x55c3, 0x55c3, 0x55c3, 0x55c3, 0x55c3, 0x55c3, 0x55c3, 0x55c3, 0x55c3, 
	0x55c3, 0x55c3, 0x55c3, 0x55c3, 0x55c3, 0x55c3, 0x55c3, 0x55c3, 0x55c3, 0x55c3, 0x55c3, 0x55c3, 0x55c3, 0x55c3, 0x55c3, 0x55c3, 
	0x55c3, 0x55c3, 0x55c3, 0x55c3, 0x55c3, 0x55c3, 0x55c3, 0x55c3, 0x55c3, 0x55c3, 0x55c3, 0x55c3, 0x55c3, 0x55c3, 0x55c3, 0x55c3, 
	0x55c3, 0x55c3, 0x55c3, 0x55c3, 0x55c3, 0x55c3, 0x55c3, 0x55c3, 0x55c3, 0x55c3, 0x55c3, 0x55c3, 0x55c3, 0x55c3, 0x55c3, 0x55c3, 
	0x55c3, 0x55c3, 0x55c3, 0x55c3, 0x55c3, 0x55c3, 0x55c3, 0x55c3, 0x55c3, 0x55c3, 0x55c3, 0x55c3, 0x55c3, 0x55c3, 0x55c3, 0x55c3, 
	0x55c3, 0x55c3, 0x55c3, 0x55c3, 0x55c3, 0x55c3, 0x55c3, 0x55c3, 0x55c3, 0x55c3, 0x55c3, 0x55c3, 0x55c3, 0x55c3, 0x55c3, 0x55c3, 
	0x55c3, 0x55c3, 0x55c3, 0x55c3, 0x55c3, 0x55c3, 0x55c3, 0x55c3, 0x55c3, 0x55c3, 0x55c3, 0x55c3, 0x55c3, 0x55c3, 0x55c3, 0x55c3, 
	0x55c3, 0x55c3, 0x55c3, 0x55c3, 0x55c3, 0x55c3, 0x55c3, 0x55c3, 0x55c3, 0x55c3, 0x55c3, 0x55c3, 0x55c3, 0x55c3, 0x55c3, 0x55c3, 
	0x55c3, 0x55c3, 0x55c3, 0x55c3, 0x55c3, 0x55c3, 0x55c3, 0x55c3, 0x55c3, 0x55c3, 0x55c3, 0x55c3, 0x55c3, 0x55c3, 0x55c3, 0x55c3, 
	0x55c3, 0x55c3, 0x55c3, 0x55c3, 0x55c3, 0x55c3, 0x55c3, 0x55c3, 0x55c3, 0x55c3, 0x55c3, 0x55c3, 0x55c3, 0x55c3, 0x55c3, 0x55c3, 
	0x55c3, 0x55c3, 0x55c3, 0x55c3, 0x55c3, 0x55c3, 0x55c3, 0x55c3, 0x55c3, 0x55c3, 0x55c3, 0x55c3, 0x55c3, 0x55c3, 0x55c3, 0x55c3, 
	0x55c3, 0x55c3, 0x55c3, 0x55c3, 0x55c3, 0x55c3, 0x55c3, 0x55c3, 0x55c3, 0x55c3, 0x55c3, 0x55c3, 0x55c3, 0x55c3, 0x55c3, 0x55c3, 
	0x55c3, 0x55c3, 0x55c3, 0x55c3, 0x55c3, 0x55c3, 0x55c3, 0x55c3, 0x55c3, 0x55c3, 0x55c3, 0x55c3, 0x55c3, 0x55c3, 0x55c3, 0x55c3, 
	0x55c3, 0x55c3, 0x55c3, 0x55c3, 0x55c3, 0x55c3, 0x55c3, 0x55c3, 0x55c3, 0x55c3, 0x55c3, 0x55c3, 0x55c3, 0x55c3, 0x55c3, 0x55c3, 
	0x55c3, 0x55c3, 0x55c3, 0x55c3, 0x55c3, 0x55c3, 0x55c3, 0x55c3, 0x55c3, 0x55c3, 0x55c3, 0x55c3, 0x55c3, 0x55c3, 0x55c3, 0x55c3, 
	0x55c3, 0x55c3, 0x55c3, 0x55c3, 0x55c3, 0x55c3, 0x55c3, 0x55c3, 0x55c3, 0x55c3, 0x55c3, 0x55c3, 0x55c3, 0x55c3, 0x55c3, 0x55c3, 
	0x55c3, 0x55c3, 0x55c3, 0x55c3, 0x55c3, 0x55c3, 0x55c3, 0x55c3, 0x55c3, 0x55c3, 0x55c3, 0x55c3, 0x55c3, 0x55c3, 0x55c3, 0x55c3, 
	0x55c3, 0x55c3, 0x55c3, 0x55c3, 0x55c3, 0x55c3, 0x55c3, 0x55c3, 0x55c3, 0x55c3, 0x55c3, 0x55c3, 0x55c3, 0x55c3, 0x55c3, 0x55c3, 
	0x55c3, 0x55c3, 0x55c3, 0x55c3, 0x55c3, 0x55c3, 0x55c3, 0x55c3, 0x55c3, 0x55c3, 0x55c3, 0x55c3, 0x55c3, 0x55c3, 0x55c3, 0x55c3, 
	0x55c3, 0x55c3, 0x55c3, 0x55c3, 0x55c3, 0x55c3, 0x55c3, 0x55c3, 0x55c3, 0x55c3, 0x55c3, 0x55c3, 0x55c3, 0x55c3, 0x55c3, 0x55c3, 
	0x55c3, 0x55c3, 0x55c3, 0x55c3, 0x55c3, 0x55c3, 0x55c3, 0x55c3, 0x55c3, 0x55c3, 0x55c3, 0x55c3, 0x55c3, 0x55c3, 0x55c3, 0x55c3, 
	0x55c3, 0x55c3, 0x55c3, 0x55c3, 0x55c3, 0x55c3, 0x55c3, 0x55c3, 0x55c3, 0x55c3, 0x55c3, 0x55c3, 0x55c3, 0x55c3, 0x55c3, 0x55c3, 
	0x55c3, 0x55c3, 0x55c3, 0x55c3, 0x55c3, 0x55c3, 0x55c3, 0x55c3, 0x55c3, 0x55c3, 0x55c3, 0x55c3, 0x55c3, 0x55c3, 0x55c3, 0x55c3, 
	0x55c3, 0x55c3, 0x55c3, 0x55c3, 0x55c3, 0x55c3, 0x55c3, 0x55c3, 0x55c3, 0x55c3, 0x55c3, 0x55c3, 0x55c3, 0x55c3, 0x55c3, 0x55c3, 
	0x55c3, 0x55c3, 0x55c3, 0x55c3, 0x55c3, 0x55c3, 0x55c3, 0x55c3, 0x55c3, 0x55c3, 0x55c3, 0x55c3, 0x55c3, 0x55c3, 0x55c3, 0x55c3, 
	0x55c3, 0x55c3, 0x55c3, 0x55c3, 0x55c3, 0x55c3, 0x55c3, 0x55c3, 0x55c3, 0x55c3, 0x55c3, 0x55c3, 0x55c3, 0x55c3, 0x55c3, 0x55c3, 
	0x55c3, 0x55c3, 0x55c3, 0x55c3, 0x55c3, 0x55c3, 0x55c3, 0x55c3, 0x55c3, 0x55c3, 0x55c3, 0x55c3, 0x55c3, 0x55c3, 0x55c3, 0x55c3, 
	0x55c3, 0x55c3, 0x55c3, 0x55c3, 0x55c3, 0x55c3, 0x55c3, 0x55c3, 0x55c3, 0x55c3, 0x55c3, 0x55c3, 0x55c3, 0x55c3, 0x55c3, 0x55c3
};


